[2026-09-07 16:23:30] local.DEBUG: [vite] connecting... {"url":"http://localhost:8000/","user_agent":"Mozilla/5.0 (Windows NT 10.0; Win64; x64) AppleWebKit/537.36 (KHTML, like Gecko) Code/1.136.1 Chrome/148.0.7778.280 Electron/42.10.0 Safari/537.36","timestamp":"2026-09-07T16:23:29.232Z"} 
[2026-09-07 16:23:44] local.DEBUG: [vite] connecting... {"url":"http://localhost:8000/","user_agent":"Mozilla/5.0 (Windows NT 10.0; Win64; x64; rv:155.0) Gecko/20100101 Firefox/155.0","timestamp":"2026-09-07T16:23:44.008Z"} 
[2026-09-07 16:23:44] local.INFO: %cDownload the React DevTools for a better development experience: https://react.dev/link/react-devtools font-weight:bold {"url":"http://localhost:8000/","user_agent":"Mozilla/5.0 (Windows NT 10.0; Win64; x64; rv:155.0) Gecko/20100101 Firefox/155.0","timestamp":"2026-09-07T16:23:44.016Z"} 
[2026-09-07 16:23:44] local.DEBUG: [vite] connected. {"url":"http://localhost:8000/","user_agent":"Mozilla/5.0 (Windows NT 10.0; Win64; x64; rv:155.0) Gecko/20100101 Firefox/155.0","timestamp":"2026-09-07T16:23:44.033Z"} 
[2026-09-07 16:42:06] local.ERROR: Invalid DOM property `%s`. Did you mean `%s`? stroke-width strokeWidth {"url":"http://localhost:8000/dashboard","user_agent":"Mozilla/5.0 (Windows NT 10.0; Win64; x64; rv:155.0) Gecko/20100101 Firefox/155.0","timestamp":"2026-09-07T16:42:06.433Z"} 
[2026-09-07 16:46:40] local.DEBUG: [vite] connecting... {"url":"http://localhost:8000/dashboard","user_agent":"Mozilla/5.0 (Windows NT 10.0; Win64; x64; rv:155.0) Gecko/20100101 Firefox/155.0","timestamp":"2026-09-07T16:46:40.277Z"} 
[2026-09-07 16:46:40] local.DEBUG: [vite] connected. {"url":"http://localhost:8000/dashboard","user_agent":"Mozilla/5.0 (Windows NT 10.0; Win64; x64; rv:155.0) Gecko/20100101 Firefox/155.0","timestamp":"2026-09-07T16:46:40.289Z"} 
[2026-09-07 16:46:45] local.INFO: %cDownload the React DevTools for a better development experience: https://react.dev/link/react-devtools font-weight:bold {"url":"http://localhost:8000/dashboard","user_agent":"Mozilla/5.0 (Windows NT 10.0; Win64; x64; rv:155.0) Gecko/20100101 Firefox/155.0","timestamp":"2026-09-07T16:46:44.978Z"} 
[2026-09-07 16:46:45] local.ERROR: Invalid DOM property `%s`. Did you mean `%s`? stroke-width strokeWidth {"url":"http://localhost:8000/dashboard","user_agent":"Mozilla/5.0 (Windows NT 10.0; Win64; x64; rv:155.0) Gecko/20100101 Firefox/155.0","timestamp":"2026-09-07T16:46:45.001Z"} 
[2026-09-07 17:09:41] local.DEBUG: [vite] connecting... {"url":"http://localhost:8000/settings/profile","user_agent":"Mozilla/5.0 (Windows NT 10.0; Win64; x64; rv:155.0) Gecko/20100101 Firefox/155.0","timestamp":"2026-09-07T17:09:41.625Z"} 
[2026-09-07 17:09:41] local.DEBUG: [vite] connected. {"url":"http://localhost:8000/settings/profile","user_agent":"Mozilla/5.0 (Windows NT 10.0; Win64; x64; rv:155.0) Gecko/20100101 Firefox/155.0","timestamp":"2026-09-07T17:09:41.633Z"} 
[2026-09-07 17:09:47] local.INFO: %cDownload the React DevTools for a better development experience: https://react.dev/link/react-devtools font-weight:bold {"url":"http://localhost:8000/settings/profile","user_agent":"Mozilla/5.0 (Windows NT 10.0; Win64; x64; rv:155.0) Gecko/20100101 Firefox/155.0","timestamp":"2026-09-07T17:09:46.495Z"} 
[2026-09-07 17:10:30] local.DEBUG: [vite] connecting... {"url":"http://localhost:8000/settings/profile","user_agent":"Mozilla/5.0 (Windows NT 10.0; Win64; x64; rv:155.0) Gecko/20100101 Firefox/155.0","timestamp":"2026-09-07T17:10:30.583Z"} 
[2026-09-07 17:10:30] local.INFO: %cDownload the React DevTools for a better development experience: https://react.dev/link/react-devtools font-weight:bold {"url":"http://localhost:8000/settings/profile","user_agent":"Mozilla/5.0 (Windows NT 10.0; Win64; x64; rv:155.0) Gecko/20100101 Firefox/155.0","timestamp":"2026-09-07T17:10:30.610Z"} 
[2026-09-07 17:10:30] local.DEBUG: [vite] connected. {"url":"http://localhost:8000/settings/profile","user_agent":"Mozilla/5.0 (Windows NT 10.0; Win64; x64; rv:155.0) Gecko/20100101 Firefox/155.0","timestamp":"2026-09-07T17:10:30.613Z"} 
[2026-09-07 17:10:35] local.ERROR: Invalid DOM property `%s`. Did you mean `%s`? stroke-width strokeWidth {"url":"http://localhost:8000/dashboard","user_agent":"Mozilla/5.0 (Windows NT 10.0; Win64; x64; rv:155.0) Gecko/20100101 Firefox/155.0","timestamp":"2026-09-07T17:10:35.729Z"} 
[2026-09-07 17:12:26] local.DEBUG: [vite] connecting... {"url":"http://localhost:8000/settings/profile","user_agent":"Mozilla/5.0 (Windows NT 10.0; Win64; x64; rv:155.0) Gecko/20100101 Firefox/155.0","timestamp":"2026-09-07T17:12:25.745Z"} 
[2026-09-07 17:12:26] local.DEBUG: [vite] connected. {"url":"http://localhost:8000/settings/profile","user_agent":"Mozilla/5.0 (Windows NT 10.0; Win64; x64; rv:155.0) Gecko/20100101 Firefox/155.0","timestamp":"2026-09-07T17:12:25.755Z"} 
[2026-09-07 17:12:27] local.INFO: %cDownload the React DevTools for a better development experience: https://react.dev/link/react-devtools font-weight:bold {"url":"http://localhost:8000/settings/profile","user_agent":"Mozilla/5.0 (Windows NT 10.0; Win64; x64; rv:155.0) Gecko/20100101 Firefox/155.0","timestamp":"2026-09-07T17:12:26.607Z"} 
[2026-09-07 18:10:35] local.DEBUG: [vite] connecting... {"url":"http://localhost:8000/","user_agent":"Mozilla/5.0 (Windows NT 10.0; Win64; x64; rv:155.0) Gecko/20100101 Firefox/155.0","timestamp":"2026-09-07T18:10:35.109Z"} 
[2026-09-07 18:10:35] local.DEBUG: [vite] connected. {"url":"http://localhost:8000/","user_agent":"Mozilla/5.0 (Windows NT 10.0; Win64; x64; rv:155.0) Gecko/20100101 Firefox/155.0","timestamp":"2026-09-07T18:10:35.472Z"} 
[2026-09-07 18:10:36] local.INFO: %cDownload the React DevTools for a better development experience: https://react.dev/link/react-devtools font-weight:bold {"url":"http://localhost:8000/","user_agent":"Mozilla/5.0 (Windows NT 10.0; Win64; x64; rv:155.0) Gecko/20100101 Firefox/155.0","timestamp":"2026-09-07T18:10:36.046Z"} 
[2026-09-07 18:25:06] local.DEBUG: [vite] connecting... {"url":"http://localhost:8000/","user_agent":"Mozilla/5.0 (Windows NT 10.0; Win64; x64; rv:155.0) Gecko/20100101 Firefox/155.0","timestamp":"2026-09-07T18:25:06.497Z"} 
[2026-09-07 18:25:07] local.DEBUG: [vite] connected. {"url":"http://localhost:8000/","user_agent":"Mozilla/5.0 (Windows NT 10.0; Win64; x64; rv:155.0) Gecko/20100101 Firefox/155.0","timestamp":"2026-09-07T18:25:06.833Z"} 
[2026-09-07 18:25:07] local.INFO: %cDownload the React DevTools for a better development experience: https://react.dev/link/react-devtools font-weight:bold {"url":"http://localhost:8000/","user_agent":"Mozilla/5.0 (Windows NT 10.0; Win64; x64; rv:155.0) Gecko/20100101 Firefox/155.0","timestamp":"2026-09-07T18:25:07.275Z"} 
[2026-09-07 18:34:24] local.DEBUG: [vite] connecting... {"url":"http://localhost:8000/","user_agent":"Mozilla/5.0 (Windows NT 10.0; Win64; x64; rv:155.0) Gecko/20100101 Firefox/155.0","timestamp":"2026-09-07T18:34:24.340Z"} 
[2026-09-07 18:34:24] local.INFO: %cDownload the React DevTools for a better development experience: https://react.dev/link/react-devtools font-weight:bold {"url":"http://localhost:8000/","user_agent":"Mozilla/5.0 (Windows NT 10.0; Win64; x64; rv:155.0) Gecko/20100101 Firefox/155.0","timestamp":"2026-09-07T18:34:24.346Z"} 
[2026-09-07 18:34:24] local.DEBUG: [vite] connected. {"url":"http://localhost:8000/","user_agent":"Mozilla/5.0 (Windows NT 10.0; Win64; x64; rv:155.0) Gecko/20100101 Firefox/155.0","timestamp":"2026-09-07T18:34:24.363Z"} 
[2026-09-07 18:36:45] local.DEBUG: [vite] hot updated: /resources/js/pages/welcome.tsx {"url":"http://localhost:8000/","user_agent":"Mozilla/5.0 (Windows NT 10.0; Win64; x64; rv:155.0) Gecko/20100101 Firefox/155.0","timestamp":"2026-09-07T18:36:44.689Z"} 
[2026-09-07 18:36:45] local.DEBUG: [vite] hot updated: /resources/css/app.css {"url":"http://localhost:8000/","user_agent":"Mozilla/5.0 (Windows NT 10.0; Win64; x64; rv:155.0) Gecko/20100101 Firefox/155.0","timestamp":"2026-09-07T18:36:44.689Z"} 
[2026-09-07 18:36:46] local.DEBUG: [vite] connecting... {"url":"http://localhost:8000/","user_agent":"Mozilla/5.0 (Windows NT 10.0; Win64; x64; rv:155.0) Gecko/20100101 Firefox/155.0","timestamp":"2026-09-07T18:36:46.074Z"} 
[2026-09-07 18:36:46] local.INFO: %cDownload the React DevTools for a better development experience: https://react.dev/link/react-devtools font-weight:bold {"url":"http://localhost:8000/","user_agent":"Mozilla/5.0 (Windows NT 10.0; Win64; x64; rv:155.0) Gecko/20100101 Firefox/155.0","timestamp":"2026-09-07T18:36:46.081Z"} 
[2026-09-07 18:36:46] local.DEBUG: [vite] connected. {"url":"http://localhost:8000/","user_agent":"Mozilla/5.0 (Windows NT 10.0; Win64; x64; rv:155.0) Gecko/20100101 Firefox/155.0","timestamp":"2026-09-07T18:36:46.085Z"} 
[2026-09-07 18:43:42] local.ERROR: Invalid DOM property `%s`. Did you mean `%s`? stroke-width strokeWidth {"url":"http://localhost:8000/dashboard","user_agent":"Mozilla/5.0 (Windows NT 10.0; Win64; x64; rv:155.0) Gecko/20100101 Firefox/155.0","timestamp":"2026-09-07T18:43:42.663Z"} 
[2026-09-07 18:43:47] local.DEBUG: [vite] connecting... {"url":"http://localhost:8000/","user_agent":"Mozilla/5.0 (Windows NT 10.0; Win64; x64; rv:155.0) Gecko/20100101 Firefox/155.0","timestamp":"2026-09-07T18:43:47.147Z"} 
[2026-09-07 18:43:47] local.INFO: %cDownload the React DevTools for a better development experience: https://react.dev/link/react-devtools font-weight:bold {"url":"http://localhost:8000/","user_agent":"Mozilla/5.0 (Windows NT 10.0; Win64; x64; rv:155.0) Gecko/20100101 Firefox/155.0","timestamp":"2026-09-07T18:43:47.152Z"} 
[2026-09-07 18:43:47] local.DEBUG: [vite] connected. {"url":"http://localhost:8000/","user_agent":"Mozilla/5.0 (Windows NT 10.0; Win64; x64; rv:155.0) Gecko/20100101 Firefox/155.0","timestamp":"2026-09-07T18:43:47.155Z"} 
[2026-09-07 18:44:54] local.ERROR: Invalid DOM property `%s`. Did you mean `%s`? stroke-width strokeWidth {"url":"http://localhost:8000/dashboard","user_agent":"Mozilla/5.0 (Windows NT 10.0; Win64; x64; rv:155.0) Gecko/20100101 Firefox/155.0","timestamp":"2026-09-07T18:44:54.275Z"} 
[2026-09-07 18:49:29] local.DEBUG: [vite] connecting... {"url":"http://localhost:8000/","user_agent":"Mozilla/5.0 (Windows NT 10.0; Win64; x64; rv:155.0) Gecko/20100101 Firefox/155.0","timestamp":"2026-09-07T18:49:29.707Z"} 
[2026-09-07 18:49:29] local.INFO: %cDownload the React DevTools for a better development experience: https://react.dev/link/react-devtools font-weight:bold {"url":"http://localhost:8000/","user_agent":"Mozilla/5.0 (Windows NT 10.0; Win64; x64; rv:155.0) Gecko/20100101 Firefox/155.0","timestamp":"2026-09-07T18:49:29.713Z"} 
[2026-09-07 18:49:29] local.DEBUG: [vite] connected. {"url":"http://localhost:8000/","user_agent":"Mozilla/5.0 (Windows NT 10.0; Win64; x64; rv:155.0) Gecko/20100101 Firefox/155.0","timestamp":"2026-09-07T18:49:29.715Z"} 
[2026-09-07 18:50:05] local.DEBUG: [vite] hot updated: /resources/js/pages/welcome.tsx {"url":"http://localhost:8000/","user_agent":"Mozilla/5.0 (Windows NT 10.0; Win64; x64; rv:155.0) Gecko/20100101 Firefox/155.0","timestamp":"2026-09-07T18:50:04.926Z"} 
[2026-09-07 18:50:05] local.DEBUG: [vite] hot updated: /resources/css/app.css {"url":"http://localhost:8000/","user_agent":"Mozilla/5.0 (Windows NT 10.0; Win64; x64; rv:155.0) Gecko/20100101 Firefox/155.0","timestamp":"2026-09-07T18:50:04.926Z"} 
[2026-09-07 18:50:13] local.DEBUG: [vite] hot updated: /resources/js/pages/welcome.tsx {"url":"http://localhost:8000/","user_agent":"Mozilla/5.0 (Windows NT 10.0; Win64; x64; rv:155.0) Gecko/20100101 Firefox/155.0","timestamp":"2026-09-07T18:50:13.314Z"} 
[2026-09-07 18:50:13] local.DEBUG: [vite] hot updated: /resources/css/app.css {"url":"http://localhost:8000/","user_agent":"Mozilla/5.0 (Windows NT 10.0; Win64; x64; rv:155.0) Gecko/20100101 Firefox/155.0","timestamp":"2026-09-07T18:50:13.314Z"} 
[2026-09-07 18:50:21] local.DEBUG: [vite] hot updated: /resources/js/pages/welcome.tsx {"url":"http://localhost:8000/","user_agent":"Mozilla/5.0 (Windows NT 10.0; Win64; x64; rv:155.0) Gecko/20100101 Firefox/155.0","timestamp":"2026-09-07T18:50:20.069Z"} 
[2026-09-07 18:50:21] local.DEBUG: [vite] hot updated: /resources/css/app.css {"url":"http://localhost:8000/","user_agent":"Mozilla/5.0 (Windows NT 10.0; Win64; x64; rv:155.0) Gecko/20100101 Firefox/155.0","timestamp":"2026-09-07T18:50:20.069Z"} 
[2026-09-07 18:50:31] local.DEBUG: [vite] hot updated: /resources/js/pages/welcome.tsx {"url":"http://localhost:8000/","user_agent":"Mozilla/5.0 (Windows NT 10.0; Win64; x64; rv:155.0) Gecko/20100101 Firefox/155.0","timestamp":"2026-09-07T18:50:31.716Z"} 
[2026-09-07 18:50:31] local.DEBUG: [vite] hot updated: /resources/css/app.css {"url":"http://localhost:8000/","user_agent":"Mozilla/5.0 (Windows NT 10.0; Win64; x64; rv:155.0) Gecko/20100101 Firefox/155.0","timestamp":"2026-09-07T18:50:31.716Z"} 
[2026-09-07 18:51:05] local.DEBUG: [vite] hot updated: /resources/js/pages/welcome.tsx {"url":"http://localhost:8000/","user_agent":"Mozilla/5.0 (Windows NT 10.0; Win64; x64; rv:155.0) Gecko/20100101 Firefox/155.0","timestamp":"2026-09-07T18:51:05.194Z"} 
[2026-09-07 18:51:05] local.DEBUG: [vite] hot updated: /resources/css/app.css {"url":"http://localhost:8000/","user_agent":"Mozilla/5.0 (Windows NT 10.0; Win64; x64; rv:155.0) Gecko/20100101 Firefox/155.0","timestamp":"2026-09-07T18:51:05.194Z"} 
[2026-09-07 20:37:40] local.DEBUG: [vite] hot updated: /resources/js/pages/welcome.tsx {"url":"http://localhost:8000/","user_agent":"Mozilla/5.0 (Windows NT 10.0; Win64; x64; rv:155.0) Gecko/20100101 Firefox/155.0","timestamp":"2026-09-07T20:37:38.061Z"} 
[2026-09-07 20:37:40] local.DEBUG: [vite] hot updated: /resources/css/app.css {"url":"http://localhost:8000/","user_agent":"Mozilla/5.0 (Windows NT 10.0; Win64; x64; rv:155.0) Gecko/20100101 Firefox/155.0","timestamp":"2026-09-07T20:37:38.062Z"} 
[2026-09-07 20:38:18] local.DEBUG: [vite] hot updated: /resources/js/pages/welcome.tsx {"url":"http://localhost:8000/","user_agent":"Mozilla/5.0 (Windows NT 10.0; Win64; x64; rv:155.0) Gecko/20100101 Firefox/155.0","timestamp":"2026-09-07T20:38:18.080Z"} 
[2026-09-07 20:38:18] local.DEBUG: [vite] hot updated: /resources/css/app.css {"url":"http://localhost:8000/","user_agent":"Mozilla/5.0 (Windows NT 10.0; Win64; x64; rv:155.0) Gecko/20100101 Firefox/155.0","timestamp":"2026-09-07T20:38:18.080Z"} 
[2026-09-09 17:08:47] local.DEBUG: [vite] connecting... {"url":"http://localhost:8000/","user_agent":"Mozilla/5.0 (Windows NT 10.0; Win64; x64; rv:155.0) Gecko/20100101 Firefox/155.0","timestamp":"2026-09-09T17:08:47.532Z"} 
[2026-09-09 17:08:47] local.DEBUG: [vite] connected. {"url":"http://localhost:8000/","user_agent":"Mozilla/5.0 (Windows NT 10.0; Win64; x64; rv:155.0) Gecko/20100101 Firefox/155.0","timestamp":"2026-09-09T17:08:47.538Z"} 
[2026-09-09 17:08:52] local.INFO: %cDownload the React DevTools for a better development experience: https://react.dev/link/react-devtools font-weight:bold {"url":"http://localhost:8000/","user_agent":"Mozilla/5.0 (Windows NT 10.0; Win64; x64; rv:155.0) Gecko/20100101 Firefox/155.0","timestamp":"2026-09-09T17:08:51.772Z"} 
[2026-09-09 17:09:56] local.DEBUG: [vite] connecting... {"url":"http://localhost:8000/register","user_agent":"Mozilla/5.0 (Windows NT 10.0; Win64; x64; rv:155.0) Gecko/20100101 Firefox/155.0","timestamp":"2026-09-09T17:09:55.806Z"} 
[2026-09-09 17:09:56] local.DEBUG: [vite] connected. {"url":"http://localhost:8000/register","user_agent":"Mozilla/5.0 (Windows NT 10.0; Win64; x64; rv:155.0) Gecko/20100101 Firefox/155.0","timestamp":"2026-09-09T17:09:55.810Z"} 
[2026-09-09 17:11:13] local.DEBUG: [vite] connecting... {"url":"http://localhost:8000/register","user_agent":"Mozilla/5.0 (Windows NT 10.0; Win64; x64; rv:155.0) Gecko/20100101 Firefox/155.0","timestamp":"2026-09-09T17:11:13.739Z"} 
[2026-09-09 17:11:13] local.DEBUG: [vite] connected. {"url":"http://localhost:8000/register","user_agent":"Mozilla/5.0 (Windows NT 10.0; Win64; x64; rv:155.0) Gecko/20100101 Firefox/155.0","timestamp":"2026-09-09T17:11:13.745Z"} 
[2026-09-09 17:33:01] local.DEBUG: [vite] connecting... {"url":"http://localhost:8000/","user_agent":"Mozilla/5.0 (Windows NT 10.0; Win64; x64; rv:155.0) Gecko/20100101 Firefox/155.0","timestamp":"2026-09-09T17:33:01.209Z"} 
[2026-09-09 17:33:01] local.DEBUG: [vite] connected. {"url":"http://localhost:8000/","user_agent":"Mozilla/5.0 (Windows NT 10.0; Win64; x64; rv:155.0) Gecko/20100101 Firefox/155.0","timestamp":"2026-09-09T17:33:01.232Z"} 
[2026-09-09 17:33:06] local.INFO: %cDownload the React DevTools for a better development experience: https://react.dev/link/react-devtools font-weight:bold {"url":"http://localhost:8000/","user_agent":"Mozilla/5.0 (Windows NT 10.0; Win64; x64; rv:155.0) Gecko/20100101 Firefox/155.0","timestamp":"2026-09-09T17:33:05.643Z"} 
[2026-09-09 17:33:46] local.DEBUG: [vite] hot updated: /resources/js/pages/welcome.tsx {"url":"http://localhost:8000/","user_agent":"Mozilla/5.0 (Windows NT 10.0; Win64; x64; rv:155.0) Gecko/20100101 Firefox/155.0","timestamp":"2026-09-09T17:33:46.355Z"} 
[2026-09-09 17:33:46] local.DEBUG: [vite] hot updated: /resources/css/app.css {"url":"http://localhost:8000/","user_agent":"Mozilla/5.0 (Windows NT 10.0; Win64; x64; rv:155.0) Gecko/20100101 Firefox/155.0","timestamp":"2026-09-09T17:33:46.355Z"} 
[2026-09-09 17:39:56] local.DEBUG: [vite] connecting... {"url":"http://localhost:8000/register","user_agent":"Mozilla/5.0 (Windows NT 10.0; Win64; x64; rv:155.0) Gecko/20100101 Firefox/155.0","timestamp":"2026-09-09T17:39:56.618Z"} 
[2026-09-09 17:39:56] local.DEBUG: [vite] connected. {"url":"http://localhost:8000/register","user_agent":"Mozilla/5.0 (Windows NT 10.0; Win64; x64; rv:155.0) Gecko/20100101 Firefox/155.0","timestamp":"2026-09-09T17:39:56.623Z"} 
[2026-09-09 17:45:40] local.DEBUG: [vite] connecting... {"url":"http://localhost:8000/register","user_agent":"Mozilla/5.0 (Windows NT 10.0; Win64; x64; rv:155.0) Gecko/20100101 Firefox/155.0","timestamp":"2026-09-09T17:45:40.588Z"} 
[2026-09-09 17:45:40] local.DEBUG: [vite] connected. {"url":"http://localhost:8000/register","user_agent":"Mozilla/5.0 (Windows NT 10.0; Win64; x64; rv:155.0) Gecko/20100101 Firefox/155.0","timestamp":"2026-09-09T17:45:40.594Z"} 
[2026-09-09 17:45:44] local.INFO: %cDownload the React DevTools for a better development experience: https://react.dev/link/react-devtools font-weight:bold {"url":"http://localhost:8000/register","user_agent":"Mozilla/5.0 (Windows NT 10.0; Win64; x64; rv:155.0) Gecko/20100101 Firefox/155.0","timestamp":"2026-09-09T17:45:44.486Z"} 
[2026-09-09 17:54:58] local.DEBUG: [vite] connecting... {"url":"http://localhost:8000/orcamento","user_agent":"Mozilla/5.0 (Windows NT 10.0; Win64; x64; rv:155.0) Gecko/20100101 Firefox/155.0","timestamp":"2026-09-09T17:54:58.473Z"} 
[2026-09-09 17:54:58] local.INFO: %cDownload the React DevTools for a better development experience: https://react.dev/link/react-devtools font-weight:bold {"url":"http://localhost:8000/orcamento","user_agent":"Mozilla/5.0 (Windows NT 10.0; Win64; x64; rv:155.0) Gecko/20100101 Firefox/155.0","timestamp":"2026-09-09T17:54:58.482Z"} 
[2026-09-09 17:54:58] local.DEBUG: [vite] connected. {"url":"http://localhost:8000/orcamento","user_agent":"Mozilla/5.0 (Windows NT 10.0; Win64; x64; rv:155.0) Gecko/20100101 Firefox/155.0","timestamp":"2026-09-09T17:54:58.491Z"} 
[2026-09-12 21:19:37] local.DEBUG: [vite] connecting... {"url":"http://localhost:8000/","user_agent":"Mozilla/5.0 (Windows NT 10.0; Win64; x64; rv:155.0) Gecko/20100101 Firefox/155.0","timestamp":"2026-09-12T21:19:37.369Z"} 
[2026-09-12 21:19:37] local.DEBUG: [vite] connected. {"url":"http://localhost:8000/","user_agent":"Mozilla/5.0 (Windows NT 10.0; Win64; x64; rv:155.0) Gecko/20100101 Firefox/155.0","timestamp":"2026-09-12T21:19:37.389Z"} 
[2026-09-12 21:19:38] local.INFO: %cDownload the React DevTools for a better development experience: https://react.dev/link/react-devtools font-weight:bold {"url":"http://localhost:8000/","user_agent":"Mozilla/5.0 (Windows NT 10.0; Win64; x64; rv:155.0) Gecko/20100101 Firefox/155.0","timestamp":"2026-09-12T21:19:37.894Z"} 
[2026-09-12 21:26:55] local.DEBUG: [vite] connecting... {"url":"http://localhost:8000/","user_agent":"Mozilla/5.0 (Windows NT 10.0; Win64; x64; rv:155.0) Gecko/20100101 Firefox/155.0","timestamp":"2026-09-12T21:26:54.833Z"} 
[2026-09-12 21:26:55] local.DEBUG: [vite] connected. {"url":"http://localhost:8000/","user_agent":"Mozilla/5.0 (Windows NT 10.0; Win64; x64; rv:155.0) Gecko/20100101 Firefox/155.0","timestamp":"2026-09-12T21:26:54.838Z"} 
[2026-09-12 21:26:55] local.INFO: %cDownload the React DevTools for a better development experience: https://react.dev/link/react-devtools font-weight:bold {"url":"http://localhost:8000/","user_agent":"Mozilla/5.0 (Windows NT 10.0; Win64; x64; rv:155.0) Gecko/20100101 Firefox/155.0","timestamp":"2026-09-12T21:26:55.597Z"} 
[2026-09-12 21:43:49] local.DEBUG: [vite] hot updated: /resources/css/app.css {"url":"http://localhost:8000/","user_agent":"Mozilla/5.0 (Windows NT 10.0; Win64; x64; rv:155.0) Gecko/20100101 Firefox/155.0","timestamp":"2026-09-12T21:43:48.732Z"} 
[2026-09-12 21:44:15] local.DEBUG: [vite] hot updated: /resources/css/app.css {"url":"http://localhost:8000/","user_agent":"Mozilla/5.0 (Windows NT 10.0; Win64; x64; rv:155.0) Gecko/20100101 Firefox/155.0","timestamp":"2026-09-12T21:44:14.940Z"} 
[2026-09-12 21:45:00] local.DEBUG: [vite] hot updated: /resources/js/pages/welcome.tsx {"url":"http://localhost:8000/","user_agent":"Mozilla/5.0 (Windows NT 10.0; Win64; x64; rv:155.0) Gecko/20100101 Firefox/155.0","timestamp":"2026-09-12T21:44:58.292Z"} 
[2026-09-12 21:45:00] local.DEBUG: [vite] hot updated: /resources/css/app.css {"url":"http://localhost:8000/","user_agent":"Mozilla/5.0 (Windows NT 10.0; Win64; x64; rv:155.0) Gecko/20100101 Firefox/155.0","timestamp":"2026-09-12T21:44:58.292Z"} 
[2026-09-12 21:45:11] local.DEBUG: [vite] hot updated: /resources/js/pages/welcome.tsx {"url":"http://localhost:8000/","user_agent":"Mozilla/5.0 (Windows NT 10.0; Win64; x64; rv:155.0) Gecko/20100101 Firefox/155.0","timestamp":"2026-09-12T21:45:11.173Z"} 
[2026-09-12 21:45:11] local.DEBUG: [vite] hot updated: /resources/css/app.css {"url":"http://localhost:8000/","user_agent":"Mozilla/5.0 (Windows NT 10.0; Win64; x64; rv:155.0) Gecko/20100101 Firefox/155.0","timestamp":"2026-09-12T21:45:11.173Z"} 
[2026-09-12 21:45:15] local.DEBUG: [vite] connecting... {"url":"http://localhost:8000/","user_agent":"Mozilla/5.0 (Windows NT 10.0; Win64; x64; rv:155.0) Gecko/20100101 Firefox/155.0","timestamp":"2026-09-12T21:45:15.247Z"} 
[2026-09-12 21:45:15] local.INFO: %cDownload the React DevTools for a better development experience: https://react.dev/link/react-devtools font-weight:bold {"url":"http://localhost:8000/","user_agent":"Mozilla/5.0 (Windows NT 10.0; Win64; x64; rv:155.0) Gecko/20100101 Firefox/155.0","timestamp":"2026-09-12T21:45:15.254Z"} 
[2026-09-12 21:45:15] local.DEBUG: [vite] connected. {"url":"http://localhost:8000/","user_agent":"Mozilla/5.0 (Windows NT 10.0; Win64; x64; rv:155.0) Gecko/20100101 Firefox/155.0","timestamp":"2026-09-12T21:45:15.262Z"} 
[2026-09-12 21:45:31] local.DEBUG: [vite] hot updated: /resources/js/pages/welcome.tsx {"url":"http://localhost:8000/","user_agent":"Mozilla/5.0 (Windows NT 10.0; Win64; x64; rv:155.0) Gecko/20100101 Firefox/155.0","timestamp":"2026-09-12T21:45:30.860Z"} 
[2026-09-12 21:45:31] local.DEBUG: [vite] hot updated: /resources/css/app.css {"url":"http://localhost:8000/","user_agent":"Mozilla/5.0 (Windows NT 10.0; Win64; x64; rv:155.0) Gecko/20100101 Firefox/155.0","timestamp":"2026-09-12T21:45:30.860Z"} 
[2026-09-12 21:45:34] local.DEBUG: [vite] hot updated: /resources/js/pages/welcome.tsx {"url":"http://localhost:8000/","user_agent":"Mozilla/5.0 (Windows NT 10.0; Win64; x64; rv:155.0) Gecko/20100101 Firefox/155.0","timestamp":"2026-09-12T21:45:34.174Z"} 
[2026-09-12 21:45:34] local.DEBUG: [vite] hot updated: /resources/css/app.css {"url":"http://localhost:8000/","user_agent":"Mozilla/5.0 (Windows NT 10.0; Win64; x64; rv:155.0) Gecko/20100101 Firefox/155.0","timestamp":"2026-09-12T21:45:34.174Z"} 
[2026-09-12 21:45:37] local.DEBUG: [vite] hot updated: /resources/js/pages/welcome.tsx {"url":"http://localhost:8000/","user_agent":"Mozilla/5.0 (Windows NT 10.0; Win64; x64; rv:155.0) Gecko/20100101 Firefox/155.0","timestamp":"2026-09-12T21:45:37.551Z"} 
[2026-09-12 21:45:37] local.DEBUG: [vite] hot updated: /resources/css/app.css {"url":"http://localhost:8000/","user_agent":"Mozilla/5.0 (Windows NT 10.0; Win64; x64; rv:155.0) Gecko/20100101 Firefox/155.0","timestamp":"2026-09-12T21:45:37.551Z"} 
[2026-09-12 21:50:23] local.DEBUG: [vite] connecting... {"url":"http://localhost:8000/","user_agent":"Mozilla/5.0 (Windows NT 10.0; Win64; x64; rv:155.0) Gecko/20100101 Firefox/155.0","timestamp":"2026-09-12T21:50:22.058Z"} 
[2026-09-12 21:50:23] local.DEBUG: [vite] connected. {"url":"http://localhost:8000/","user_agent":"Mozilla/5.0 (Windows NT 10.0; Win64; x64; rv:155.0) Gecko/20100101 Firefox/155.0","timestamp":"2026-09-12T21:50:22.082Z"} 
[2026-09-12 21:50:23] local.INFO: %cDownload the React DevTools for a better development experience: https://react.dev/link/react-devtools font-weight:bold {"url":"http://localhost:8000/","user_agent":"Mozilla/5.0 (Windows NT 10.0; Win64; x64; rv:155.0) Gecko/20100101 Firefox/155.0","timestamp":"2026-09-12T21:50:22.092Z"} 
[2026-09-12 21:51:14] local.DEBUG: [vite] connecting... {"url":"http://localhost:8000/","user_agent":"Mozilla/5.0 (Windows NT 10.0; Win64; x64; rv:155.0) Gecko/20100101 Firefox/155.0","timestamp":"2026-09-12T21:51:13.042Z"} 
[2026-09-12 21:51:14] local.DEBUG: [vite] connected. {"url":"http://localhost:8000/","user_agent":"Mozilla/5.0 (Windows NT 10.0; Win64; x64; rv:155.0) Gecko/20100101 Firefox/155.0","timestamp":"2026-09-12T21:51:13.065Z"} 
[2026-09-12 21:51:14] local.INFO: %cDownload the React DevTools for a better development experience: https://react.dev/link/react-devtools font-weight:bold {"url":"http://localhost:8000/","user_agent":"Mozilla/5.0 (Windows NT 10.0; Win64; x64; rv:155.0) Gecko/20100101 Firefox/155.0","timestamp":"2026-09-12T21:51:13.074Z"} 
[2026-09-12 21:51:45] local.DEBUG: [vite] hot updated: /resources/css/app.css {"url":"http://localhost:8000/","user_agent":"Mozilla/5.0 (Windows NT 10.0; Win64; x64; rv:155.0) Gecko/20100101 Firefox/155.0","timestamp":"2026-09-12T21:51:45.716Z"} 
[2026-09-12 21:52:25] local.DEBUG: [vite] hot updated: /resources/css/app.css {"url":"http://localhost:8000/","user_agent":"Mozilla/5.0 (Windows NT 10.0; Win64; x64; rv:155.0) Gecko/20100101 Firefox/155.0","timestamp":"2026-09-12T21:52:24.057Z"} 
[2026-09-12 21:53:12] local.DEBUG: [vite] hot updated: /resources/css/app.css {"url":"http://localhost:8000/","user_agent":"Mozilla/5.0 (Windows NT 10.0; Win64; x64; rv:155.0) Gecko/20100101 Firefox/155.0","timestamp":"2026-09-12T21:53:11.786Z"} 
[2026-09-12 21:53:16] local.DEBUG: [vite] connecting... {"url":"http://localhost:8000/","user_agent":"Mozilla/5.0 (Windows NT 10.0; Win64; x64; rv:155.0) Gecko/20100101 Firefox/155.0","timestamp":"2026-09-12T21:53:16.276Z"} 
[2026-09-12 21:53:16] local.INFO: %cDownload the React DevTools for a better development experience: https://react.dev/link/react-devtools font-weight:bold {"url":"http://localhost:8000/","user_agent":"Mozilla/5.0 (Windows NT 10.0; Win64; x64; rv:155.0) Gecko/20100101 Firefox/155.0","timestamp":"2026-09-12T21:53:16.288Z"} 
[2026-09-12 21:53:16] local.DEBUG: [vite] connected. {"url":"http://localhost:8000/","user_agent":"Mozilla/5.0 (Windows NT 10.0; Win64; x64; rv:155.0) Gecko/20100101 Firefox/155.0","timestamp":"2026-09-12T21:53:16.290Z"} 
[2026-09-12 21:53:50] local.DEBUG: [vite] hot updated: /resources/css/app.css {"url":"http://localhost:8000/","user_agent":"Mozilla/5.0 (Windows NT 10.0; Win64; x64; rv:155.0) Gecko/20100101 Firefox/155.0","timestamp":"2026-09-12T21:53:50.741Z"} 
[2026-09-12 21:53:53] local.DEBUG: [vite] connecting... {"url":"http://localhost:8000/","user_agent":"Mozilla/5.0 (Windows NT 10.0; Win64; x64; rv:155.0) Gecko/20100101 Firefox/155.0","timestamp":"2026-09-12T21:53:53.325Z"} 
[2026-09-12 21:53:53] local.INFO: %cDownload the React DevTools for a better development experience: https://react.dev/link/react-devtools font-weight:bold {"url":"http://localhost:8000/","user_agent":"Mozilla/5.0 (Windows NT 10.0; Win64; x64; rv:155.0) Gecko/20100101 Firefox/155.0","timestamp":"2026-09-12T21:53:53.338Z"} 
[2026-09-12 21:53:53] local.DEBUG: [vite] connected. {"url":"http://localhost:8000/","user_agent":"Mozilla/5.0 (Windows NT 10.0; Win64; x64; rv:155.0) Gecko/20100101 Firefox/155.0","timestamp":"2026-09-12T21:53:53.340Z"} 
[2026-09-12 21:54:06] local.DEBUG: [vite] hot updated: /resources/css/app.css {"url":"http://localhost:8000/","user_agent":"Mozilla/5.0 (Windows NT 10.0; Win64; x64; rv:155.0) Gecko/20100101 Firefox/155.0","timestamp":"2026-09-12T21:54:05.865Z"} 
[2026-09-12 21:54:07] local.DEBUG: [vite] connecting... {"url":"http://localhost:8000/","user_agent":"Mozilla/5.0 (Windows NT 10.0; Win64; x64; rv:155.0) Gecko/20100101 Firefox/155.0","timestamp":"2026-09-12T21:54:07.430Z"} 
[2026-09-12 21:54:07] local.INFO: %cDownload the React DevTools for a better development experience: https://react.dev/link/react-devtools font-weight:bold {"url":"http://localhost:8000/","user_agent":"Mozilla/5.0 (Windows NT 10.0; Win64; x64; rv:155.0) Gecko/20100101 Firefox/155.0","timestamp":"2026-09-12T21:54:07.439Z"} 
[2026-09-12 21:54:07] local.DEBUG: [vite] connected. {"url":"http://localhost:8000/","user_agent":"Mozilla/5.0 (Windows NT 10.0; Win64; x64; rv:155.0) Gecko/20100101 Firefox/155.0","timestamp":"2026-09-12T21:54:07.440Z"} 
[2026-09-12 21:54:13] local.DEBUG: [vite] hot updated: /resources/css/app.css {"url":"http://localhost:8000/","user_agent":"Mozilla/5.0 (Windows NT 10.0; Win64; x64; rv:155.0) Gecko/20100101 Firefox/155.0","timestamp":"2026-09-12T21:54:13.387Z"} 
[2026-09-12 21:54:14] local.DEBUG: [vite] connecting... {"url":"http://localhost:8000/","user_agent":"Mozilla/5.0 (Windows NT 10.0; Win64; x64; rv:155.0) Gecko/20100101 Firefox/155.0","timestamp":"2026-09-12T21:54:14.413Z"} 
[2026-09-12 21:54:14] local.INFO: %cDownload the React DevTools for a better development experience: https://react.dev/link/react-devtools font-weight:bold {"url":"http://localhost:8000/","user_agent":"Mozilla/5.0 (Windows NT 10.0; Win64; x64; rv:155.0) Gecko/20100101 Firefox/155.0","timestamp":"2026-09-12T21:54:14.423Z"} 
[2026-09-12 21:54:14] local.DEBUG: [vite] connected. {"url":"http://localhost:8000/","user_agent":"Mozilla/5.0 (Windows NT 10.0; Win64; x64; rv:155.0) Gecko/20100101 Firefox/155.0","timestamp":"2026-09-12T21:54:14.425Z"} 
[2026-09-12 21:55:20] local.DEBUG: [vite] connecting... {"url":"http://localhost:8000/","user_agent":"Mozilla/5.0 (Windows NT 10.0; Win64; x64; rv:155.0) Gecko/20100101 Firefox/155.0","timestamp":"2026-09-12T21:55:19.548Z"} 
[2026-09-12 21:55:20] local.DEBUG: [vite] connected. {"url":"http://localhost:8000/","user_agent":"Mozilla/5.0 (Windows NT 10.0; Win64; x64; rv:155.0) Gecko/20100101 Firefox/155.0","timestamp":"2026-09-12T21:55:19.579Z"} 
[2026-09-12 21:55:20] local.INFO: %cDownload the React DevTools for a better development experience: https://react.dev/link/react-devtools font-weight:bold {"url":"http://localhost:8000/","user_agent":"Mozilla/5.0 (Windows NT 10.0; Win64; x64; rv:155.0) Gecko/20100101 Firefox/155.0","timestamp":"2026-09-12T21:55:19.588Z"} 
[2026-09-12 21:55:35] local.DEBUG: [vite] connecting... {"url":"http://localhost:8000/","user_agent":"Mozilla/5.0 (Windows NT 10.0; Win64; x64; rv:155.0) Gecko/20100101 Firefox/155.0","timestamp":"2026-09-12T21:55:35.254Z"} 
[2026-09-12 21:55:35] local.DEBUG: [vite] connected. {"url":"http://localhost:8000/","user_agent":"Mozilla/5.0 (Windows NT 10.0; Win64; x64; rv:155.0) Gecko/20100101 Firefox/155.0","timestamp":"2026-09-12T21:55:35.261Z"} 
[2026-09-12 21:55:35] local.INFO: %cDownload the React DevTools for a better development experience: https://react.dev/link/react-devtools font-weight:bold {"url":"http://localhost:8000/","user_agent":"Mozilla/5.0 (Windows NT 10.0; Win64; x64; rv:155.0) Gecko/20100101 Firefox/155.0","timestamp":"2026-09-12T21:55:35.270Z"} 
[2026-09-12 21:55:57] local.DEBUG: [vite] hot updated: /resources/js/pages/welcome.tsx {"url":"http://localhost:8000/","user_agent":"Mozilla/5.0 (Windows NT 10.0; Win64; x64; rv:155.0) Gecko/20100101 Firefox/155.0","timestamp":"2026-09-12T21:55:57.027Z"} 
[2026-09-12 21:55:57] local.DEBUG: [vite] hot updated: /resources/css/app.css {"url":"http://localhost:8000/","user_agent":"Mozilla/5.0 (Windows NT 10.0; Win64; x64; rv:155.0) Gecko/20100101 Firefox/155.0","timestamp":"2026-09-12T21:55:57.027Z"} 
[2026-09-12 21:56:06] local.DEBUG: [vite] connecting... {"url":"http://localhost:8000/","user_agent":"Mozilla/5.0 (Windows NT 10.0; Win64; x64; rv:155.0) Gecko/20100101 Firefox/155.0","timestamp":"2026-09-12T21:56:06.378Z"} 
[2026-09-12 21:56:06] local.DEBUG: [vite] connected. {"url":"http://localhost:8000/","user_agent":"Mozilla/5.0 (Windows NT 10.0; Win64; x64; rv:155.0) Gecko/20100101 Firefox/155.0","timestamp":"2026-09-12T21:56:06.400Z"} 
[2026-09-12 21:56:06] local.INFO: %cDownload the React DevTools for a better development experience: https://react.dev/link/react-devtools font-weight:bold {"url":"http://localhost:8000/","user_agent":"Mozilla/5.0 (Windows NT 10.0; Win64; x64; rv:155.0) Gecko/20100101 Firefox/155.0","timestamp":"2026-09-12T21:56:06.409Z"} 
[2026-09-12 21:56:15] local.DEBUG: [vite] connecting... {"url":"http://localhost:8000/","user_agent":"Mozilla/5.0 (Windows NT 10.0; Win64; x64; rv:155.0) Gecko/20100101 Firefox/155.0","timestamp":"2026-09-12T21:56:15.410Z"} 
[2026-09-12 21:56:15] local.INFO: %cDownload the React DevTools for a better development experience: https://react.dev/link/react-devtools font-weight:bold {"url":"http://localhost:8000/","user_agent":"Mozilla/5.0 (Windows NT 10.0; Win64; x64; rv:155.0) Gecko/20100101 Firefox/155.0","timestamp":"2026-09-12T21:56:15.423Z"} 
[2026-09-12 21:56:15] local.DEBUG: [vite] connected. {"url":"http://localhost:8000/","user_agent":"Mozilla/5.0 (Windows NT 10.0; Win64; x64; rv:155.0) Gecko/20100101 Firefox/155.0","timestamp":"2026-09-12T21:56:15.426Z"} 
[2026-09-12 22:13:55] local.DEBUG: [vite] hot updated: /resources/js/pages/welcome.tsx {"url":"http://localhost:8000/","user_agent":"Mozilla/5.0 (Windows NT 10.0; Win64; x64; rv:155.0) Gecko/20100101 Firefox/155.0","timestamp":"2026-09-12T22:13:54.856Z"} 
[2026-09-12 22:13:55] local.DEBUG: [vite] hot updated: /resources/css/app.css {"url":"http://localhost:8000/","user_agent":"Mozilla/5.0 (Windows NT 10.0; Win64; x64; rv:155.0) Gecko/20100101 Firefox/155.0","timestamp":"2026-09-12T22:13:54.856Z"} 
[2026-09-12 22:13:58] local.DEBUG: [vite] hot updated: /resources/js/pages/welcome.tsx {"url":"http://localhost:8000/","user_agent":"Mozilla/5.0 (Windows NT 10.0; Win64; x64; rv:155.0) Gecko/20100101 Firefox/155.0","timestamp":"2026-09-12T22:13:58.323Z"} 
[2026-09-12 22:13:58] local.DEBUG: [vite] hot updated: /resources/css/app.css {"url":"http://localhost:8000/","user_agent":"Mozilla/5.0 (Windows NT 10.0; Win64; x64; rv:155.0) Gecko/20100101 Firefox/155.0","timestamp":"2026-09-12T22:13:58.323Z"} 
[2026-09-12 22:16:32] local.DEBUG: [vite] hot updated: /resources/js/layouts/ecovolts-layout.tsx {"url":"http://localhost:8000/","user_agent":"Mozilla/5.0 (Windows NT 10.0; Win64; x64; rv:155.0) Gecko/20100101 Firefox/155.0","timestamp":"2026-09-12T22:16:28.940Z"} 
[2026-09-12 22:16:32] local.DEBUG: [vite] hot updated: /resources/css/app.css {"url":"http://localhost:8000/","user_agent":"Mozilla/5.0 (Windows NT 10.0; Win64; x64; rv:155.0) Gecko/20100101 Firefox/155.0","timestamp":"2026-09-12T22:16:28.940Z"} 
[2026-09-12 22:16:32] local.DEBUG: [vite] hot updated: /resources/js/layouts/ecovolts-layout.tsx {"url":"http://localhost:8000/","user_agent":"Mozilla/5.0 (Windows NT 10.0; Win64; x64; rv:155.0) Gecko/20100101 Firefox/155.0","timestamp":"2026-09-12T22:16:32.248Z"} 
[2026-09-12 22:16:32] local.DEBUG: [vite] hot updated: /resources/css/app.css {"url":"http://localhost:8000/","user_agent":"Mozilla/5.0 (Windows NT 10.0; Win64; x64; rv:155.0) Gecko/20100101 Firefox/155.0","timestamp":"2026-09-12T22:16:32.248Z"} 
[2026-09-12 22:19:38] local.DEBUG: [vite] hot updated: /resources/js/pages/welcome.tsx {"url":"http://localhost:8000/","user_agent":"Mozilla/5.0 (Windows NT 10.0; Win64; x64; rv:155.0) Gecko/20100101 Firefox/155.0","timestamp":"2026-09-12T22:19:37.789Z"} 
[2026-09-12 22:19:38] local.DEBUG: [vite] hot updated: /resources/css/app.css {"url":"http://localhost:8000/","user_agent":"Mozilla/5.0 (Windows NT 10.0; Win64; x64; rv:155.0) Gecko/20100101 Firefox/155.0","timestamp":"2026-09-12T22:19:37.789Z"} 
[2026-09-12 22:19:46] local.DEBUG: [vite] hot updated: /resources/js/pages/welcome.tsx {"url":"http://localhost:8000/","user_agent":"Mozilla/5.0 (Windows NT 10.0; Win64; x64; rv:155.0) Gecko/20100101 Firefox/155.0","timestamp":"2026-09-12T22:19:45.903Z"} 
[2026-09-12 22:19:46] local.DEBUG: [vite] hot updated: /resources/css/app.css {"url":"http://localhost:8000/","user_agent":"Mozilla/5.0 (Windows NT 10.0; Win64; x64; rv:155.0) Gecko/20100101 Firefox/155.0","timestamp":"2026-09-12T22:19:45.903Z"} 
[2026-09-12 22:20:24] local.DEBUG: [vite] hot updated: /resources/js/layouts/ecovolts-layout.tsx {"url":"http://localhost:8000/","user_agent":"Mozilla/5.0 (Windows NT 10.0; Win64; x64; rv:155.0) Gecko/20100101 Firefox/155.0","timestamp":"2026-09-12T22:20:23.981Z"} 
[2026-09-12 22:20:24] local.DEBUG: [vite] hot updated: /resources/css/app.css {"url":"http://localhost:8000/","user_agent":"Mozilla/5.0 (Windows NT 10.0; Win64; x64; rv:155.0) Gecko/20100101 Firefox/155.0","timestamp":"2026-09-12T22:20:23.981Z"} 
[2026-09-12 22:20:27] local.DEBUG: [vite] hot updated: /resources/js/layouts/ecovolts-layout.tsx {"url":"http://localhost:8000/","user_agent":"Mozilla/5.0 (Windows NT 10.0; Win64; x64; rv:155.0) Gecko/20100101 Firefox/155.0","timestamp":"2026-09-12T22:20:27.228Z"} 
[2026-09-12 22:20:27] local.DEBUG: [vite] hot updated: /resources/css/app.css {"url":"http://localhost:8000/","user_agent":"Mozilla/5.0 (Windows NT 10.0; Win64; x64; rv:155.0) Gecko/20100101 Firefox/155.0","timestamp":"2026-09-12T22:20:27.228Z"} 
[2026-09-12 22:27:12] local.DEBUG: [vite] hot updated: /resources/js/components/ecovolts/brand-mark.tsx {"url":"http://localhost:8000/","user_agent":"Mozilla/5.0 (Windows NT 10.0; Win64; x64; rv:155.0) Gecko/20100101 Firefox/155.0","timestamp":"2026-09-12T22:27:11.631Z"} 
[2026-09-12 22:27:12] local.DEBUG: [vite] hot updated: /resources/css/app.css {"url":"http://localhost:8000/","user_agent":"Mozilla/5.0 (Windows NT 10.0; Win64; x64; rv:155.0) Gecko/20100101 Firefox/155.0","timestamp":"2026-09-12T22:27:11.631Z"} 
[2026-09-12 22:27:26] local.DEBUG: [vite] connecting... {"url":"http://localhost:8000/","user_agent":"Mozilla/5.0 (Windows NT 10.0; Win64; x64; rv:155.0) Gecko/20100101 Firefox/155.0","timestamp":"2026-09-12T22:27:25.780Z"} 
[2026-09-12 22:27:26] local.INFO: %cDownload the React DevTools for a better development experience: https://react.dev/link/react-devtools font-weight:bold {"url":"http://localhost:8000/","user_agent":"Mozilla/5.0 (Windows NT 10.0; Win64; x64; rv:155.0) Gecko/20100101 Firefox/155.0","timestamp":"2026-09-12T22:27:25.788Z"} 
[2026-09-12 22:27:26] local.DEBUG: [vite] connected. {"url":"http://localhost:8000/","user_agent":"Mozilla/5.0 (Windows NT 10.0; Win64; x64; rv:155.0) Gecko/20100101 Firefox/155.0","timestamp":"2026-09-12T22:27:25.797Z"} 
[2026-09-12 22:29:21] local.DEBUG: [vite] hot updated: /resources/js/pages/welcome.tsx {"url":"http://localhost:8000/","user_agent":"Mozilla/5.0 (Windows NT 10.0; Win64; x64; rv:155.0) Gecko/20100101 Firefox/155.0","timestamp":"2026-09-12T22:29:21.109Z"} 
[2026-09-12 22:29:21] local.DEBUG: [vite] hot updated: /resources/css/app.css {"url":"http://localhost:8000/","user_agent":"Mozilla/5.0 (Windows NT 10.0; Win64; x64; rv:155.0) Gecko/20100101 Firefox/155.0","timestamp":"2026-09-12T22:29:21.109Z"} 
[2026-09-12 22:29:34] local.DEBUG: [vite] hot updated: /resources/js/components/ecovolts/brand-mark.tsx {"url":"http://localhost:8000/","user_agent":"Mozilla/5.0 (Windows NT 10.0; Win64; x64; rv:155.0) Gecko/20100101 Firefox/155.0","timestamp":"2026-09-12T22:29:34.281Z"} 
[2026-09-12 22:29:34] local.DEBUG: [vite] hot updated: /resources/css/app.css {"url":"http://localhost:8000/","user_agent":"Mozilla/5.0 (Windows NT 10.0; Win64; x64; rv:155.0) Gecko/20100101 Firefox/155.0","timestamp":"2026-09-12T22:29:34.281Z"} 
[2026-09-12 22:29:38] local.DEBUG: [vite] hot updated: /resources/js/components/ecovolts/brand-mark.tsx {"url":"http://localhost:8000/","user_agent":"Mozilla/5.0 (Windows NT 10.0; Win64; x64; rv:155.0) Gecko/20100101 Firefox/155.0","timestamp":"2026-09-12T22:29:38.582Z"} 
[2026-09-12 22:29:38] local.DEBUG: [vite] hot updated: /resources/css/app.css {"url":"http://localhost:8000/","user_agent":"Mozilla/5.0 (Windows NT 10.0; Win64; x64; rv:155.0) Gecko/20100101 Firefox/155.0","timestamp":"2026-09-12T22:29:38.582Z"} 
[2026-09-12 22:29:47] local.DEBUG: [vite] hot updated: /resources/js/components/ecovolts/brand-mark.tsx {"url":"http://localhost:8000/","user_agent":"Mozilla/5.0 (Windows NT 10.0; Win64; x64; rv:155.0) Gecko/20100101 Firefox/155.0","timestamp":"2026-09-12T22:29:47.027Z"} 
[2026-09-12 22:29:47] local.DEBUG: [vite] hot updated: /resources/css/app.css {"url":"http://localhost:8000/","user_agent":"Mozilla/5.0 (Windows NT 10.0; Win64; x64; rv:155.0) Gecko/20100101 Firefox/155.0","timestamp":"2026-09-12T22:29:47.027Z"} 
[2026-09-12 22:30:42] local.DEBUG: [vite] hot updated: /resources/js/components/ecovolts/brand-mark.tsx {"url":"http://localhost:8000/","user_agent":"Mozilla/5.0 (Windows NT 10.0; Win64; x64; rv:155.0) Gecko/20100101 Firefox/155.0","timestamp":"2026-09-12T22:30:41.757Z"} 
[2026-09-12 22:30:42] local.DEBUG: [vite] hot updated: /resources/css/app.css {"url":"http://localhost:8000/","user_agent":"Mozilla/5.0 (Windows NT 10.0; Win64; x64; rv:155.0) Gecko/20100101 Firefox/155.0","timestamp":"2026-09-12T22:30:41.757Z"} 
[2026-09-12 22:30:59] local.DEBUG: [vite] connecting... {"url":"http://localhost:8000/","user_agent":"Mozilla/5.0 (Windows NT 10.0; Win64; x64; rv:155.0) Gecko/20100101 Firefox/155.0","timestamp":"2026-09-12T22:30:59.280Z"} 
[2026-09-12 22:30:59] local.INFO: %cDownload the React DevTools for a better development experience: https://react.dev/link/react-devtools font-weight:bold {"url":"http://localhost:8000/","user_agent":"Mozilla/5.0 (Windows NT 10.0; Win64; x64; rv:155.0) Gecko/20100101 Firefox/155.0","timestamp":"2026-09-12T22:30:59.291Z"} 
[2026-09-12 22:30:59] local.DEBUG: [vite] connected. {"url":"http://localhost:8000/","user_agent":"Mozilla/5.0 (Windows NT 10.0; Win64; x64; rv:155.0) Gecko/20100101 Firefox/155.0","timestamp":"2026-09-12T22:30:59.293Z"} 
[2026-09-12 22:31:06] local.DEBUG: [vite] hot updated: /resources/js/components/ecovolts/brand-mark.tsx {"url":"http://localhost:8000/","user_agent":"Mozilla/5.0 (Windows NT 10.0; Win64; x64; rv:155.0) Gecko/20100101 Firefox/155.0","timestamp":"2026-09-12T22:31:06.315Z"} 
[2026-09-12 22:31:06] local.DEBUG: [vite] hot updated: /resources/css/app.css {"url":"http://localhost:8000/","user_agent":"Mozilla/5.0 (Windows NT 10.0; Win64; x64; rv:155.0) Gecko/20100101 Firefox/155.0","timestamp":"2026-09-12T22:31:06.315Z"} 
[2026-09-12 22:31:13] local.DEBUG: [vite] hot updated: /resources/js/components/ecovolts/brand-mark.tsx {"url":"http://localhost:8000/","user_agent":"Mozilla/5.0 (Windows NT 10.0; Win64; x64; rv:155.0) Gecko/20100101 Firefox/155.0","timestamp":"2026-09-12T22:31:12.913Z"} 
[2026-09-12 22:31:13] local.DEBUG: [vite] hot updated: /resources/css/app.css {"url":"http://localhost:8000/","user_agent":"Mozilla/5.0 (Windows NT 10.0; Win64; x64; rv:155.0) Gecko/20100101 Firefox/155.0","timestamp":"2026-09-12T22:31:12.913Z"} 
[2026-09-12 22:31:17] local.DEBUG: [vite] hot updated: /resources/js/components/ecovolts/brand-mark.tsx {"url":"http://localhost:8000/","user_agent":"Mozilla/5.0 (Windows NT 10.0; Win64; x64; rv:155.0) Gecko/20100101 Firefox/155.0","timestamp":"2026-09-12T22:31:16.788Z"} 
[2026-09-12 22:31:17] local.DEBUG: [vite] hot updated: /resources/css/app.css {"url":"http://localhost:8000/","user_agent":"Mozilla/5.0 (Windows NT 10.0; Win64; x64; rv:155.0) Gecko/20100101 Firefox/155.0","timestamp":"2026-09-12T22:31:16.789Z"} 
[2026-09-12 22:31:23] local.DEBUG: [vite] hot updated: /resources/js/components/ecovolts/brand-mark.tsx {"url":"http://localhost:8000/","user_agent":"Mozilla/5.0 (Windows NT 10.0; Win64; x64; rv:155.0) Gecko/20100101 Firefox/155.0","timestamp":"2026-09-12T22:31:23.536Z"} 
[2026-09-12 22:31:23] local.DEBUG: [vite] hot updated: /resources/css/app.css {"url":"http://localhost:8000/","user_agent":"Mozilla/5.0 (Windows NT 10.0; Win64; x64; rv:155.0) Gecko/20100101 Firefox/155.0","timestamp":"2026-09-12T22:31:23.536Z"} 
[2026-09-12 22:31:49] local.DEBUG: [vite] hot updated: /resources/js/components/ecovolts/brand-mark.tsx {"url":"http://localhost:8000/","user_agent":"Mozilla/5.0 (Windows NT 10.0; Win64; x64; rv:155.0) Gecko/20100101 Firefox/155.0","timestamp":"2026-09-12T22:31:49.031Z"} 
[2026-09-12 22:31:49] local.DEBUG: [vite] hot updated: /resources/css/app.css {"url":"http://localhost:8000/","user_agent":"Mozilla/5.0 (Windows NT 10.0; Win64; x64; rv:155.0) Gecko/20100101 Firefox/155.0","timestamp":"2026-09-12T22:31:49.031Z"} 
[2026-09-12 22:32:00] local.DEBUG: [vite] hot updated: /resources/js/components/ecovolts/brand-mark.tsx {"url":"http://localhost:8000/","user_agent":"Mozilla/5.0 (Windows NT 10.0; Win64; x64; rv:155.0) Gecko/20100101 Firefox/155.0","timestamp":"2026-09-12T22:31:59.790Z"} 
[2026-09-12 22:32:00] local.DEBUG: [vite] hot updated: /resources/css/app.css {"url":"http://localhost:8000/","user_agent":"Mozilla/5.0 (Windows NT 10.0; Win64; x64; rv:155.0) Gecko/20100101 Firefox/155.0","timestamp":"2026-09-12T22:31:59.790Z"} 
[2026-09-12 22:32:07] local.DEBUG: [vite] hot updated: /resources/js/components/ecovolts/brand-mark.tsx {"url":"http://localhost:8000/","user_agent":"Mozilla/5.0 (Windows NT 10.0; Win64; x64; rv:155.0) Gecko/20100101 Firefox/155.0","timestamp":"2026-09-12T22:32:06.326Z"} 
[2026-09-12 22:32:07] local.DEBUG: [vite] hot updated: /resources/css/app.css {"url":"http://localhost:8000/","user_agent":"Mozilla/5.0 (Windows NT 10.0; Win64; x64; rv:155.0) Gecko/20100101 Firefox/155.0","timestamp":"2026-09-12T22:32:06.326Z"} 
[2026-09-12 22:32:13] local.DEBUG: [vite] hot updated: /resources/js/components/ecovolts/brand-mark.tsx {"url":"http://localhost:8000/","user_agent":"Mozilla/5.0 (Windows NT 10.0; Win64; x64; rv:155.0) Gecko/20100101 Firefox/155.0","timestamp":"2026-09-12T22:32:13.239Z"} 
[2026-09-12 22:32:13] local.DEBUG: [vite] hot updated: /resources/css/app.css {"url":"http://localhost:8000/","user_agent":"Mozilla/5.0 (Windows NT 10.0; Win64; x64; rv:155.0) Gecko/20100101 Firefox/155.0","timestamp":"2026-09-12T22:32:13.239Z"} 
[2026-09-12 22:42:53] local.ERROR: [vite] TypeError error loading dynamically imported module: http://[::1]:5173/resources/js/components/ecovolts/brand-mark.tsx?t=1789252971805 null {"url":"http://localhost:8000/","user_agent":"Mozilla/5.0 (Windows NT 10.0; Win64; x64; rv:155.0) Gecko/20100101 Firefox/155.0","timestamp":"2026-09-12T22:42:51.893Z"} 
[2026-09-12 22:42:53] local.ERROR: [vite] Failed to reload /resources/js/components/ecovolts/brand-mark.tsx. This could be due to syntax errors or importing non-existent modules. (see errors above) {"url":"http://localhost:8000/","user_agent":"Mozilla/5.0 (Windows NT 10.0; Win64; x64; rv:155.0) Gecko/20100101 Firefox/155.0","timestamp":"2026-09-12T22:42:51.893Z"} 
[2026-09-12 22:42:53] local.DEBUG: [vite] hot updated: /resources/js/components/ecovolts/brand-mark.tsx {"url":"http://localhost:8000/","user_agent":"Mozilla/5.0 (Windows NT 10.0; Win64; x64; rv:155.0) Gecko/20100101 Firefox/155.0","timestamp":"2026-09-12T22:42:51.920Z"} 
[2026-09-12 22:42:53] local.DEBUG: [vite] hot updated: /resources/css/app.css {"url":"http://localhost:8000/","user_agent":"Mozilla/5.0 (Windows NT 10.0; Win64; x64; rv:155.0) Gecko/20100101 Firefox/155.0","timestamp":"2026-09-12T22:42:51.920Z"} 
[2026-09-12 22:43:18] local.DEBUG: [vite] hot updated: /resources/js/pages/welcome.tsx {"url":"http://localhost:8000/","user_agent":"Mozilla/5.0 (Windows NT 10.0; Win64; x64; rv:155.0) Gecko/20100101 Firefox/155.0","timestamp":"2026-09-12T22:43:18.663Z"} 
[2026-09-12 22:43:18] local.DEBUG: [vite] hot updated: /resources/css/app.css {"url":"http://localhost:8000/","user_agent":"Mozilla/5.0 (Windows NT 10.0; Win64; x64; rv:155.0) Gecko/20100101 Firefox/155.0","timestamp":"2026-09-12T22:43:18.663Z"} 
[2026-09-12 22:43:18] local.DEBUG: [vite] hot updated: /resources/js/layouts/ecovolts-layout.tsx {"url":"http://localhost:8000/","user_agent":"Mozilla/5.0 (Windows NT 10.0; Win64; x64; rv:155.0) Gecko/20100101 Firefox/155.0","timestamp":"2026-09-12T22:43:18.663Z"} 
[2026-09-12 22:43:30] local.DEBUG: [vite] hot updated: /resources/js/components/ecovolts/brand-mark.tsx {"url":"http://localhost:8000/","user_agent":"Mozilla/5.0 (Windows NT 10.0; Win64; x64; rv:155.0) Gecko/20100101 Firefox/155.0","timestamp":"2026-09-12T22:43:29.887Z"} 
[2026-09-12 22:43:30] local.DEBUG: [vite] hot updated: /resources/css/app.css {"url":"http://localhost:8000/","user_agent":"Mozilla/5.0 (Windows NT 10.0; Win64; x64; rv:155.0) Gecko/20100101 Firefox/155.0","timestamp":"2026-09-12T22:43:29.887Z"} 
[2026-09-12 22:43:32] local.DEBUG: [vite] hot updated: /resources/js/components/ecovolts/brand-mark.tsx {"url":"http://localhost:8000/","user_agent":"Mozilla/5.0 (Windows NT 10.0; Win64; x64; rv:155.0) Gecko/20100101 Firefox/155.0","timestamp":"2026-09-12T22:43:32.432Z"} 
[2026-09-12 22:43:32] local.DEBUG: [vite] hot updated: /resources/css/app.css {"url":"http://localhost:8000/","user_agent":"Mozilla/5.0 (Windows NT 10.0; Win64; x64; rv:155.0) Gecko/20100101 Firefox/155.0","timestamp":"2026-09-12T22:43:32.432Z"} 
[2026-09-12 22:44:41] local.DEBUG: [vite] hot updated: /resources/js/pages/welcome.tsx {"url":"http://localhost:8000/","user_agent":"Mozilla/5.0 (Windows NT 10.0; Win64; x64; rv:155.0) Gecko/20100101 Firefox/155.0","timestamp":"2026-09-12T22:44:40.797Z"} 
[2026-09-12 22:44:41] local.DEBUG: [vite] hot updated: /resources/css/app.css {"url":"http://localhost:8000/","user_agent":"Mozilla/5.0 (Windows NT 10.0; Win64; x64; rv:155.0) Gecko/20100101 Firefox/155.0","timestamp":"2026-09-12T22:44:40.797Z"} 
[2026-09-12 22:46:17] local.DEBUG: [vite] hot updated: /resources/js/components/ecovolts/brand-mark.tsx {"url":"http://localhost:8000/","user_agent":"Mozilla/5.0 (Windows NT 10.0; Win64; x64; rv:155.0) Gecko/20100101 Firefox/155.0","timestamp":"2026-09-12T22:46:17.096Z"} 
[2026-09-12 22:46:17] local.DEBUG: [vite] hot updated: /resources/css/app.css {"url":"http://localhost:8000/","user_agent":"Mozilla/5.0 (Windows NT 10.0; Win64; x64; rv:155.0) Gecko/20100101 Firefox/155.0","timestamp":"2026-09-12T22:46:17.096Z"} 
[2026-09-12 22:49:03] local.DEBUG: [vite] hot updated: /resources/css/app.css {"url":"http://localhost:8000/","user_agent":"Mozilla/5.0 (Windows NT 10.0; Win64; x64; rv:155.0) Gecko/20100101 Firefox/155.0","timestamp":"2026-09-12T22:49:03.183Z"} 
[2026-09-12 22:49:14] local.DEBUG: [vite] hot updated: /resources/js/pages/welcome.tsx {"url":"http://localhost:8000/","user_agent":"Mozilla/5.0 (Windows NT 10.0; Win64; x64; rv:155.0) Gecko/20100101 Firefox/155.0","timestamp":"2026-09-12T22:49:14.330Z"} 
[2026-09-12 22:49:14] local.DEBUG: [vite] hot updated: /resources/css/app.css {"url":"http://localhost:8000/","user_agent":"Mozilla/5.0 (Windows NT 10.0; Win64; x64; rv:155.0) Gecko/20100101 Firefox/155.0","timestamp":"2026-09-12T22:49:14.330Z"} 
[2026-09-12 22:49:57] local.DEBUG: [vite] hot updated: /resources/js/layouts/ecovolts-layout.tsx {"url":"http://localhost:8000/","user_agent":"Mozilla/5.0 (Windows NT 10.0; Win64; x64; rv:155.0) Gecko/20100101 Firefox/155.0","timestamp":"2026-09-12T22:49:54.418Z"} 
[2026-09-12 22:49:57] local.DEBUG: [vite] hot updated: /resources/css/app.css {"url":"http://localhost:8000/","user_agent":"Mozilla/5.0 (Windows NT 10.0; Win64; x64; rv:155.0) Gecko/20100101 Firefox/155.0","timestamp":"2026-09-12T22:49:54.418Z"} 
[2026-09-12 22:49:58] local.DEBUG: [vite] connecting... {"url":"http://localhost:8000/","user_agent":"Mozilla/5.0 (Windows NT 10.0; Win64; x64; rv:155.0) Gecko/20100101 Firefox/155.0","timestamp":"2026-09-12T22:49:58.153Z"} 
[2026-09-12 22:49:58] local.INFO: %cDownload the React DevTools for a better development experience: https://react.dev/link/react-devtools font-weight:bold {"url":"http://localhost:8000/","user_agent":"Mozilla/5.0 (Windows NT 10.0; Win64; x64; rv:155.0) Gecko/20100101 Firefox/155.0","timestamp":"2026-09-12T22:49:58.162Z"} 
[2026-09-12 22:49:58] local.DEBUG: [vite] connected. {"url":"http://localhost:8000/","user_agent":"Mozilla/5.0 (Windows NT 10.0; Win64; x64; rv:155.0) Gecko/20100101 Firefox/155.0","timestamp":"2026-09-12T22:49:58.170Z"} 
[2026-09-12 22:50:13] local.DEBUG: [vite] hot updated: /resources/css/app.css {"url":"http://localhost:8000/","user_agent":"Mozilla/5.0 (Windows NT 10.0; Win64; x64; rv:155.0) Gecko/20100101 Firefox/155.0","timestamp":"2026-09-12T22:50:13.217Z"} 
[2026-09-12 22:50:18] local.DEBUG: [vite] connecting... {"url":"http://localhost:8000/","user_agent":"Mozilla/5.0 (Windows NT 10.0; Win64; x64; rv:155.0) Gecko/20100101 Firefox/155.0","timestamp":"2026-09-12T22:50:17.808Z"} 
[2026-09-12 22:50:18] local.INFO: %cDownload the React DevTools for a better development experience: https://react.dev/link/react-devtools font-weight:bold {"url":"http://localhost:8000/","user_agent":"Mozilla/5.0 (Windows NT 10.0; Win64; x64; rv:155.0) Gecko/20100101 Firefox/155.0","timestamp":"2026-09-12T22:50:17.818Z"} 
[2026-09-12 22:50:18] local.DEBUG: [vite] connected. {"url":"http://localhost:8000/","user_agent":"Mozilla/5.0 (Windows NT 10.0; Win64; x64; rv:155.0) Gecko/20100101 Firefox/155.0","timestamp":"2026-09-12T22:50:17.821Z"} 
[2026-09-12 22:50:38] local.DEBUG: [vite] hot updated: /resources/css/app.css {"url":"http://localhost:8000/","user_agent":"Mozilla/5.0 (Windows NT 10.0; Win64; x64; rv:155.0) Gecko/20100101 Firefox/155.0","timestamp":"2026-09-12T22:50:37.833Z"} 
[2026-09-12 22:50:39] local.DEBUG: [vite] connecting... {"url":"http://localhost:8000/","user_agent":"Mozilla/5.0 (Windows NT 10.0; Win64; x64; rv:155.0) Gecko/20100101 Firefox/155.0","timestamp":"2026-09-12T22:50:39.174Z"} 
[2026-09-12 22:50:39] local.INFO: %cDownload the React DevTools for a better development experience: https://react.dev/link/react-devtools font-weight:bold {"url":"http://localhost:8000/","user_agent":"Mozilla/5.0 (Windows NT 10.0; Win64; x64; rv:155.0) Gecko/20100101 Firefox/155.0","timestamp":"2026-09-12T22:50:39.186Z"} 
[2026-09-12 22:50:39] local.DEBUG: [vite] connected. {"url":"http://localhost:8000/","user_agent":"Mozilla/5.0 (Windows NT 10.0; Win64; x64; rv:155.0) Gecko/20100101 Firefox/155.0","timestamp":"2026-09-12T22:50:39.188Z"} 
[2026-09-12 22:50:47] local.DEBUG: [vite] hot updated: /resources/js/layouts/ecovolts-layout.tsx {"url":"http://localhost:8000/","user_agent":"Mozilla/5.0 (Windows NT 10.0; Win64; x64; rv:155.0) Gecko/20100101 Firefox/155.0","timestamp":"2026-09-12T22:50:47.105Z"} 
[2026-09-12 22:50:47] local.DEBUG: [vite] hot updated: /resources/css/app.css {"url":"http://localhost:8000/","user_agent":"Mozilla/5.0 (Windows NT 10.0; Win64; x64; rv:155.0) Gecko/20100101 Firefox/155.0","timestamp":"2026-09-12T22:50:47.105Z"} 
[2026-09-12 22:50:52] local.DEBUG: [vite] hot updated: /resources/js/layouts/ecovolts-layout.tsx {"url":"http://localhost:8000/","user_agent":"Mozilla/5.0 (Windows NT 10.0; Win64; x64; rv:155.0) Gecko/20100101 Firefox/155.0","timestamp":"2026-09-12T22:50:52.452Z"} 
[2026-09-12 22:50:52] local.DEBUG: [vite] hot updated: /resources/css/app.css {"url":"http://localhost:8000/","user_agent":"Mozilla/5.0 (Windows NT 10.0; Win64; x64; rv:155.0) Gecko/20100101 Firefox/155.0","timestamp":"2026-09-12T22:50:52.452Z"} 
[2026-09-12 22:50:55] local.DEBUG: [vite] connecting... {"url":"http://localhost:8000/","user_agent":"Mozilla/5.0 (Windows NT 10.0; Win64; x64; rv:155.0) Gecko/20100101 Firefox/155.0","timestamp":"2026-09-12T22:50:54.844Z"} 
[2026-09-12 22:50:55] local.INFO: %cDownload the React DevTools for a better development experience: https://react.dev/link/react-devtools font-weight:bold {"url":"http://localhost:8000/","user_agent":"Mozilla/5.0 (Windows NT 10.0; Win64; x64; rv:155.0) Gecko/20100101 Firefox/155.0","timestamp":"2026-09-12T22:50:54.858Z"} 
[2026-09-12 22:50:55] local.DEBUG: [vite] connected. {"url":"http://localhost:8000/","user_agent":"Mozilla/5.0 (Windows NT 10.0; Win64; x64; rv:155.0) Gecko/20100101 Firefox/155.0","timestamp":"2026-09-12T22:50:54.860Z"} 
[2026-09-12 23:05:17] local.DEBUG: [vite] hot updated: /resources/js/components/ecovolts/brand-mark.tsx {"url":"http://localhost:8000/","user_agent":"Mozilla/5.0 (Windows NT 10.0; Win64; x64; rv:155.0) Gecko/20100101 Firefox/155.0","timestamp":"2026-09-12T23:05:15.772Z"} 
[2026-09-12 23:05:17] local.DEBUG: [vite] hot updated: /resources/css/app.css {"url":"http://localhost:8000/","user_agent":"Mozilla/5.0 (Windows NT 10.0; Win64; x64; rv:155.0) Gecko/20100101 Firefox/155.0","timestamp":"2026-09-12T23:05:15.772Z"} 
[2026-09-12 23:05:38] local.DEBUG: [vite] hot updated: /resources/js/components/ecovolts/brand-mark.tsx {"url":"http://localhost:8000/","user_agent":"Mozilla/5.0 (Windows NT 10.0; Win64; x64; rv:155.0) Gecko/20100101 Firefox/155.0","timestamp":"2026-09-12T23:05:38.075Z"} 
[2026-09-12 23:05:38] local.DEBUG: [vite] hot updated: /resources/css/app.css {"url":"http://localhost:8000/","user_agent":"Mozilla/5.0 (Windows NT 10.0; Win64; x64; rv:155.0) Gecko/20100101 Firefox/155.0","timestamp":"2026-09-12T23:05:38.076Z"} 
[2026-09-12 23:06:08] local.DEBUG: [vite] hot updated: /resources/js/components/ecovolts/brand-mark.tsx {"url":"http://localhost:8000/","user_agent":"Mozilla/5.0 (Windows NT 10.0; Win64; x64; rv:155.0) Gecko/20100101 Firefox/155.0","timestamp":"2026-09-12T23:06:07.984Z"} 
[2026-09-12 23:06:08] local.DEBUG: [vite] hot updated: /resources/css/app.css {"url":"http://localhost:8000/","user_agent":"Mozilla/5.0 (Windows NT 10.0; Win64; x64; rv:155.0) Gecko/20100101 Firefox/155.0","timestamp":"2026-09-12T23:06:07.984Z"} 
[2026-09-12 23:06:14] local.DEBUG: [vite] hot updated: /resources/js/components/ecovolts/brand-mark.tsx {"url":"http://localhost:8000/","user_agent":"Mozilla/5.0 (Windows NT 10.0; Win64; x64; rv:155.0) Gecko/20100101 Firefox/155.0","timestamp":"2026-09-12T23:06:14.131Z"} 
[2026-09-12 23:06:14] local.DEBUG: [vite] hot updated: /resources/css/app.css {"url":"http://localhost:8000/","user_agent":"Mozilla/5.0 (Windows NT 10.0; Win64; x64; rv:155.0) Gecko/20100101 Firefox/155.0","timestamp":"2026-09-12T23:06:14.131Z"} 
[2026-09-12 23:06:29] local.DEBUG: [vite] hot updated: /resources/js/components/ecovolts/brand-mark.tsx {"url":"http://localhost:8000/","user_agent":"Mozilla/5.0 (Windows NT 10.0; Win64; x64; rv:155.0) Gecko/20100101 Firefox/155.0","timestamp":"2026-09-12T23:06:29.213Z"} 
[2026-09-12 23:06:29] local.DEBUG: [vite] hot updated: /resources/css/app.css {"url":"http://localhost:8000/","user_agent":"Mozilla/5.0 (Windows NT 10.0; Win64; x64; rv:155.0) Gecko/20100101 Firefox/155.0","timestamp":"2026-09-12T23:06:29.213Z"} 
[2026-09-12 23:06:37] local.DEBUG: [vite] hot updated: /resources/js/components/ecovolts/brand-mark.tsx {"url":"http://localhost:8000/","user_agent":"Mozilla/5.0 (Windows NT 10.0; Win64; x64; rv:155.0) Gecko/20100101 Firefox/155.0","timestamp":"2026-09-12T23:06:37.339Z"} 
[2026-09-12 23:06:37] local.DEBUG: [vite] hot updated: /resources/css/app.css {"url":"http://localhost:8000/","user_agent":"Mozilla/5.0 (Windows NT 10.0; Win64; x64; rv:155.0) Gecko/20100101 Firefox/155.0","timestamp":"2026-09-12T23:06:37.339Z"} 
[2026-09-12 23:06:43] local.DEBUG: [vite] hot updated: /resources/js/components/ecovolts/brand-mark.tsx {"url":"http://localhost:8000/","user_agent":"Mozilla/5.0 (Windows NT 10.0; Win64; x64; rv:155.0) Gecko/20100101 Firefox/155.0","timestamp":"2026-09-12T23:06:43.070Z"} 
[2026-09-12 23:06:43] local.DEBUG: [vite] hot updated: /resources/css/app.css {"url":"http://localhost:8000/","user_agent":"Mozilla/5.0 (Windows NT 10.0; Win64; x64; rv:155.0) Gecko/20100101 Firefox/155.0","timestamp":"2026-09-12T23:06:43.070Z"} 
[2026-09-12 23:07:10] local.DEBUG: [vite] hot updated: /resources/js/components/ecovolts/brand-mark.tsx {"url":"http://localhost:8000/","user_agent":"Mozilla/5.0 (Windows NT 10.0; Win64; x64; rv:155.0) Gecko/20100101 Firefox/155.0","timestamp":"2026-09-12T23:07:10.409Z"} 
[2026-09-12 23:07:10] local.DEBUG: [vite] hot updated: /resources/css/app.css {"url":"http://localhost:8000/","user_agent":"Mozilla/5.0 (Windows NT 10.0; Win64; x64; rv:155.0) Gecko/20100101 Firefox/155.0","timestamp":"2026-09-12T23:07:10.409Z"} 
[2026-09-12 23:07:23] local.DEBUG: [vite] hot updated: /resources/js/components/ecovolts/brand-mark.tsx {"url":"http://localhost:8000/","user_agent":"Mozilla/5.0 (Windows NT 10.0; Win64; x64; rv:155.0) Gecko/20100101 Firefox/155.0","timestamp":"2026-09-12T23:07:23.012Z"} 
[2026-09-12 23:07:23] local.DEBUG: [vite] hot updated: /resources/css/app.css {"url":"http://localhost:8000/","user_agent":"Mozilla/5.0 (Windows NT 10.0; Win64; x64; rv:155.0) Gecko/20100101 Firefox/155.0","timestamp":"2026-09-12T23:07:23.012Z"} 
[2026-09-12 23:07:37] local.DEBUG: [vite] hot updated: /resources/js/layouts/ecovolts-layout.tsx {"url":"http://localhost:8000/","user_agent":"Mozilla/5.0 (Windows NT 10.0; Win64; x64; rv:155.0) Gecko/20100101 Firefox/155.0","timestamp":"2026-09-12T23:07:37.130Z"} 
[2026-09-12 23:07:37] local.DEBUG: [vite] hot updated: /resources/css/app.css {"url":"http://localhost:8000/","user_agent":"Mozilla/5.0 (Windows NT 10.0; Win64; x64; rv:155.0) Gecko/20100101 Firefox/155.0","timestamp":"2026-09-12T23:07:37.130Z"} 
[2026-09-12 23:08:11] local.DEBUG: [vite] hot updated: /resources/js/layouts/ecovolts-layout.tsx {"url":"http://localhost:8000/","user_agent":"Mozilla/5.0 (Windows NT 10.0; Win64; x64; rv:155.0) Gecko/20100101 Firefox/155.0","timestamp":"2026-09-12T23:08:10.755Z"} 
[2026-09-12 23:08:11] local.DEBUG: [vite] hot updated: /resources/css/app.css {"url":"http://localhost:8000/","user_agent":"Mozilla/5.0 (Windows NT 10.0; Win64; x64; rv:155.0) Gecko/20100101 Firefox/155.0","timestamp":"2026-09-12T23:08:10.755Z"} 
[2026-09-12 23:08:28] local.DEBUG: [vite] hot updated: /resources/js/layouts/ecovolts-layout.tsx {"url":"http://localhost:8000/","user_agent":"Mozilla/5.0 (Windows NT 10.0; Win64; x64; rv:155.0) Gecko/20100101 Firefox/155.0","timestamp":"2026-09-12T23:08:28.558Z"} 
[2026-09-12 23:08:28] local.DEBUG: [vite] hot updated: /resources/css/app.css {"url":"http://localhost:8000/","user_agent":"Mozilla/5.0 (Windows NT 10.0; Win64; x64; rv:155.0) Gecko/20100101 Firefox/155.0","timestamp":"2026-09-12T23:08:28.558Z"} 
[2026-09-12 23:13:51] local.DEBUG: [vite] hot updated: /resources/js/pages/welcome.tsx {"url":"http://localhost:8000/","user_agent":"Mozilla/5.0 (Windows NT 10.0; Win64; x64; rv:155.0) Gecko/20100101 Firefox/155.0","timestamp":"2026-09-12T23:13:51.137Z"} 
[2026-09-12 23:13:51] local.DEBUG: [vite] hot updated: /resources/css/app.css {"url":"http://localhost:8000/","user_agent":"Mozilla/5.0 (Windows NT 10.0; Win64; x64; rv:155.0) Gecko/20100101 Firefox/155.0","timestamp":"2026-09-12T23:13:51.137Z"} 
[2026-09-12 23:14:20] local.DEBUG: [vite] hot updated: /resources/js/layouts/ecovolts-layout.tsx {"url":"http://localhost:8000/","user_agent":"Mozilla/5.0 (Windows NT 10.0; Win64; x64; rv:155.0) Gecko/20100101 Firefox/155.0","timestamp":"2026-09-12T23:14:20.403Z"} 
[2026-09-12 23:14:20] local.DEBUG: [vite] hot updated: /resources/css/app.css {"url":"http://localhost:8000/","user_agent":"Mozilla/5.0 (Windows NT 10.0; Win64; x64; rv:155.0) Gecko/20100101 Firefox/155.0","timestamp":"2026-09-12T23:14:20.403Z"} 
[2026-09-12 23:14:25] local.DEBUG: [vite] hot updated: /resources/js/layouts/ecovolts-layout.tsx {"url":"http://localhost:8000/","user_agent":"Mozilla/5.0 (Windows NT 10.0; Win64; x64; rv:155.0) Gecko/20100101 Firefox/155.0","timestamp":"2026-09-12T23:14:25.157Z"} 
[2026-09-12 23:14:25] local.DEBUG: [vite] hot updated: /resources/css/app.css {"url":"http://localhost:8000/","user_agent":"Mozilla/5.0 (Windows NT 10.0; Win64; x64; rv:155.0) Gecko/20100101 Firefox/155.0","timestamp":"2026-09-12T23:14:25.157Z"} 
[2026-09-12 23:14:58] local.DEBUG: [vite] hot updated: /resources/js/layouts/ecovolts-layout.tsx {"url":"http://localhost:8000/","user_agent":"Mozilla/5.0 (Windows NT 10.0; Win64; x64; rv:155.0) Gecko/20100101 Firefox/155.0","timestamp":"2026-09-12T23:14:57.598Z"} 
[2026-09-12 23:14:58] local.DEBUG: [vite] hot updated: /resources/css/app.css {"url":"http://localhost:8000/","user_agent":"Mozilla/5.0 (Windows NT 10.0; Win64; x64; rv:155.0) Gecko/20100101 Firefox/155.0","timestamp":"2026-09-12T23:14:57.599Z"} 
[2026-09-12 23:15:16] local.DEBUG: [vite] hot updated: /resources/js/layouts/ecovolts-layout.tsx {"url":"http://localhost:8000/","user_agent":"Mozilla/5.0 (Windows NT 10.0; Win64; x64; rv:155.0) Gecko/20100101 Firefox/155.0","timestamp":"2026-09-12T23:15:15.168Z"} 
[2026-09-12 23:15:16] local.DEBUG: [vite] hot updated: /resources/css/app.css {"url":"http://localhost:8000/","user_agent":"Mozilla/5.0 (Windows NT 10.0; Win64; x64; rv:155.0) Gecko/20100101 Firefox/155.0","timestamp":"2026-09-12T23:15:15.168Z"} 
[2026-09-12 23:15:30] local.DEBUG: [vite] hot updated: /resources/js/layouts/ecovolts-layout.tsx {"url":"http://localhost:8000/","user_agent":"Mozilla/5.0 (Windows NT 10.0; Win64; x64; rv:155.0) Gecko/20100101 Firefox/155.0","timestamp":"2026-09-12T23:15:29.375Z"} 
[2026-09-12 23:15:30] local.DEBUG: [vite] hot updated: /resources/css/app.css {"url":"http://localhost:8000/","user_agent":"Mozilla/5.0 (Windows NT 10.0; Win64; x64; rv:155.0) Gecko/20100101 Firefox/155.0","timestamp":"2026-09-12T23:15:29.375Z"} 
[2026-09-12 23:15:44] local.DEBUG: [vite] hot updated: /resources/js/layouts/ecovolts-layout.tsx {"url":"http://localhost:8000/","user_agent":"Mozilla/5.0 (Windows NT 10.0; Win64; x64; rv:155.0) Gecko/20100101 Firefox/155.0","timestamp":"2026-09-12T23:15:44.450Z"} 
[2026-09-12 23:15:44] local.DEBUG: [vite] hot updated: /resources/css/app.css {"url":"http://localhost:8000/","user_agent":"Mozilla/5.0 (Windows NT 10.0; Win64; x64; rv:155.0) Gecko/20100101 Firefox/155.0","timestamp":"2026-09-12T23:15:44.450Z"} 
[2026-09-12 23:15:47] local.DEBUG: [vite] connecting... {"url":"http://localhost:8000/","user_agent":"Mozilla/5.0 (Windows NT 10.0; Win64; x64; rv:155.0) Gecko/20100101 Firefox/155.0","timestamp":"2026-09-12T23:15:47.548Z"} 
[2026-09-12 23:15:47] local.INFO: %cDownload the React DevTools for a better development experience: https://react.dev/link/react-devtools font-weight:bold {"url":"http://localhost:8000/","user_agent":"Mozilla/5.0 (Windows NT 10.0; Win64; x64; rv:155.0) Gecko/20100101 Firefox/155.0","timestamp":"2026-09-12T23:15:47.570Z"} 
[2026-09-12 23:15:47] local.DEBUG: [vite] connected. {"url":"http://localhost:8000/","user_agent":"Mozilla/5.0 (Windows NT 10.0; Win64; x64; rv:155.0) Gecko/20100101 Firefox/155.0","timestamp":"2026-09-12T23:15:47.580Z"} 
[2026-09-12 23:16:02] local.DEBUG: [vite] hot updated: /resources/js/layouts/ecovolts-layout.tsx {"url":"http://localhost:8000/","user_agent":"Mozilla/5.0 (Windows NT 10.0; Win64; x64; rv:155.0) Gecko/20100101 Firefox/155.0","timestamp":"2026-09-12T23:16:01.655Z"} 
[2026-09-12 23:16:02] local.DEBUG: [vite] hot updated: /resources/css/app.css {"url":"http://localhost:8000/","user_agent":"Mozilla/5.0 (Windows NT 10.0; Win64; x64; rv:155.0) Gecko/20100101 Firefox/155.0","timestamp":"2026-09-12T23:16:01.655Z"} 
[2026-09-12 23:16:46] local.DEBUG: [vite] hot updated: /resources/js/layouts/ecovolts-layout.tsx {"url":"http://localhost:8000/","user_agent":"Mozilla/5.0 (Windows NT 10.0; Win64; x64; rv:155.0) Gecko/20100101 Firefox/155.0","timestamp":"2026-09-12T23:16:45.935Z"} 
[2026-09-12 23:16:46] local.DEBUG: [vite] hot updated: /resources/css/app.css {"url":"http://localhost:8000/","user_agent":"Mozilla/5.0 (Windows NT 10.0; Win64; x64; rv:155.0) Gecko/20100101 Firefox/155.0","timestamp":"2026-09-12T23:16:45.936Z"} 
[2026-09-12 23:16:52] local.DEBUG: [vite] hot updated: /resources/js/layouts/ecovolts-layout.tsx {"url":"http://localhost:8000/","user_agent":"Mozilla/5.0 (Windows NT 10.0; Win64; x64; rv:155.0) Gecko/20100101 Firefox/155.0","timestamp":"2026-09-12T23:16:51.558Z"} 
[2026-09-12 23:16:52] local.DEBUG: [vite] hot updated: /resources/css/app.css {"url":"http://localhost:8000/","user_agent":"Mozilla/5.0 (Windows NT 10.0; Win64; x64; rv:155.0) Gecko/20100101 Firefox/155.0","timestamp":"2026-09-12T23:16:51.558Z"} 
[2026-09-12 23:17:11] local.DEBUG: [vite] hot updated: /resources/js/layouts/ecovolts-layout.tsx {"url":"http://localhost:8000/","user_agent":"Mozilla/5.0 (Windows NT 10.0; Win64; x64; rv:155.0) Gecko/20100101 Firefox/155.0","timestamp":"2026-09-12T23:17:09.060Z"} 
[2026-09-12 23:17:11] local.DEBUG: [vite] hot updated: /resources/css/app.css {"url":"http://localhost:8000/","user_agent":"Mozilla/5.0 (Windows NT 10.0; Win64; x64; rv:155.0) Gecko/20100101 Firefox/155.0","timestamp":"2026-09-12T23:17:09.060Z"} 
[2026-09-12 23:17:21] local.DEBUG: [vite] hot updated: /resources/js/layouts/ecovolts-layout.tsx {"url":"http://localhost:8000/","user_agent":"Mozilla/5.0 (Windows NT 10.0; Win64; x64; rv:155.0) Gecko/20100101 Firefox/155.0","timestamp":"2026-09-12T23:17:20.822Z"} 
[2026-09-12 23:17:21] local.DEBUG: [vite] hot updated: /resources/css/app.css {"url":"http://localhost:8000/","user_agent":"Mozilla/5.0 (Windows NT 10.0; Win64; x64; rv:155.0) Gecko/20100101 Firefox/155.0","timestamp":"2026-09-12T23:17:20.822Z"} 
[2026-09-12 23:19:14] local.DEBUG: [vite] hot updated: /resources/js/pages/welcome.tsx {"url":"http://localhost:8000/","user_agent":"Mozilla/5.0 (Windows NT 10.0; Win64; x64; rv:155.0) Gecko/20100101 Firefox/155.0","timestamp":"2026-09-12T23:19:12.621Z"} 
[2026-09-12 23:19:14] local.DEBUG: [vite] hot updated: /resources/css/app.css {"url":"http://localhost:8000/","user_agent":"Mozilla/5.0 (Windows NT 10.0; Win64; x64; rv:155.0) Gecko/20100101 Firefox/155.0","timestamp":"2026-09-12T23:19:12.621Z"} 
[2026-09-12 23:19:29] local.DEBUG: [vite] connecting... {"url":"http://localhost:8000/","user_agent":"Mozilla/5.0 (Windows NT 10.0; Win64; x64; rv:155.0) Gecko/20100101 Firefox/155.0","timestamp":"2026-09-12T23:19:28.762Z"} 
[2026-09-12 23:19:29] local.INFO: %cDownload the React DevTools for a better development experience: https://react.dev/link/react-devtools font-weight:bold {"url":"http://localhost:8000/","user_agent":"Mozilla/5.0 (Windows NT 10.0; Win64; x64; rv:155.0) Gecko/20100101 Firefox/155.0","timestamp":"2026-09-12T23:19:28.796Z"} 
[2026-09-12 23:19:29] local.DEBUG: [vite] connected. {"url":"http://localhost:8000/","user_agent":"Mozilla/5.0 (Windows NT 10.0; Win64; x64; rv:155.0) Gecko/20100101 Firefox/155.0","timestamp":"2026-09-12T23:19:28.802Z"} 
[2026-09-12 23:19:38] local.DEBUG: [vite] hot updated: /resources/js/pages/welcome.tsx {"url":"http://localhost:8000/","user_agent":"Mozilla/5.0 (Windows NT 10.0; Win64; x64; rv:155.0) Gecko/20100101 Firefox/155.0","timestamp":"2026-09-12T23:19:38.067Z"} 
[2026-09-12 23:19:38] local.DEBUG: [vite] hot updated: /resources/css/app.css {"url":"http://localhost:8000/","user_agent":"Mozilla/5.0 (Windows NT 10.0; Win64; x64; rv:155.0) Gecko/20100101 Firefox/155.0","timestamp":"2026-09-12T23:19:38.067Z"} 
[2026-09-12 23:19:41] local.DEBUG: [vite] connecting... {"url":"http://localhost:8000/","user_agent":"Mozilla/5.0 (Windows NT 10.0; Win64; x64; rv:155.0) Gecko/20100101 Firefox/155.0","timestamp":"2026-09-12T23:19:40.798Z"} 
[2026-09-12 23:19:41] local.DEBUG: [vite] connected. {"url":"http://localhost:8000/","user_agent":"Mozilla/5.0 (Windows NT 10.0; Win64; x64; rv:155.0) Gecko/20100101 Firefox/155.0","timestamp":"2026-09-12T23:19:40.823Z"} 
[2026-09-12 23:19:41] local.INFO: %cDownload the React DevTools for a better development experience: https://react.dev/link/react-devtools font-weight:bold {"url":"http://localhost:8000/","user_agent":"Mozilla/5.0 (Windows NT 10.0; Win64; x64; rv:155.0) Gecko/20100101 Firefox/155.0","timestamp":"2026-09-12T23:19:40.828Z"} 
[2026-09-12 23:20:14] local.DEBUG: [vite] hot updated: /resources/js/pages/welcome.tsx {"url":"http://localhost:8000/","user_agent":"Mozilla/5.0 (Windows NT 10.0; Win64; x64; rv:155.0) Gecko/20100101 Firefox/155.0","timestamp":"2026-09-12T23:20:13.774Z"} 
[2026-09-12 23:20:14] local.DEBUG: [vite] hot updated: /resources/css/app.css {"url":"http://localhost:8000/","user_agent":"Mozilla/5.0 (Windows NT 10.0; Win64; x64; rv:155.0) Gecko/20100101 Firefox/155.0","timestamp":"2026-09-12T23:20:13.774Z"} 
[2026-09-12 23:20:18] local.DEBUG: [vite] connecting... {"url":"http://localhost:8000/","user_agent":"Mozilla/5.0 (Windows NT 10.0; Win64; x64; rv:155.0) Gecko/20100101 Firefox/155.0","timestamp":"2026-09-12T23:20:17.691Z"} 
[2026-09-12 23:20:18] local.INFO: %cDownload the React DevTools for a better development experience: https://react.dev/link/react-devtools font-weight:bold {"url":"http://localhost:8000/","user_agent":"Mozilla/5.0 (Windows NT 10.0; Win64; x64; rv:155.0) Gecko/20100101 Firefox/155.0","timestamp":"2026-09-12T23:20:17.714Z"} 
[2026-09-12 23:20:18] local.DEBUG: [vite] connected. {"url":"http://localhost:8000/","user_agent":"Mozilla/5.0 (Windows NT 10.0; Win64; x64; rv:155.0) Gecko/20100101 Firefox/155.0","timestamp":"2026-09-12T23:20:17.717Z"} 
[2026-09-12 23:28:43] local.DEBUG: [vite] hot updated: /resources/js/pages/welcome.tsx {"url":"http://localhost:8000/","user_agent":"Mozilla/5.0 (Windows NT 10.0; Win64; x64; rv:155.0) Gecko/20100101 Firefox/155.0","timestamp":"2026-09-12T23:28:42.224Z"} 
[2026-09-12 23:28:43] local.DEBUG: [vite] hot updated: /resources/css/app.css {"url":"http://localhost:8000/","user_agent":"Mozilla/5.0 (Windows NT 10.0; Win64; x64; rv:155.0) Gecko/20100101 Firefox/155.0","timestamp":"2026-09-12T23:28:42.225Z"} 
[2026-09-12 23:29:13] local.DEBUG: [vite] hot updated: /resources/js/pages/welcome.tsx {"url":"http://localhost:8000/","user_agent":"Mozilla/5.0 (Windows NT 10.0; Win64; x64; rv:155.0) Gecko/20100101 Firefox/155.0","timestamp":"2026-09-12T23:29:13.321Z"} 
[2026-09-12 23:29:13] local.DEBUG: [vite] hot updated: /resources/css/app.css {"url":"http://localhost:8000/","user_agent":"Mozilla/5.0 (Windows NT 10.0; Win64; x64; rv:155.0) Gecko/20100101 Firefox/155.0","timestamp":"2026-09-12T23:29:13.321Z"} 
[2026-09-12 23:29:35] local.DEBUG: [vite] hot updated: /resources/js/pages/welcome.tsx {"url":"http://localhost:8000/","user_agent":"Mozilla/5.0 (Windows NT 10.0; Win64; x64; rv:155.0) Gecko/20100101 Firefox/155.0","timestamp":"2026-09-12T23:29:34.209Z"} 
[2026-09-12 23:29:35] local.DEBUG: [vite] hot updated: /resources/css/app.css {"url":"http://localhost:8000/","user_agent":"Mozilla/5.0 (Windows NT 10.0; Win64; x64; rv:155.0) Gecko/20100101 Firefox/155.0","timestamp":"2026-09-12T23:29:34.209Z"} 
[2026-09-12 23:30:29] local.DEBUG: [vite] hot updated: /resources/js/pages/welcome.tsx {"url":"http://localhost:8000/","user_agent":"Mozilla/5.0 (Windows NT 10.0; Win64; x64; rv:155.0) Gecko/20100101 Firefox/155.0","timestamp":"2026-09-12T23:30:29.343Z"} 
[2026-09-12 23:30:29] local.DEBUG: [vite] hot updated: /resources/css/app.css {"url":"http://localhost:8000/","user_agent":"Mozilla/5.0 (Windows NT 10.0; Win64; x64; rv:155.0) Gecko/20100101 Firefox/155.0","timestamp":"2026-09-12T23:30:29.343Z"} 
[2026-09-12 23:31:15] local.DEBUG: [vite] hot updated: /resources/js/pages/welcome.tsx {"url":"http://localhost:8000/","user_agent":"Mozilla/5.0 (Windows NT 10.0; Win64; x64; rv:155.0) Gecko/20100101 Firefox/155.0","timestamp":"2026-09-12T23:31:15.387Z"} 
[2026-09-12 23:31:15] local.DEBUG: [vite] hot updated: /resources/css/app.css {"url":"http://localhost:8000/","user_agent":"Mozilla/5.0 (Windows NT 10.0; Win64; x64; rv:155.0) Gecko/20100101 Firefox/155.0","timestamp":"2026-09-12T23:31:15.387Z"} 
[2026-09-12 23:31:26] local.DEBUG: [vite] hot updated: /resources/js/pages/welcome.tsx {"url":"http://localhost:8000/","user_agent":"Mozilla/5.0 (Windows NT 10.0; Win64; x64; rv:155.0) Gecko/20100101 Firefox/155.0","timestamp":"2026-09-12T23:31:25.664Z"} 
[2026-09-12 23:31:26] local.DEBUG: [vite] hot updated: /resources/css/app.css {"url":"http://localhost:8000/","user_agent":"Mozilla/5.0 (Windows NT 10.0; Win64; x64; rv:155.0) Gecko/20100101 Firefox/155.0","timestamp":"2026-09-12T23:31:25.664Z"} 
[2026-09-12 23:31:44] local.DEBUG: [vite] hot updated: /resources/js/layouts/ecovolts-layout.tsx {"url":"http://localhost:8000/","user_agent":"Mozilla/5.0 (Windows NT 10.0; Win64; x64; rv:155.0) Gecko/20100101 Firefox/155.0","timestamp":"2026-09-12T23:31:44.688Z"} 
[2026-09-12 23:31:44] local.DEBUG: [vite] hot updated: /resources/css/app.css {"url":"http://localhost:8000/","user_agent":"Mozilla/5.0 (Windows NT 10.0; Win64; x64; rv:155.0) Gecko/20100101 Firefox/155.0","timestamp":"2026-09-12T23:31:44.688Z"} 
[2026-09-12 23:32:41] local.DEBUG: [vite] hot updated: /resources/js/layouts/ecovolts-layout.tsx {"url":"http://localhost:8000/","user_agent":"Mozilla/5.0 (Windows NT 10.0; Win64; x64; rv:155.0) Gecko/20100101 Firefox/155.0","timestamp":"2026-09-12T23:32:41.569Z"} 
[2026-09-12 23:32:41] local.DEBUG: [vite] hot updated: /resources/css/app.css {"url":"http://localhost:8000/","user_agent":"Mozilla/5.0 (Windows NT 10.0; Win64; x64; rv:155.0) Gecko/20100101 Firefox/155.0","timestamp":"2026-09-12T23:32:41.569Z"} 
[2026-09-12 23:32:46] local.DEBUG: [vite] hot updated: /resources/js/layouts/ecovolts-layout.tsx {"url":"http://localhost:8000/","user_agent":"Mozilla/5.0 (Windows NT 10.0; Win64; x64; rv:155.0) Gecko/20100101 Firefox/155.0","timestamp":"2026-09-12T23:32:46.266Z"} 
[2026-09-12 23:32:46] local.DEBUG: [vite] hot updated: /resources/css/app.css {"url":"http://localhost:8000/","user_agent":"Mozilla/5.0 (Windows NT 10.0; Win64; x64; rv:155.0) Gecko/20100101 Firefox/155.0","timestamp":"2026-09-12T23:32:46.267Z"} 
[2026-09-12 23:32:50] local.DEBUG: [vite] hot updated: /resources/js/layouts/ecovolts-layout.tsx {"url":"http://localhost:8000/","user_agent":"Mozilla/5.0 (Windows NT 10.0; Win64; x64; rv:155.0) Gecko/20100101 Firefox/155.0","timestamp":"2026-09-12T23:32:49.916Z"} 
[2026-09-12 23:32:50] local.DEBUG: [vite] hot updated: /resources/css/app.css {"url":"http://localhost:8000/","user_agent":"Mozilla/5.0 (Windows NT 10.0; Win64; x64; rv:155.0) Gecko/20100101 Firefox/155.0","timestamp":"2026-09-12T23:32:49.916Z"} 
[2026-09-12 23:32:53] local.DEBUG: [vite] hot updated: /resources/js/layouts/ecovolts-layout.tsx {"url":"http://localhost:8000/","user_agent":"Mozilla/5.0 (Windows NT 10.0; Win64; x64; rv:155.0) Gecko/20100101 Firefox/155.0","timestamp":"2026-09-12T23:32:53.607Z"} 
[2026-09-12 23:32:53] local.DEBUG: [vite] hot updated: /resources/css/app.css {"url":"http://localhost:8000/","user_agent":"Mozilla/5.0 (Windows NT 10.0; Win64; x64; rv:155.0) Gecko/20100101 Firefox/155.0","timestamp":"2026-09-12T23:32:53.607Z"} 
[2026-09-12 23:33:00] local.DEBUG: [vite] hot updated: /resources/js/layouts/ecovolts-layout.tsx {"url":"http://localhost:8000/","user_agent":"Mozilla/5.0 (Windows NT 10.0; Win64; x64; rv:155.0) Gecko/20100101 Firefox/155.0","timestamp":"2026-09-12T23:32:59.949Z"} 
[2026-09-12 23:33:00] local.DEBUG: [vite] hot updated: /resources/css/app.css {"url":"http://localhost:8000/","user_agent":"Mozilla/5.0 (Windows NT 10.0; Win64; x64; rv:155.0) Gecko/20100101 Firefox/155.0","timestamp":"2026-09-12T23:32:59.949Z"} 
[2026-09-12 23:33:02] local.DEBUG: [vite] hot updated: /resources/js/layouts/ecovolts-layout.tsx {"url":"http://localhost:8000/","user_agent":"Mozilla/5.0 (Windows NT 10.0; Win64; x64; rv:155.0) Gecko/20100101 Firefox/155.0","timestamp":"2026-09-12T23:33:01.994Z"} 
[2026-09-12 23:33:02] local.DEBUG: [vite] hot updated: /resources/css/app.css {"url":"http://localhost:8000/","user_agent":"Mozilla/5.0 (Windows NT 10.0; Win64; x64; rv:155.0) Gecko/20100101 Firefox/155.0","timestamp":"2026-09-12T23:33:01.994Z"} 
[2026-09-12 23:33:05] local.DEBUG: [vite] hot updated: /resources/js/layouts/ecovolts-layout.tsx {"url":"http://localhost:8000/","user_agent":"Mozilla/5.0 (Windows NT 10.0; Win64; x64; rv:155.0) Gecko/20100101 Firefox/155.0","timestamp":"2026-09-12T23:33:05.217Z"} 
[2026-09-12 23:33:05] local.DEBUG: [vite] hot updated: /resources/css/app.css {"url":"http://localhost:8000/","user_agent":"Mozilla/5.0 (Windows NT 10.0; Win64; x64; rv:155.0) Gecko/20100101 Firefox/155.0","timestamp":"2026-09-12T23:33:05.217Z"} 
[2026-09-12 23:33:14] local.DEBUG: [vite] hot updated: /resources/js/layouts/ecovolts-layout.tsx {"url":"http://localhost:8000/","user_agent":"Mozilla/5.0 (Windows NT 10.0; Win64; x64; rv:155.0) Gecko/20100101 Firefox/155.0","timestamp":"2026-09-12T23:33:14.266Z"} 
[2026-09-12 23:33:14] local.DEBUG: [vite] hot updated: /resources/css/app.css {"url":"http://localhost:8000/","user_agent":"Mozilla/5.0 (Windows NT 10.0; Win64; x64; rv:155.0) Gecko/20100101 Firefox/155.0","timestamp":"2026-09-12T23:33:14.266Z"} 
[2026-09-12 23:34:14] local.DEBUG: [vite] hot updated: /resources/js/pages/welcome.tsx {"url":"http://localhost:8000/","user_agent":"Mozilla/5.0 (Windows NT 10.0; Win64; x64; rv:155.0) Gecko/20100101 Firefox/155.0","timestamp":"2026-09-12T23:34:14.211Z"} 
[2026-09-12 23:34:14] local.DEBUG: [vite] hot updated: /resources/css/app.css {"url":"http://localhost:8000/","user_agent":"Mozilla/5.0 (Windows NT 10.0; Win64; x64; rv:155.0) Gecko/20100101 Firefox/155.0","timestamp":"2026-09-12T23:34:14.211Z"} 
[2026-09-12 23:35:13] local.DEBUG: [vite] hot updated: /resources/js/pages/welcome.tsx {"url":"http://localhost:8000/","user_agent":"Mozilla/5.0 (Windows NT 10.0; Win64; x64; rv:155.0) Gecko/20100101 Firefox/155.0","timestamp":"2026-09-12T23:35:13.159Z"} 
[2026-09-12 23:35:13] local.DEBUG: [vite] hot updated: /resources/css/app.css {"url":"http://localhost:8000/","user_agent":"Mozilla/5.0 (Windows NT 10.0; Win64; x64; rv:155.0) Gecko/20100101 Firefox/155.0","timestamp":"2026-09-12T23:35:13.159Z"} 
[2026-09-12 23:35:16] local.DEBUG: [vite] connecting... {"url":"http://localhost:8000/","user_agent":"Mozilla/5.0 (Windows NT 10.0; Win64; x64; rv:155.0) Gecko/20100101 Firefox/155.0","timestamp":"2026-09-12T23:35:16.617Z"} 
[2026-09-12 23:35:16] local.INFO: %cDownload the React DevTools for a better development experience: https://react.dev/link/react-devtools font-weight:bold {"url":"http://localhost:8000/","user_agent":"Mozilla/5.0 (Windows NT 10.0; Win64; x64; rv:155.0) Gecko/20100101 Firefox/155.0","timestamp":"2026-09-12T23:35:16.623Z"} 
[2026-09-12 23:35:16] local.DEBUG: [vite] connected. {"url":"http://localhost:8000/","user_agent":"Mozilla/5.0 (Windows NT 10.0; Win64; x64; rv:155.0) Gecko/20100101 Firefox/155.0","timestamp":"2026-09-12T23:35:16.633Z"} 
[2026-09-12 23:35:25] local.DEBUG: [vite] hot updated: /resources/js/pages/welcome.tsx {"url":"http://localhost:8000/","user_agent":"Mozilla/5.0 (Windows NT 10.0; Win64; x64; rv:155.0) Gecko/20100101 Firefox/155.0","timestamp":"2026-09-12T23:35:25.213Z"} 
[2026-09-12 23:35:25] local.DEBUG: [vite] hot updated: /resources/css/app.css {"url":"http://localhost:8000/","user_agent":"Mozilla/5.0 (Windows NT 10.0; Win64; x64; rv:155.0) Gecko/20100101 Firefox/155.0","timestamp":"2026-09-12T23:35:25.213Z"} 
[2026-09-12 23:35:28] local.DEBUG: [vite] hot updated: /resources/js/pages/welcome.tsx {"url":"http://localhost:8000/","user_agent":"Mozilla/5.0 (Windows NT 10.0; Win64; x64; rv:155.0) Gecko/20100101 Firefox/155.0","timestamp":"2026-09-12T23:35:28.773Z"} 
[2026-09-12 23:35:29] local.DEBUG: [vite] hot updated: /resources/css/app.css {"url":"http://localhost:8000/","user_agent":"Mozilla/5.0 (Windows NT 10.0; Win64; x64; rv:155.0) Gecko/20100101 Firefox/155.0","timestamp":"2026-09-12T23:35:28.773Z"} 
[2026-09-12 23:35:35] local.DEBUG: [vite] hot updated: /resources/js/pages/welcome.tsx {"url":"http://localhost:8000/","user_agent":"Mozilla/5.0 (Windows NT 10.0; Win64; x64; rv:155.0) Gecko/20100101 Firefox/155.0","timestamp":"2026-09-12T23:35:35.371Z"} 
[2026-09-12 23:35:35] local.DEBUG: [vite] hot updated: /resources/css/app.css {"url":"http://localhost:8000/","user_agent":"Mozilla/5.0 (Windows NT 10.0; Win64; x64; rv:155.0) Gecko/20100101 Firefox/155.0","timestamp":"2026-09-12T23:35:35.371Z"} 
[2026-09-12 23:35:41] local.DEBUG: [vite] hot updated: /resources/js/pages/welcome.tsx {"url":"http://localhost:8000/","user_agent":"Mozilla/5.0 (Windows NT 10.0; Win64; x64; rv:155.0) Gecko/20100101 Firefox/155.0","timestamp":"2026-09-12T23:35:41.630Z"} 
[2026-09-12 23:35:41] local.DEBUG: [vite] hot updated: /resources/css/app.css {"url":"http://localhost:8000/","user_agent":"Mozilla/5.0 (Windows NT 10.0; Win64; x64; rv:155.0) Gecko/20100101 Firefox/155.0","timestamp":"2026-09-12T23:35:41.630Z"} 
[2026-09-12 23:35:45] local.DEBUG: [vite] hot updated: /resources/js/pages/welcome.tsx {"url":"http://localhost:8000/","user_agent":"Mozilla/5.0 (Windows NT 10.0; Win64; x64; rv:155.0) Gecko/20100101 Firefox/155.0","timestamp":"2026-09-12T23:35:44.876Z"} 
[2026-09-12 23:35:45] local.DEBUG: [vite] hot updated: /resources/css/app.css {"url":"http://localhost:8000/","user_agent":"Mozilla/5.0 (Windows NT 10.0; Win64; x64; rv:155.0) Gecko/20100101 Firefox/155.0","timestamp":"2026-09-12T23:35:44.876Z"} 
[2026-09-12 23:36:52] local.DEBUG: [vite] hot updated: /resources/js/pages/welcome.tsx {"url":"http://localhost:8000/","user_agent":"Mozilla/5.0 (Windows NT 10.0; Win64; x64; rv:155.0) Gecko/20100101 Firefox/155.0","timestamp":"2026-09-12T23:36:52.307Z"} 
[2026-09-12 23:36:52] local.DEBUG: [vite] hot updated: /resources/css/app.css {"url":"http://localhost:8000/","user_agent":"Mozilla/5.0 (Windows NT 10.0; Win64; x64; rv:155.0) Gecko/20100101 Firefox/155.0","timestamp":"2026-09-12T23:36:52.307Z"} 
[2026-09-12 23:38:41] local.DEBUG: [vite] hot updated: /resources/js/pages/welcome.tsx {"url":"http://localhost:8000/","user_agent":"Mozilla/5.0 (Windows NT 10.0; Win64; x64; rv:155.0) Gecko/20100101 Firefox/155.0","timestamp":"2026-09-12T23:38:41.252Z"} 
[2026-09-12 23:38:41] local.DEBUG: [vite] hot updated: /resources/css/app.css {"url":"http://localhost:8000/","user_agent":"Mozilla/5.0 (Windows NT 10.0; Win64; x64; rv:155.0) Gecko/20100101 Firefox/155.0","timestamp":"2026-09-12T23:38:41.252Z"} 
[2026-09-12 23:38:54] local.DEBUG: [vite] hot updated: /resources/js/pages/welcome.tsx {"url":"http://localhost:8000/","user_agent":"Mozilla/5.0 (Windows NT 10.0; Win64; x64; rv:155.0) Gecko/20100101 Firefox/155.0","timestamp":"2026-09-12T23:38:53.869Z"} 
[2026-09-12 23:38:54] local.DEBUG: [vite] hot updated: /resources/css/app.css {"url":"http://localhost:8000/","user_agent":"Mozilla/5.0 (Windows NT 10.0; Win64; x64; rv:155.0) Gecko/20100101 Firefox/155.0","timestamp":"2026-09-12T23:38:53.869Z"} 
[2026-09-12 23:39:06] local.DEBUG: [vite] hot updated: /resources/js/pages/welcome.tsx {"url":"http://localhost:8000/","user_agent":"Mozilla/5.0 (Windows NT 10.0; Win64; x64; rv:155.0) Gecko/20100101 Firefox/155.0","timestamp":"2026-09-12T23:39:06.189Z"} 
[2026-09-12 23:39:06] local.DEBUG: [vite] hot updated: /resources/css/app.css {"url":"http://localhost:8000/","user_agent":"Mozilla/5.0 (Windows NT 10.0; Win64; x64; rv:155.0) Gecko/20100101 Firefox/155.0","timestamp":"2026-09-12T23:39:06.189Z"} 
[2026-09-12 23:39:37] local.DEBUG: [vite] hot updated: /resources/js/pages/welcome.tsx {"url":"http://localhost:8000/","user_agent":"Mozilla/5.0 (Windows NT 10.0; Win64; x64; rv:155.0) Gecko/20100101 Firefox/155.0","timestamp":"2026-09-12T23:39:37.492Z"} 
[2026-09-12 23:39:37] local.DEBUG: [vite] hot updated: /resources/css/app.css {"url":"http://localhost:8000/","user_agent":"Mozilla/5.0 (Windows NT 10.0; Win64; x64; rv:155.0) Gecko/20100101 Firefox/155.0","timestamp":"2026-09-12T23:39:37.492Z"} 
[2026-09-12 23:40:05] local.DEBUG: [vite] hot updated: /resources/js/pages/welcome.tsx {"url":"http://localhost:8000/","user_agent":"Mozilla/5.0 (Windows NT 10.0; Win64; x64; rv:155.0) Gecko/20100101 Firefox/155.0","timestamp":"2026-09-12T23:40:05.225Z"} 
[2026-09-12 23:40:05] local.DEBUG: [vite] hot updated: /resources/css/app.css {"url":"http://localhost:8000/","user_agent":"Mozilla/5.0 (Windows NT 10.0; Win64; x64; rv:155.0) Gecko/20100101 Firefox/155.0","timestamp":"2026-09-12T23:40:05.225Z"} 
[2026-09-12 23:40:33] local.DEBUG: [vite] hot updated: /resources/js/pages/welcome.tsx {"url":"http://localhost:8000/","user_agent":"Mozilla/5.0 (Windows NT 10.0; Win64; x64; rv:155.0) Gecko/20100101 Firefox/155.0","timestamp":"2026-09-12T23:40:33.506Z"} 
[2026-09-12 23:40:33] local.DEBUG: [vite] hot updated: /resources/css/app.css {"url":"http://localhost:8000/","user_agent":"Mozilla/5.0 (Windows NT 10.0; Win64; x64; rv:155.0) Gecko/20100101 Firefox/155.0","timestamp":"2026-09-12T23:40:33.506Z"} 
[2026-09-12 23:40:37] local.DEBUG: [vite] hot updated: /resources/js/pages/welcome.tsx {"url":"http://localhost:8000/","user_agent":"Mozilla/5.0 (Windows NT 10.0; Win64; x64; rv:155.0) Gecko/20100101 Firefox/155.0","timestamp":"2026-09-12T23:40:37.412Z"} 
[2026-09-12 23:40:37] local.DEBUG: [vite] hot updated: /resources/css/app.css {"url":"http://localhost:8000/","user_agent":"Mozilla/5.0 (Windows NT 10.0; Win64; x64; rv:155.0) Gecko/20100101 Firefox/155.0","timestamp":"2026-09-12T23:40:37.412Z"} 
[2026-09-12 23:40:41] local.DEBUG: [vite] hot updated: /resources/js/pages/welcome.tsx {"url":"http://localhost:8000/","user_agent":"Mozilla/5.0 (Windows NT 10.0; Win64; x64; rv:155.0) Gecko/20100101 Firefox/155.0","timestamp":"2026-09-12T23:40:41.419Z"} 
[2026-09-12 23:40:41] local.DEBUG: [vite] hot updated: /resources/css/app.css {"url":"http://localhost:8000/","user_agent":"Mozilla/5.0 (Windows NT 10.0; Win64; x64; rv:155.0) Gecko/20100101 Firefox/155.0","timestamp":"2026-09-12T23:40:41.419Z"} 
[2026-09-12 23:40:44] local.DEBUG: [vite] hot updated: /resources/js/pages/welcome.tsx {"url":"http://localhost:8000/","user_agent":"Mozilla/5.0 (Windows NT 10.0; Win64; x64; rv:155.0) Gecko/20100101 Firefox/155.0","timestamp":"2026-09-12T23:40:44.213Z"} 
[2026-09-12 23:40:44] local.DEBUG: [vite] hot updated: /resources/css/app.css {"url":"http://localhost:8000/","user_agent":"Mozilla/5.0 (Windows NT 10.0; Win64; x64; rv:155.0) Gecko/20100101 Firefox/155.0","timestamp":"2026-09-12T23:40:44.213Z"} 
[2026-09-12 23:40:49] local.DEBUG: [vite] hot updated: /resources/js/pages/welcome.tsx {"url":"http://localhost:8000/","user_agent":"Mozilla/5.0 (Windows NT 10.0; Win64; x64; rv:155.0) Gecko/20100101 Firefox/155.0","timestamp":"2026-09-12T23:40:48.652Z"} 
[2026-09-12 23:40:49] local.DEBUG: [vite] hot updated: /resources/css/app.css {"url":"http://localhost:8000/","user_agent":"Mozilla/5.0 (Windows NT 10.0; Win64; x64; rv:155.0) Gecko/20100101 Firefox/155.0","timestamp":"2026-09-12T23:40:48.652Z"} 
[2026-09-12 23:40:50] local.DEBUG: [vite] hot updated: /resources/js/pages/welcome.tsx {"url":"http://localhost:8000/","user_agent":"Mozilla/5.0 (Windows NT 10.0; Win64; x64; rv:155.0) Gecko/20100101 Firefox/155.0","timestamp":"2026-09-12T23:40:49.920Z"} 
[2026-09-12 23:40:50] local.DEBUG: [vite] hot updated: /resources/css/app.css {"url":"http://localhost:8000/","user_agent":"Mozilla/5.0 (Windows NT 10.0; Win64; x64; rv:155.0) Gecko/20100101 Firefox/155.0","timestamp":"2026-09-12T23:40:49.920Z"} 
[2026-09-12 23:41:07] local.DEBUG: [vite] hot updated: /resources/js/pages/welcome.tsx {"url":"http://localhost:8000/","user_agent":"Mozilla/5.0 (Windows NT 10.0; Win64; x64; rv:155.0) Gecko/20100101 Firefox/155.0","timestamp":"2026-09-12T23:41:07.565Z"} 
[2026-09-12 23:41:07] local.DEBUG: [vite] hot updated: /resources/css/app.css {"url":"http://localhost:8000/","user_agent":"Mozilla/5.0 (Windows NT 10.0; Win64; x64; rv:155.0) Gecko/20100101 Firefox/155.0","timestamp":"2026-09-12T23:41:07.565Z"} 
[2026-09-12 23:41:16] local.DEBUG: [vite] hot updated: /resources/js/pages/welcome.tsx {"url":"http://localhost:8000/","user_agent":"Mozilla/5.0 (Windows NT 10.0; Win64; x64; rv:155.0) Gecko/20100101 Firefox/155.0","timestamp":"2026-09-12T23:41:15.831Z"} 
[2026-09-12 23:41:16] local.DEBUG: [vite] hot updated: /resources/css/app.css {"url":"http://localhost:8000/","user_agent":"Mozilla/5.0 (Windows NT 10.0; Win64; x64; rv:155.0) Gecko/20100101 Firefox/155.0","timestamp":"2026-09-12T23:41:15.831Z"} 
[2026-09-12 23:41:32] local.DEBUG: [vite] hot updated: /resources/js/pages/welcome.tsx {"url":"http://localhost:8000/","user_agent":"Mozilla/5.0 (Windows NT 10.0; Win64; x64; rv:155.0) Gecko/20100101 Firefox/155.0","timestamp":"2026-09-12T23:41:32.584Z"} 
[2026-09-12 23:41:32] local.DEBUG: [vite] hot updated: /resources/css/app.css {"url":"http://localhost:8000/","user_agent":"Mozilla/5.0 (Windows NT 10.0; Win64; x64; rv:155.0) Gecko/20100101 Firefox/155.0","timestamp":"2026-09-12T23:41:32.584Z"} 
[2026-09-12 23:41:39] local.DEBUG: [vite] hot updated: /resources/js/pages/welcome.tsx {"url":"http://localhost:8000/","user_agent":"Mozilla/5.0 (Windows NT 10.0; Win64; x64; rv:155.0) Gecko/20100101 Firefox/155.0","timestamp":"2026-09-12T23:41:39.144Z"} 
[2026-09-12 23:41:39] local.DEBUG: [vite] hot updated: /resources/css/app.css {"url":"http://localhost:8000/","user_agent":"Mozilla/5.0 (Windows NT 10.0; Win64; x64; rv:155.0) Gecko/20100101 Firefox/155.0","timestamp":"2026-09-12T23:41:39.145Z"} 
[2026-09-12 23:41:50] local.DEBUG: [vite] hot updated: /resources/js/pages/welcome.tsx {"url":"http://localhost:8000/","user_agent":"Mozilla/5.0 (Windows NT 10.0; Win64; x64; rv:155.0) Gecko/20100101 Firefox/155.0","timestamp":"2026-09-12T23:41:50.238Z"} 
[2026-09-12 23:41:50] local.DEBUG: [vite] hot updated: /resources/css/app.css {"url":"http://localhost:8000/","user_agent":"Mozilla/5.0 (Windows NT 10.0; Win64; x64; rv:155.0) Gecko/20100101 Firefox/155.0","timestamp":"2026-09-12T23:41:50.238Z"} 
[2026-09-12 23:42:02] local.DEBUG: [vite] hot updated: /resources/js/pages/welcome.tsx {"url":"http://localhost:8000/","user_agent":"Mozilla/5.0 (Windows NT 10.0; Win64; x64; rv:155.0) Gecko/20100101 Firefox/155.0","timestamp":"2026-09-12T23:42:02.580Z"} 
[2026-09-12 23:42:02] local.DEBUG: [vite] hot updated: /resources/css/app.css {"url":"http://localhost:8000/","user_agent":"Mozilla/5.0 (Windows NT 10.0; Win64; x64; rv:155.0) Gecko/20100101 Firefox/155.0","timestamp":"2026-09-12T23:42:02.580Z"} 
[2026-09-12 23:42:15] local.DEBUG: [vite] hot updated: /resources/js/pages/welcome.tsx {"url":"http://localhost:8000/","user_agent":"Mozilla/5.0 (Windows NT 10.0; Win64; x64; rv:155.0) Gecko/20100101 Firefox/155.0","timestamp":"2026-09-12T23:42:10.085Z"} 
[2026-09-12 23:42:15] local.DEBUG: [vite] hot updated: /resources/css/app.css {"url":"http://localhost:8000/","user_agent":"Mozilla/5.0 (Windows NT 10.0; Win64; x64; rv:155.0) Gecko/20100101 Firefox/155.0","timestamp":"2026-09-12T23:42:10.085Z"} 
[2026-09-12 23:42:15] local.DEBUG: [vite] hot updated: /resources/js/pages/welcome.tsx {"url":"http://localhost:8000/","user_agent":"Mozilla/5.0 (Windows NT 10.0; Win64; x64; rv:155.0) Gecko/20100101 Firefox/155.0","timestamp":"2026-09-12T23:42:14.181Z"} 
[2026-09-12 23:42:15] local.DEBUG: [vite] hot updated: /resources/css/app.css {"url":"http://localhost:8000/","user_agent":"Mozilla/5.0 (Windows NT 10.0; Win64; x64; rv:155.0) Gecko/20100101 Firefox/155.0","timestamp":"2026-09-12T23:42:14.181Z"} 
[2026-09-12 23:42:28] local.DEBUG: [vite] hot updated: /resources/js/pages/welcome.tsx {"url":"http://localhost:8000/","user_agent":"Mozilla/5.0 (Windows NT 10.0; Win64; x64; rv:155.0) Gecko/20100101 Firefox/155.0","timestamp":"2026-09-12T23:42:27.931Z"} 
[2026-09-12 23:42:28] local.DEBUG: [vite] hot updated: /resources/css/app.css {"url":"http://localhost:8000/","user_agent":"Mozilla/5.0 (Windows NT 10.0; Win64; x64; rv:155.0) Gecko/20100101 Firefox/155.0","timestamp":"2026-09-12T23:42:27.931Z"} 
[2026-09-12 23:42:37] local.DEBUG: [vite] hot updated: /resources/js/pages/welcome.tsx {"url":"http://localhost:8000/","user_agent":"Mozilla/5.0 (Windows NT 10.0; Win64; x64; rv:155.0) Gecko/20100101 Firefox/155.0","timestamp":"2026-09-12T23:42:37.218Z"} 
[2026-09-12 23:42:37] local.DEBUG: [vite] hot updated: /resources/css/app.css {"url":"http://localhost:8000/","user_agent":"Mozilla/5.0 (Windows NT 10.0; Win64; x64; rv:155.0) Gecko/20100101 Firefox/155.0","timestamp":"2026-09-12T23:42:37.218Z"} 
[2026-09-12 23:42:57] local.DEBUG: [vite] hot updated: /resources/js/pages/welcome.tsx {"url":"http://localhost:8000/","user_agent":"Mozilla/5.0 (Windows NT 10.0; Win64; x64; rv:155.0) Gecko/20100101 Firefox/155.0","timestamp":"2026-09-12T23:42:57.718Z"} 
[2026-09-12 23:42:57] local.DEBUG: [vite] hot updated: /resources/css/app.css {"url":"http://localhost:8000/","user_agent":"Mozilla/5.0 (Windows NT 10.0; Win64; x64; rv:155.0) Gecko/20100101 Firefox/155.0","timestamp":"2026-09-12T23:42:57.718Z"} 
[2026-09-12 23:43:03] local.DEBUG: [vite] hot updated: /resources/js/pages/welcome.tsx {"url":"http://localhost:8000/","user_agent":"Mozilla/5.0 (Windows NT 10.0; Win64; x64; rv:155.0) Gecko/20100101 Firefox/155.0","timestamp":"2026-09-12T23:43:02.888Z"} 
[2026-09-12 23:43:03] local.DEBUG: [vite] hot updated: /resources/css/app.css {"url":"http://localhost:8000/","user_agent":"Mozilla/5.0 (Windows NT 10.0; Win64; x64; rv:155.0) Gecko/20100101 Firefox/155.0","timestamp":"2026-09-12T23:43:02.888Z"} 
[2026-09-12 23:43:23] local.DEBUG: [vite] hot updated: /resources/js/pages/welcome.tsx {"url":"http://localhost:8000/","user_agent":"Mozilla/5.0 (Windows NT 10.0; Win64; x64; rv:155.0) Gecko/20100101 Firefox/155.0","timestamp":"2026-09-12T23:43:23.061Z"} 
[2026-09-12 23:43:23] local.DEBUG: [vite] hot updated: /resources/css/app.css {"url":"http://localhost:8000/","user_agent":"Mozilla/5.0 (Windows NT 10.0; Win64; x64; rv:155.0) Gecko/20100101 Firefox/155.0","timestamp":"2026-09-12T23:43:23.061Z"} 
[2026-09-12 23:44:09] local.DEBUG: [vite] hot updated: /resources/js/pages/welcome.tsx {"url":"http://localhost:8000/","user_agent":"Mozilla/5.0 (Windows NT 10.0; Win64; x64; rv:155.0) Gecko/20100101 Firefox/155.0","timestamp":"2026-09-12T23:44:08.850Z"} 
[2026-09-12 23:44:09] local.DEBUG: [vite] hot updated: /resources/css/app.css {"url":"http://localhost:8000/","user_agent":"Mozilla/5.0 (Windows NT 10.0; Win64; x64; rv:155.0) Gecko/20100101 Firefox/155.0","timestamp":"2026-09-12T23:44:08.850Z"} 
[2026-09-12 23:44:22] local.DEBUG: [vite] hot updated: /resources/js/pages/welcome.tsx {"url":"http://localhost:8000/","user_agent":"Mozilla/5.0 (Windows NT 10.0; Win64; x64; rv:155.0) Gecko/20100101 Firefox/155.0","timestamp":"2026-09-12T23:44:21.806Z"} 
[2026-09-12 23:44:22] local.DEBUG: [vite] hot updated: /resources/css/app.css {"url":"http://localhost:8000/","user_agent":"Mozilla/5.0 (Windows NT 10.0; Win64; x64; rv:155.0) Gecko/20100101 Firefox/155.0","timestamp":"2026-09-12T23:44:21.806Z"} 
[2026-09-12 23:45:57] local.DEBUG: [vite] hot updated: /resources/js/layouts/ecovolts-layout.tsx {"url":"http://localhost:8000/","user_agent":"Mozilla/5.0 (Windows NT 10.0; Win64; x64; rv:155.0) Gecko/20100101 Firefox/155.0","timestamp":"2026-09-12T23:45:56.650Z"} 
[2026-09-12 23:45:57] local.DEBUG: [vite] hot updated: /resources/css/app.css {"url":"http://localhost:8000/","user_agent":"Mozilla/5.0 (Windows NT 10.0; Win64; x64; rv:155.0) Gecko/20100101 Firefox/155.0","timestamp":"2026-09-12T23:45:56.650Z"} 
[2026-09-12 23:45:59] local.DEBUG: [vite] hot updated: /resources/js/layouts/ecovolts-layout.tsx {"url":"http://localhost:8000/","user_agent":"Mozilla/5.0 (Windows NT 10.0; Win64; x64; rv:155.0) Gecko/20100101 Firefox/155.0","timestamp":"2026-09-12T23:45:59.652Z"} 
[2026-09-12 23:45:59] local.DEBUG: [vite] hot updated: /resources/css/app.css {"url":"http://localhost:8000/","user_agent":"Mozilla/5.0 (Windows NT 10.0; Win64; x64; rv:155.0) Gecko/20100101 Firefox/155.0","timestamp":"2026-09-12T23:45:59.652Z"} 
[2026-09-12 23:46:03] local.DEBUG: [vite] hot updated: /resources/js/layouts/ecovolts-layout.tsx {"url":"http://localhost:8000/","user_agent":"Mozilla/5.0 (Windows NT 10.0; Win64; x64; rv:155.0) Gecko/20100101 Firefox/155.0","timestamp":"2026-09-12T23:46:03.560Z"} 
[2026-09-12 23:46:03] local.DEBUG: [vite] hot updated: /resources/css/app.css {"url":"http://localhost:8000/","user_agent":"Mozilla/5.0 (Windows NT 10.0; Win64; x64; rv:155.0) Gecko/20100101 Firefox/155.0","timestamp":"2026-09-12T23:46:03.560Z"} 
[2026-09-12 23:46:08] local.DEBUG: [vite] hot updated: /resources/js/layouts/ecovolts-layout.tsx {"url":"http://localhost:8000/","user_agent":"Mozilla/5.0 (Windows NT 10.0; Win64; x64; rv:155.0) Gecko/20100101 Firefox/155.0","timestamp":"2026-09-12T23:46:08.263Z"} 
[2026-09-12 23:46:08] local.DEBUG: [vite] hot updated: /resources/css/app.css {"url":"http://localhost:8000/","user_agent":"Mozilla/5.0 (Windows NT 10.0; Win64; x64; rv:155.0) Gecko/20100101 Firefox/155.0","timestamp":"2026-09-12T23:46:08.263Z"} 
[2026-09-12 23:46:11] local.DEBUG: [vite] hot updated: /resources/js/layouts/ecovolts-layout.tsx {"url":"http://localhost:8000/","user_agent":"Mozilla/5.0 (Windows NT 10.0; Win64; x64; rv:155.0) Gecko/20100101 Firefox/155.0","timestamp":"2026-09-12T23:46:11.144Z"} 
[2026-09-12 23:46:11] local.DEBUG: [vite] hot updated: /resources/css/app.css {"url":"http://localhost:8000/","user_agent":"Mozilla/5.0 (Windows NT 10.0; Win64; x64; rv:155.0) Gecko/20100101 Firefox/155.0","timestamp":"2026-09-12T23:46:11.144Z"} 
[2026-09-12 23:46:13] local.DEBUG: [vite] hot updated: /resources/js/layouts/ecovolts-layout.tsx {"url":"http://localhost:8000/","user_agent":"Mozilla/5.0 (Windows NT 10.0; Win64; x64; rv:155.0) Gecko/20100101 Firefox/155.0","timestamp":"2026-09-12T23:46:13.491Z"} 
[2026-09-12 23:46:13] local.DEBUG: [vite] hot updated: /resources/css/app.css {"url":"http://localhost:8000/","user_agent":"Mozilla/5.0 (Windows NT 10.0; Win64; x64; rv:155.0) Gecko/20100101 Firefox/155.0","timestamp":"2026-09-12T23:46:13.491Z"} 
[2026-09-12 23:50:25] local.DEBUG: [vite] hot updated: /resources/js/layouts/ecovolts-layout.tsx {"url":"http://localhost:8000/","user_agent":"Mozilla/5.0 (Windows NT 10.0; Win64; x64; rv:155.0) Gecko/20100101 Firefox/155.0","timestamp":"2026-09-12T23:50:24.907Z"} 
[2026-09-12 23:50:25] local.DEBUG: [vite] hot updated: /resources/css/app.css {"url":"http://localhost:8000/","user_agent":"Mozilla/5.0 (Windows NT 10.0; Win64; x64; rv:155.0) Gecko/20100101 Firefox/155.0","timestamp":"2026-09-12T23:50:24.907Z"} 
[2026-09-12 23:50:43] local.DEBUG: [vite] hot updated: /resources/js/layouts/ecovolts-layout.tsx {"url":"http://localhost:8000/","user_agent":"Mozilla/5.0 (Windows NT 10.0; Win64; x64; rv:155.0) Gecko/20100101 Firefox/155.0","timestamp":"2026-09-12T23:50:43.723Z"} 
[2026-09-12 23:50:43] local.DEBUG: [vite] hot updated: /resources/css/app.css {"url":"http://localhost:8000/","user_agent":"Mozilla/5.0 (Windows NT 10.0; Win64; x64; rv:155.0) Gecko/20100101 Firefox/155.0","timestamp":"2026-09-12T23:50:43.723Z"} 
[2026-09-13 00:21:15] local.DEBUG: [vite] connecting... {"url":"http://localhost:8000/","user_agent":"Mozilla/5.0 (Windows NT 10.0; Win64; x64; rv:155.0) Gecko/20100101 Firefox/155.0","timestamp":"2026-09-13T00:21:14.978Z"} 
[2026-09-13 00:21:15] local.DEBUG: [vite] connected. {"url":"http://localhost:8000/","user_agent":"Mozilla/5.0 (Windows NT 10.0; Win64; x64; rv:155.0) Gecko/20100101 Firefox/155.0","timestamp":"2026-09-13T00:21:14.984Z"} 
[2026-09-13 00:21:20] local.INFO: %cDownload the React DevTools for a better development experience: https://react.dev/link/react-devtools font-weight:bold {"url":"http://localhost:8000/","user_agent":"Mozilla/5.0 (Windows NT 10.0; Win64; x64; rv:155.0) Gecko/20100101 Firefox/155.0","timestamp":"2026-09-13T00:21:19.891Z"} 
[2026-09-13 00:23:10] local.DEBUG: [vite] hot updated: /resources/js/pages/welcome.tsx {"url":"http://localhost:8000/","user_agent":"Mozilla/5.0 (Windows NT 10.0; Win64; x64; rv:155.0) Gecko/20100101 Firefox/155.0","timestamp":"2026-09-13T00:23:10.524Z"} 
[2026-09-13 00:23:10] local.DEBUG: [vite] hot updated: /resources/css/app.css {"url":"http://localhost:8000/","user_agent":"Mozilla/5.0 (Windows NT 10.0; Win64; x64; rv:155.0) Gecko/20100101 Firefox/155.0","timestamp":"2026-09-13T00:23:10.524Z"} 
[2026-09-13 00:23:10] local.DEBUG: [vite] hot updated: /resources/js/pages/welcome.tsx {"url":"http://localhost:8000/","user_agent":"Mozilla/5.0 (Windows NT 10.0; Win64; x64; rv:155.0) Gecko/20100101 Firefox/155.0","timestamp":"2026-09-13T00:23:10.527Z"} 
[2026-09-13 00:23:10] local.DEBUG: [vite] hot updated: /resources/css/app.css {"url":"http://localhost:8000/","user_agent":"Mozilla/5.0 (Windows NT 10.0; Win64; x64; rv:155.0) Gecko/20100101 Firefox/155.0","timestamp":"2026-09-13T00:23:10.527Z"} 
[2026-09-13 00:23:37] local.DEBUG: [vite] hot updated: /resources/js/pages/welcome.tsx {"url":"http://localhost:8000/","user_agent":"Mozilla/5.0 (Windows NT 10.0; Win64; x64; rv:155.0) Gecko/20100101 Firefox/155.0","timestamp":"2026-09-13T00:23:36.900Z"} 
[2026-09-13 00:23:37] local.DEBUG: [vite] hot updated: /resources/css/app.css {"url":"http://localhost:8000/","user_agent":"Mozilla/5.0 (Windows NT 10.0; Win64; x64; rv:155.0) Gecko/20100101 Firefox/155.0","timestamp":"2026-09-13T00:23:36.900Z"} 
[2026-09-13 00:23:39] local.DEBUG: [vite] connecting... {"url":"http://localhost:8000/","user_agent":"Mozilla/5.0 (Windows NT 10.0; Win64; x64; rv:155.0) Gecko/20100101 Firefox/155.0","timestamp":"2026-09-13T00:23:39.732Z"} 
[2026-09-13 00:23:39] local.INFO: %cDownload the React DevTools for a better development experience: https://react.dev/link/react-devtools font-weight:bold {"url":"http://localhost:8000/","user_agent":"Mozilla/5.0 (Windows NT 10.0; Win64; x64; rv:155.0) Gecko/20100101 Firefox/155.0","timestamp":"2026-09-13T00:23:39.739Z"} 
[2026-09-13 00:23:39] local.DEBUG: [vite] connected. {"url":"http://localhost:8000/","user_agent":"Mozilla/5.0 (Windows NT 10.0; Win64; x64; rv:155.0) Gecko/20100101 Firefox/155.0","timestamp":"2026-09-13T00:23:39.741Z"} 
[2026-09-13 00:23:44] local.DEBUG: [vite] hot updated: /resources/js/pages/welcome.tsx {"url":"http://localhost:8000/","user_agent":"Mozilla/5.0 (Windows NT 10.0; Win64; x64; rv:155.0) Gecko/20100101 Firefox/155.0","timestamp":"2026-09-13T00:23:44.186Z"} 
[2026-09-13 00:23:44] local.DEBUG: [vite] hot updated: /resources/css/app.css {"url":"http://localhost:8000/","user_agent":"Mozilla/5.0 (Windows NT 10.0; Win64; x64; rv:155.0) Gecko/20100101 Firefox/155.0","timestamp":"2026-09-13T00:23:44.186Z"} 
[2026-09-13 00:23:47] local.DEBUG: [vite] connecting... {"url":"http://localhost:8000/","user_agent":"Mozilla/5.0 (Windows NT 10.0; Win64; x64; rv:155.0) Gecko/20100101 Firefox/155.0","timestamp":"2026-09-13T00:23:47.272Z"} 
[2026-09-13 00:23:47] local.INFO: %cDownload the React DevTools for a better development experience: https://react.dev/link/react-devtools font-weight:bold {"url":"http://localhost:8000/","user_agent":"Mozilla/5.0 (Windows NT 10.0; Win64; x64; rv:155.0) Gecko/20100101 Firefox/155.0","timestamp":"2026-09-13T00:23:47.282Z"} 
[2026-09-13 00:23:47] local.DEBUG: [vite] connected. {"url":"http://localhost:8000/","user_agent":"Mozilla/5.0 (Windows NT 10.0; Win64; x64; rv:155.0) Gecko/20100101 Firefox/155.0","timestamp":"2026-09-13T00:23:47.284Z"} 
[2026-09-13 00:23:52] local.DEBUG: [vite] hot updated: /resources/js/pages/welcome.tsx {"url":"http://localhost:8000/","user_agent":"Mozilla/5.0 (Windows NT 10.0; Win64; x64; rv:155.0) Gecko/20100101 Firefox/155.0","timestamp":"2026-09-13T00:23:52.274Z"} 
[2026-09-13 00:23:52] local.DEBUG: [vite] hot updated: /resources/css/app.css {"url":"http://localhost:8000/","user_agent":"Mozilla/5.0 (Windows NT 10.0; Win64; x64; rv:155.0) Gecko/20100101 Firefox/155.0","timestamp":"2026-09-13T00:23:52.274Z"} 
[2026-09-13 00:23:58] local.DEBUG: [vite] hot updated: /resources/js/pages/welcome.tsx {"url":"http://localhost:8000/","user_agent":"Mozilla/5.0 (Windows NT 10.0; Win64; x64; rv:155.0) Gecko/20100101 Firefox/155.0","timestamp":"2026-09-13T00:23:58.059Z"} 
[2026-09-13 00:23:58] local.DEBUG: [vite] hot updated: /resources/css/app.css {"url":"http://localhost:8000/","user_agent":"Mozilla/5.0 (Windows NT 10.0; Win64; x64; rv:155.0) Gecko/20100101 Firefox/155.0","timestamp":"2026-09-13T00:23:58.059Z"} 
[2026-09-13 00:24:03] local.DEBUG: [vite] hot updated: /resources/js/pages/welcome.tsx {"url":"http://localhost:8000/","user_agent":"Mozilla/5.0 (Windows NT 10.0; Win64; x64; rv:155.0) Gecko/20100101 Firefox/155.0","timestamp":"2026-09-13T00:24:02.838Z"} 
[2026-09-13 00:24:03] local.DEBUG: [vite] hot updated: /resources/css/app.css {"url":"http://localhost:8000/","user_agent":"Mozilla/5.0 (Windows NT 10.0; Win64; x64; rv:155.0) Gecko/20100101 Firefox/155.0","timestamp":"2026-09-13T00:24:02.838Z"} 
[2026-09-13 00:24:20] local.DEBUG: [vite] hot updated: /resources/js/pages/welcome.tsx {"url":"http://localhost:8000/","user_agent":"Mozilla/5.0 (Windows NT 10.0; Win64; x64; rv:155.0) Gecko/20100101 Firefox/155.0","timestamp":"2026-09-13T00:24:19.887Z"} 
[2026-09-13 00:24:20] local.DEBUG: [vite] hot updated: /resources/css/app.css {"url":"http://localhost:8000/","user_agent":"Mozilla/5.0 (Windows NT 10.0; Win64; x64; rv:155.0) Gecko/20100101 Firefox/155.0","timestamp":"2026-09-13T00:24:19.887Z"} 
[2026-09-13 00:25:12] local.DEBUG: [vite] hot updated: /resources/js/pages/welcome.tsx {"url":"http://localhost:8000/","user_agent":"Mozilla/5.0 (Windows NT 10.0; Win64; x64; rv:155.0) Gecko/20100101 Firefox/155.0","timestamp":"2026-09-13T00:25:11.946Z"} 
[2026-09-13 00:25:12] local.DEBUG: [vite] hot updated: /resources/css/app.css {"url":"http://localhost:8000/","user_agent":"Mozilla/5.0 (Windows NT 10.0; Win64; x64; rv:155.0) Gecko/20100101 Firefox/155.0","timestamp":"2026-09-13T00:25:11.946Z"} 
[2026-09-13 00:25:15] local.DEBUG: [vite] hot updated: /resources/js/pages/welcome.tsx {"url":"http://localhost:8000/","user_agent":"Mozilla/5.0 (Windows NT 10.0; Win64; x64; rv:155.0) Gecko/20100101 Firefox/155.0","timestamp":"2026-09-13T00:25:15.333Z"} 
[2026-09-13 00:25:15] local.DEBUG: [vite] hot updated: /resources/css/app.css {"url":"http://localhost:8000/","user_agent":"Mozilla/5.0 (Windows NT 10.0; Win64; x64; rv:155.0) Gecko/20100101 Firefox/155.0","timestamp":"2026-09-13T00:25:15.333Z"} 
[2026-09-13 00:25:17] local.DEBUG: [vite] hot updated: /resources/js/pages/welcome.tsx {"url":"http://localhost:8000/","user_agent":"Mozilla/5.0 (Windows NT 10.0; Win64; x64; rv:155.0) Gecko/20100101 Firefox/155.0","timestamp":"2026-09-13T00:25:17.221Z"} 
[2026-09-13 00:25:17] local.DEBUG: [vite] hot updated: /resources/css/app.css {"url":"http://localhost:8000/","user_agent":"Mozilla/5.0 (Windows NT 10.0; Win64; x64; rv:155.0) Gecko/20100101 Firefox/155.0","timestamp":"2026-09-13T00:25:17.221Z"} 
[2026-09-13 00:31:59] local.DEBUG: [vite] hot updated: /resources/js/layouts/ecovolts-layout.tsx {"url":"http://localhost:8000/","user_agent":"Mozilla/5.0 (Windows NT 10.0; Win64; x64; rv:155.0) Gecko/20100101 Firefox/155.0","timestamp":"2026-09-13T00:31:57.580Z"} 
[2026-09-13 00:31:59] local.DEBUG: [vite] hot updated: /resources/css/app.css {"url":"http://localhost:8000/","user_agent":"Mozilla/5.0 (Windows NT 10.0; Win64; x64; rv:155.0) Gecko/20100101 Firefox/155.0","timestamp":"2026-09-13T00:31:57.580Z"} 
[2026-09-13 00:32:29] local.DEBUG: [vite] hot updated: /resources/js/layouts/ecovolts-layout.tsx {"url":"http://localhost:8000/","user_agent":"Mozilla/5.0 (Windows NT 10.0; Win64; x64; rv:155.0) Gecko/20100101 Firefox/155.0","timestamp":"2026-09-13T00:32:29.239Z"} 
[2026-09-13 00:32:29] local.DEBUG: [vite] hot updated: /resources/css/app.css {"url":"http://localhost:8000/","user_agent":"Mozilla/5.0 (Windows NT 10.0; Win64; x64; rv:155.0) Gecko/20100101 Firefox/155.0","timestamp":"2026-09-13T00:32:29.239Z"} 
[2026-09-13 00:32:29] local.ERROR: ReferenceError: headerOpacity is not defined http://[::1]:5173/resources/js/layouts/ecovolts-layout.tsx?t=1789259549171 37 20 ReferenceError headerOpacity is not defined EcoVoltsLayout@http://[::1]:5173/resources/js/layouts/ecovolts-layout.tsx?t=1789259549171:37:20
react-stack-bottom-frame@http://[::1]:5173/node_modules/.vite/deps/react-dom_client.js?v=e632e0ae:16192:20
renderWithHooks@http://[::1]:5173/node_modules/.vite/deps/react-dom_client.js?v=e632e0ae:4306:42
updateFunctionComponent@http://[::1]:5173/node_modules/.vite/deps/react-dom_client.js?v=e632e0ae:5972:21
beginWork@http://[::1]:5173/node_modules/.vite/deps/react-dom_client.js?v=e632e0ae:7048:20
runWithFiberInDEV@http://[::1]:5173/node_modules/.vite/deps/react-dom_client.js?v=e632e0ae:726:18
performUnitOfWork@http://[::1]:5173/node_modules/.vite/deps/react-dom_client.js?v=e632e0ae:10831:98
workLoopSync@http://[::1]:5173/node_modules/.vite/deps/react-dom_client.js?v=e632e0ae:10692:60
renderRootSync@http://[::1]:5173/node_modules/.vite/deps/react-dom_client.js?v=e632e0ae:10675:13
performWorkOnRoot@http://[::1]:5173/node_modules/.vite/deps/react-dom_client.js?v=e632e0ae:10323:46
performSyncWorkOnRoot@http://[::1]:5173/node_modules/.vite/deps/react-dom_client.js?v=e632e0ae:11448:26
flushSyncWorkAcrossRoots_impl@http://[::1]:5173/node_modules/.vite/deps/react-dom_client.js?v=e632e0ae:11356:122
flushSyncWork$1@http://[::1]:5173/node_modules/.vite/deps/react-dom_client.js?v=e632e0ae:10533:86
scheduleRefresh@http://[::1]:5173/node_modules/.vite/deps/react-dom_client.js?v=e632e0ae:381:11
performReactRefresh/<@http://[::1]:5173/@react-refresh:188:21
performReactRefresh@http://[::1]:5173/@react-refresh:180:30
enqueueUpdate<@http://[::1]:5173/@react-refresh:474:11 {"url":"http://localhost:8000/","user_agent":"Mozilla/5.0 (Windows NT 10.0; Win64; x64; rv:155.0) Gecko/20100101 Firefox/155.0","timestamp":"2026-09-13T00:32:29.256Z"} 
[2026-09-13 00:32:29] local.ERROR: ReferenceError: headerOpacity is not defined http://[::1]:5173/resources/js/layouts/ecovolts-layout.tsx?t=1789259549171 37 20 ReferenceError headerOpacity is not defined EcoVoltsLayout@http://[::1]:5173/resources/js/layouts/ecovolts-layout.tsx?t=1789259549171:37:20
react-stack-bottom-frame@http://[::1]:5173/node_modules/.vite/deps/react-dom_client.js?v=e632e0ae:16192:20
renderWithHooks@http://[::1]:5173/node_modules/.vite/deps/react-dom_client.js?v=e632e0ae:4306:42
updateFunctionComponent@http://[::1]:5173/node_modules/.vite/deps/react-dom_client.js?v=e632e0ae:5972:21
beginWork@http://[::1]:5173/node_modules/.vite/deps/react-dom_client.js?v=e632e0ae:7048:20
runWithFiberInDEV@http://[::1]:5173/node_modules/.vite/deps/react-dom_client.js?v=e632e0ae:726:18
performUnitOfWork@http://[::1]:5173/node_modules/.vite/deps/react-dom_client.js?v=e632e0ae:10831:98
workLoopSync@http://[::1]:5173/node_modules/.vite/deps/react-dom_client.js?v=e632e0ae:10692:60
renderRootSync@http://[::1]:5173/node_modules/.vite/deps/react-dom_client.js?v=e632e0ae:10675:13
performWorkOnRoot@http://[::1]:5173/node_modules/.vite/deps/react-dom_client.js?v=e632e0ae:10323:46
performSyncWorkOnRoot@http://[::1]:5173/node_modules/.vite/deps/react-dom_client.js?v=e632e0ae:11448:26
flushSyncWorkAcrossRoots_impl@http://[::1]:5173/node_modules/.vite/deps/react-dom_client.js?v=e632e0ae:11356:122
flushSyncWork$1@http://[::1]:5173/node_modules/.vite/deps/react-dom_client.js?v=e632e0ae:10533:86
scheduleRefresh@http://[::1]:5173/node_modules/.vite/deps/react-dom_client.js?v=e632e0ae:381:11
performReactRefresh/<@http://[::1]:5173/@react-refresh:188:21
performReactRefresh@http://[::1]:5173/@react-refresh:180:30
enqueueUpdate<@http://[::1]:5173/@react-refresh:474:11 {"url":"http://localhost:8000/","user_agent":"Mozilla/5.0 (Windows NT 10.0; Win64; x64; rv:155.0) Gecko/20100101 Firefox/155.0","timestamp":"2026-09-13T00:32:29.256Z"} 
[2026-09-13 00:32:29] local.WARNING: %s

%s An error occurred in the <EcoVoltsLayout> component. Consider adding an error boundary to your tree to customize error handling behavior.
Visit https://react.dev/link/error-boundaries to learn more about error boundaries. {"url":"http://localhost:8000/","user_agent":"Mozilla/5.0 (Windows NT 10.0; Win64; x64; rv:155.0) Gecko/20100101 Firefox/155.0","timestamp":"2026-09-13T00:32:29.257Z"} 
[2026-09-13 00:32:37] local.DEBUG: [vite] hot updated: /resources/js/layouts/ecovolts-layout.tsx {"url":"http://localhost:8000/","user_agent":"Mozilla/5.0 (Windows NT 10.0; Win64; x64; rv:155.0) Gecko/20100101 Firefox/155.0","timestamp":"2026-09-13T00:32:37.244Z"} 
[2026-09-13 00:32:37] local.DEBUG: [vite] hot updated: /resources/css/app.css {"url":"http://localhost:8000/","user_agent":"Mozilla/5.0 (Windows NT 10.0; Win64; x64; rv:155.0) Gecko/20100101 Firefox/155.0","timestamp":"2026-09-13T00:32:37.244Z"} 
[2026-09-13 00:33:29] local.DEBUG: [vite] hot updated: /resources/js/layouts/ecovolts-layout.tsx {"url":"http://localhost:8000/","user_agent":"Mozilla/5.0 (Windows NT 10.0; Win64; x64; rv:155.0) Gecko/20100101 Firefox/155.0","timestamp":"2026-09-13T00:33:29.282Z"} 
[2026-09-13 00:33:29] local.DEBUG: [vite] hot updated: /resources/css/app.css {"url":"http://localhost:8000/","user_agent":"Mozilla/5.0 (Windows NT 10.0; Win64; x64; rv:155.0) Gecko/20100101 Firefox/155.0","timestamp":"2026-09-13T00:33:29.282Z"} 
[2026-09-13 00:33:39] local.DEBUG: [vite] hot updated: /resources/js/layouts/ecovolts-layout.tsx {"url":"http://localhost:8000/","user_agent":"Mozilla/5.0 (Windows NT 10.0; Win64; x64; rv:155.0) Gecko/20100101 Firefox/155.0","timestamp":"2026-09-13T00:33:39.212Z"} 
[2026-09-13 00:33:39] local.DEBUG: [vite] hot updated: /resources/css/app.css {"url":"http://localhost:8000/","user_agent":"Mozilla/5.0 (Windows NT 10.0; Win64; x64; rv:155.0) Gecko/20100101 Firefox/155.0","timestamp":"2026-09-13T00:33:39.212Z"} 
[2026-09-13 00:34:59] local.DEBUG: [vite] hot updated: /resources/js/layouts/ecovolts-layout.tsx {"url":"http://localhost:8000/","user_agent":"Mozilla/5.0 (Windows NT 10.0; Win64; x64; rv:155.0) Gecko/20100101 Firefox/155.0","timestamp":"2026-09-13T00:34:58.816Z"} 
[2026-09-13 00:34:59] local.DEBUG: [vite] hot updated: /resources/css/app.css {"url":"http://localhost:8000/","user_agent":"Mozilla/5.0 (Windows NT 10.0; Win64; x64; rv:155.0) Gecko/20100101 Firefox/155.0","timestamp":"2026-09-13T00:34:58.816Z"} 
[2026-09-13 00:38:54] local.DEBUG: [vite] hot updated: /resources/css/app.css {"url":"http://localhost:8000/","user_agent":"Mozilla/5.0 (Windows NT 10.0; Win64; x64; rv:155.0) Gecko/20100101 Firefox/155.0","timestamp":"2026-09-13T00:38:53.787Z"} 
[2026-09-13 00:39:04] local.DEBUG: [vite] hot updated: /resources/js/layouts/ecovolts-layout.tsx {"url":"http://localhost:8000/","user_agent":"Mozilla/5.0 (Windows NT 10.0; Win64; x64; rv:155.0) Gecko/20100101 Firefox/155.0","timestamp":"2026-09-13T00:39:04.595Z"} 
[2026-09-13 00:39:04] local.DEBUG: [vite] hot updated: /resources/css/app.css {"url":"http://localhost:8000/","user_agent":"Mozilla/5.0 (Windows NT 10.0; Win64; x64; rv:155.0) Gecko/20100101 Firefox/155.0","timestamp":"2026-09-13T00:39:04.595Z"} 
[2026-09-13 00:39:16] local.DEBUG: [vite] hot updated: /resources/js/layouts/ecovolts-layout.tsx {"url":"http://localhost:8000/","user_agent":"Mozilla/5.0 (Windows NT 10.0; Win64; x64; rv:155.0) Gecko/20100101 Firefox/155.0","timestamp":"2026-09-13T00:39:15.903Z"} 
[2026-09-13 00:39:16] local.DEBUG: [vite] hot updated: /resources/css/app.css {"url":"http://localhost:8000/","user_agent":"Mozilla/5.0 (Windows NT 10.0; Win64; x64; rv:155.0) Gecko/20100101 Firefox/155.0","timestamp":"2026-09-13T00:39:15.903Z"} 
[2026-09-13 00:39:50] local.DEBUG: [vite] hot updated: /resources/js/layouts/ecovolts-layout.tsx {"url":"http://localhost:8000/","user_agent":"Mozilla/5.0 (Windows NT 10.0; Win64; x64; rv:155.0) Gecko/20100101 Firefox/155.0","timestamp":"2026-09-13T00:39:50.674Z"} 
[2026-09-13 00:39:50] local.DEBUG: [vite] hot updated: /resources/css/app.css {"url":"http://localhost:8000/","user_agent":"Mozilla/5.0 (Windows NT 10.0; Win64; x64; rv:155.0) Gecko/20100101 Firefox/155.0","timestamp":"2026-09-13T00:39:50.674Z"} 
[2026-09-13 00:39:58] local.DEBUG: [vite] hot updated: /resources/js/layouts/ecovolts-layout.tsx {"url":"http://localhost:8000/","user_agent":"Mozilla/5.0 (Windows NT 10.0; Win64; x64; rv:155.0) Gecko/20100101 Firefox/155.0","timestamp":"2026-09-13T00:39:58.573Z"} 
[2026-09-13 00:39:58] local.DEBUG: [vite] hot updated: /resources/css/app.css {"url":"http://localhost:8000/","user_agent":"Mozilla/5.0 (Windows NT 10.0; Win64; x64; rv:155.0) Gecko/20100101 Firefox/155.0","timestamp":"2026-09-13T00:39:58.573Z"} 
[2026-09-13 00:40:10] local.DEBUG: [vite] hot updated: /resources/js/layouts/ecovolts-layout.tsx {"url":"http://localhost:8000/","user_agent":"Mozilla/5.0 (Windows NT 10.0; Win64; x64; rv:155.0) Gecko/20100101 Firefox/155.0","timestamp":"2026-09-13T00:40:10.373Z"} 
[2026-09-13 00:40:10] local.DEBUG: [vite] hot updated: /resources/css/app.css {"url":"http://localhost:8000/","user_agent":"Mozilla/5.0 (Windows NT 10.0; Win64; x64; rv:155.0) Gecko/20100101 Firefox/155.0","timestamp":"2026-09-13T00:40:10.373Z"} 
[2026-09-13 00:40:16] local.DEBUG: [vite] hot updated: /resources/js/layouts/ecovolts-layout.tsx {"url":"http://localhost:8000/","user_agent":"Mozilla/5.0 (Windows NT 10.0; Win64; x64; rv:155.0) Gecko/20100101 Firefox/155.0","timestamp":"2026-09-13T00:40:16.567Z"} 
[2026-09-13 00:40:16] local.DEBUG: [vite] hot updated: /resources/css/app.css {"url":"http://localhost:8000/","user_agent":"Mozilla/5.0 (Windows NT 10.0; Win64; x64; rv:155.0) Gecko/20100101 Firefox/155.0","timestamp":"2026-09-13T00:40:16.567Z"} 
[2026-09-13 00:43:31] local.DEBUG: [vite] hot updated: /resources/css/app.css {"url":"http://localhost:8000/","user_agent":"Mozilla/5.0 (Windows NT 10.0; Win64; x64; rv:155.0) Gecko/20100101 Firefox/155.0","timestamp":"2026-09-13T00:43:25.156Z"} 
[2026-09-13 00:43:31] local.DEBUG: [vite] hot updated: /resources/js/layouts/ecovolts-layout.tsx {"url":"http://localhost:8000/","user_agent":"Mozilla/5.0 (Windows NT 10.0; Win64; x64; rv:155.0) Gecko/20100101 Firefox/155.0","timestamp":"2026-09-13T00:43:25.157Z"} 
[2026-09-13 00:44:12] local.DEBUG: [vite] hot updated: /resources/js/pages/welcome.tsx {"url":"http://localhost:8000/","user_agent":"Mozilla/5.0 (Windows NT 10.0; Win64; x64; rv:155.0) Gecko/20100101 Firefox/155.0","timestamp":"2026-09-13T00:44:12.195Z"} 
[2026-09-13 00:44:12] local.DEBUG: [vite] hot updated: /resources/css/app.css {"url":"http://localhost:8000/","user_agent":"Mozilla/5.0 (Windows NT 10.0; Win64; x64; rv:155.0) Gecko/20100101 Firefox/155.0","timestamp":"2026-09-13T00:44:12.195Z"} 
[2026-09-13 00:44:24] local.DEBUG: [vite] hot updated: /resources/js/pages/welcome.tsx {"url":"http://localhost:8000/","user_agent":"Mozilla/5.0 (Windows NT 10.0; Win64; x64; rv:155.0) Gecko/20100101 Firefox/155.0","timestamp":"2026-09-13T00:44:24.250Z"} 
[2026-09-13 00:44:24] local.DEBUG: [vite] hot updated: /resources/css/app.css {"url":"http://localhost:8000/","user_agent":"Mozilla/5.0 (Windows NT 10.0; Win64; x64; rv:155.0) Gecko/20100101 Firefox/155.0","timestamp":"2026-09-13T00:44:24.250Z"} 
[2026-09-13 00:50:23] local.DEBUG: [vite] hot updated: /resources/js/layouts/ecovolts-layout.tsx {"url":"http://localhost:8000/","user_agent":"Mozilla/5.0 (Windows NT 10.0; Win64; x64; rv:155.0) Gecko/20100101 Firefox/155.0","timestamp":"2026-09-13T00:50:22.883Z"} 
[2026-09-13 00:50:23] local.DEBUG: [vite] hot updated: /resources/css/app.css {"url":"http://localhost:8000/","user_agent":"Mozilla/5.0 (Windows NT 10.0; Win64; x64; rv:155.0) Gecko/20100101 Firefox/155.0","timestamp":"2026-09-13T00:50:22.883Z"} 
[2026-09-13 00:50:26] local.DEBUG: [vite] connecting... {"url":"http://localhost:8000/","user_agent":"Mozilla/5.0 (Windows NT 10.0; Win64; x64; rv:155.0) Gecko/20100101 Firefox/155.0","timestamp":"2026-09-13T00:50:26.276Z"} 
[2026-09-13 00:50:26] local.INFO: %cDownload the React DevTools for a better development experience: https://react.dev/link/react-devtools font-weight:bold {"url":"http://localhost:8000/","user_agent":"Mozilla/5.0 (Windows NT 10.0; Win64; x64; rv:155.0) Gecko/20100101 Firefox/155.0","timestamp":"2026-09-13T00:50:26.285Z"} 
[2026-09-13 00:50:26] local.DEBUG: [vite] connected. {"url":"http://localhost:8000/","user_agent":"Mozilla/5.0 (Windows NT 10.0; Win64; x64; rv:155.0) Gecko/20100101 Firefox/155.0","timestamp":"2026-09-13T00:50:26.294Z"} 
[2026-09-13 00:50:55] local.DEBUG: [vite] hot updated: /resources/js/layouts/ecovolts-layout.tsx {"url":"http://localhost:8000/","user_agent":"Mozilla/5.0 (Windows NT 10.0; Win64; x64; rv:155.0) Gecko/20100101 Firefox/155.0","timestamp":"2026-09-13T00:50:55.619Z"} 
[2026-09-13 00:50:55] local.DEBUG: [vite] hot updated: /resources/css/app.css {"url":"http://localhost:8000/","user_agent":"Mozilla/5.0 (Windows NT 10.0; Win64; x64; rv:155.0) Gecko/20100101 Firefox/155.0","timestamp":"2026-09-13T00:50:55.619Z"} 
[2026-09-13 00:51:00] local.DEBUG: [vite] connecting... {"url":"http://localhost:8000/","user_agent":"Mozilla/5.0 (Windows NT 10.0; Win64; x64; rv:155.0) Gecko/20100101 Firefox/155.0","timestamp":"2026-09-13T00:51:00.082Z"} 
[2026-09-13 00:51:00] local.INFO: %cDownload the React DevTools for a better development experience: https://react.dev/link/react-devtools font-weight:bold {"url":"http://localhost:8000/","user_agent":"Mozilla/5.0 (Windows NT 10.0; Win64; x64; rv:155.0) Gecko/20100101 Firefox/155.0","timestamp":"2026-09-13T00:51:00.098Z"} 
[2026-09-13 00:51:00] local.DEBUG: [vite] connected. {"url":"http://localhost:8000/","user_agent":"Mozilla/5.0 (Windows NT 10.0; Win64; x64; rv:155.0) Gecko/20100101 Firefox/155.0","timestamp":"2026-09-13T00:51:00.100Z"} 
[2026-09-13 00:51:14] local.DEBUG: [vite] hot updated: /resources/js/layouts/ecovolts-layout.tsx {"url":"http://localhost:8000/","user_agent":"Mozilla/5.0 (Windows NT 10.0; Win64; x64; rv:155.0) Gecko/20100101 Firefox/155.0","timestamp":"2026-09-13T00:51:13.825Z"} 
[2026-09-13 00:51:14] local.DEBUG: [vite] hot updated: /resources/css/app.css {"url":"http://localhost:8000/","user_agent":"Mozilla/5.0 (Windows NT 10.0; Win64; x64; rv:155.0) Gecko/20100101 Firefox/155.0","timestamp":"2026-09-13T00:51:13.825Z"} 
[2026-09-13 00:51:28] local.DEBUG: [vite] hot updated: /resources/js/layouts/ecovolts-layout.tsx {"url":"http://localhost:8000/","user_agent":"Mozilla/5.0 (Windows NT 10.0; Win64; x64; rv:155.0) Gecko/20100101 Firefox/155.0","timestamp":"2026-09-13T00:51:28.601Z"} 
[2026-09-13 00:51:28] local.DEBUG: [vite] hot updated: /resources/css/app.css {"url":"http://localhost:8000/","user_agent":"Mozilla/5.0 (Windows NT 10.0; Win64; x64; rv:155.0) Gecko/20100101 Firefox/155.0","timestamp":"2026-09-13T00:51:28.601Z"} 
[2026-09-13 00:51:57] local.DEBUG: [vite] hot updated: /resources/js/layouts/ecovolts-layout.tsx {"url":"http://localhost:8000/","user_agent":"Mozilla/5.0 (Windows NT 10.0; Win64; x64; rv:155.0) Gecko/20100101 Firefox/155.0","timestamp":"2026-09-13T00:51:56.762Z"} 
[2026-09-13 00:51:57] local.DEBUG: [vite] hot updated: /resources/css/app.css {"url":"http://localhost:8000/","user_agent":"Mozilla/5.0 (Windows NT 10.0; Win64; x64; rv:155.0) Gecko/20100101 Firefox/155.0","timestamp":"2026-09-13T00:51:56.762Z"} 
[2026-09-13 00:52:11] local.DEBUG: [vite] hot updated: /resources/js/layouts/ecovolts-layout.tsx {"url":"http://localhost:8000/","user_agent":"Mozilla/5.0 (Windows NT 10.0; Win64; x64; rv:155.0) Gecko/20100101 Firefox/155.0","timestamp":"2026-09-13T00:52:10.985Z"} 
[2026-09-13 00:52:11] local.DEBUG: [vite] hot updated: /resources/css/app.css {"url":"http://localhost:8000/","user_agent":"Mozilla/5.0 (Windows NT 10.0; Win64; x64; rv:155.0) Gecko/20100101 Firefox/155.0","timestamp":"2026-09-13T00:52:10.985Z"} 
[2026-09-13 00:52:14] local.DEBUG: [vite] connecting... {"url":"http://localhost:8000/","user_agent":"Mozilla/5.0 (Windows NT 10.0; Win64; x64; rv:155.0) Gecko/20100101 Firefox/155.0","timestamp":"2026-09-13T00:52:14.695Z"} 
[2026-09-13 00:52:14] local.DEBUG: [vite] connected. {"url":"http://localhost:8000/","user_agent":"Mozilla/5.0 (Windows NT 10.0; Win64; x64; rv:155.0) Gecko/20100101 Firefox/155.0","timestamp":"2026-09-13T00:52:14.704Z"} 
[2026-09-13 00:52:14] local.INFO: %cDownload the React DevTools for a better development experience: https://react.dev/link/react-devtools font-weight:bold {"url":"http://localhost:8000/","user_agent":"Mozilla/5.0 (Windows NT 10.0; Win64; x64; rv:155.0) Gecko/20100101 Firefox/155.0","timestamp":"2026-09-13T00:52:14.708Z"} 
[2026-09-13 00:52:31] local.DEBUG: [vite] hot updated: /resources/js/layouts/ecovolts-layout.tsx {"url":"http://localhost:8000/","user_agent":"Mozilla/5.0 (Windows NT 10.0; Win64; x64; rv:155.0) Gecko/20100101 Firefox/155.0","timestamp":"2026-09-13T00:52:30.941Z"} 
[2026-09-13 00:52:31] local.DEBUG: [vite] hot updated: /resources/css/app.css {"url":"http://localhost:8000/","user_agent":"Mozilla/5.0 (Windows NT 10.0; Win64; x64; rv:155.0) Gecko/20100101 Firefox/155.0","timestamp":"2026-09-13T00:52:30.941Z"} 
[2026-09-13 00:52:44] local.DEBUG: [vite] hot updated: /resources/js/layouts/ecovolts-layout.tsx {"url":"http://localhost:8000/","user_agent":"Mozilla/5.0 (Windows NT 10.0; Win64; x64; rv:155.0) Gecko/20100101 Firefox/155.0","timestamp":"2026-09-13T00:52:44.499Z"} 
[2026-09-13 00:52:44] local.DEBUG: [vite] hot updated: /resources/css/app.css {"url":"http://localhost:8000/","user_agent":"Mozilla/5.0 (Windows NT 10.0; Win64; x64; rv:155.0) Gecko/20100101 Firefox/155.0","timestamp":"2026-09-13T00:52:44.499Z"} 
[2026-09-13 00:53:40] local.DEBUG: [vite] hot updated: /resources/js/layouts/ecovolts-layout.tsx {"url":"http://localhost:8000/","user_agent":"Mozilla/5.0 (Windows NT 10.0; Win64; x64; rv:155.0) Gecko/20100101 Firefox/155.0","timestamp":"2026-09-13T00:53:40.097Z"} 
[2026-09-13 00:53:40] local.DEBUG: [vite] hot updated: /resources/css/app.css {"url":"http://localhost:8000/","user_agent":"Mozilla/5.0 (Windows NT 10.0; Win64; x64; rv:155.0) Gecko/20100101 Firefox/155.0","timestamp":"2026-09-13T00:53:40.097Z"} 
[2026-09-13 00:57:59] local.DEBUG: [vite] hot updated: /resources/js/layouts/ecovolts-layout.tsx {"url":"http://localhost:8000/","user_agent":"Mozilla/5.0 (Windows NT 10.0; Win64; x64; rv:155.0) Gecko/20100101 Firefox/155.0","timestamp":"2026-09-13T00:57:59.534Z"} 
[2026-09-13 00:57:59] local.DEBUG: [vite] hot updated: /resources/css/app.css {"url":"http://localhost:8000/","user_agent":"Mozilla/5.0 (Windows NT 10.0; Win64; x64; rv:155.0) Gecko/20100101 Firefox/155.0","timestamp":"2026-09-13T00:57:59.534Z"} 
[2026-09-13 00:58:18] local.DEBUG: [vite] hot updated: /resources/js/layouts/ecovolts-layout.tsx {"url":"http://localhost:8000/","user_agent":"Mozilla/5.0 (Windows NT 10.0; Win64; x64; rv:155.0) Gecko/20100101 Firefox/155.0","timestamp":"2026-09-13T00:58:18.233Z"} 
[2026-09-13 00:58:18] local.DEBUG: [vite] hot updated: /resources/css/app.css {"url":"http://localhost:8000/","user_agent":"Mozilla/5.0 (Windows NT 10.0; Win64; x64; rv:155.0) Gecko/20100101 Firefox/155.0","timestamp":"2026-09-13T00:58:18.233Z"} 
[2026-09-13 00:59:43] local.DEBUG: [vite] hot updated: /resources/js/layouts/ecovolts-layout.tsx {"url":"http://localhost:8000/","user_agent":"Mozilla/5.0 (Windows NT 10.0; Win64; x64; rv:155.0) Gecko/20100101 Firefox/155.0","timestamp":"2026-09-13T00:59:43.299Z"} 
[2026-09-13 00:59:43] local.DEBUG: [vite] hot updated: /resources/css/app.css {"url":"http://localhost:8000/","user_agent":"Mozilla/5.0 (Windows NT 10.0; Win64; x64; rv:155.0) Gecko/20100101 Firefox/155.0","timestamp":"2026-09-13T00:59:43.299Z"} 
[2026-09-13 01:42:16] local.DEBUG: [vite] hot updated: /resources/js/pages/auth/register.tsx {"url":"http://localhost:8000/register","user_agent":"Mozilla/5.0 (Windows NT 10.0; Win64; x64; rv:155.0) Gecko/20100101 Firefox/155.0","timestamp":"2026-09-13T01:42:15.811Z"} 
[2026-09-13 01:42:16] local.DEBUG: [vite] hot updated: /resources/css/app.css {"url":"http://localhost:8000/register","user_agent":"Mozilla/5.0 (Windows NT 10.0; Win64; x64; rv:155.0) Gecko/20100101 Firefox/155.0","timestamp":"2026-09-13T01:42:15.811Z"} 
[2026-09-13 01:43:10] local.DEBUG: [vite] hot updated: /resources/js/pages/auth/register.tsx {"url":"http://localhost:8000/register","user_agent":"Mozilla/5.0 (Windows NT 10.0; Win64; x64; rv:155.0) Gecko/20100101 Firefox/155.0","timestamp":"2026-09-13T01:43:10.252Z"} 
[2026-09-13 01:43:10] local.DEBUG: [vite] hot updated: /resources/css/app.css {"url":"http://localhost:8000/register","user_agent":"Mozilla/5.0 (Windows NT 10.0; Win64; x64; rv:155.0) Gecko/20100101 Firefox/155.0","timestamp":"2026-09-13T01:43:10.252Z"} 
[2026-09-13 01:46:04] local.DEBUG: [vite] hot updated: /resources/js/pages/auth/login.tsx {"url":"http://localhost:8000/register","user_agent":"Mozilla/5.0 (Windows NT 10.0; Win64; x64; rv:155.0) Gecko/20100101 Firefox/155.0","timestamp":"2026-09-13T01:46:03.712Z"} 
[2026-09-13 01:46:04] local.DEBUG: [vite] hot updated: /resources/css/app.css {"url":"http://localhost:8000/register","user_agent":"Mozilla/5.0 (Windows NT 10.0; Win64; x64; rv:155.0) Gecko/20100101 Firefox/155.0","timestamp":"2026-09-13T01:46:03.712Z"} 
[2026-09-13 01:49:15] local.DEBUG: [vite] hot updated: /resources/js/layouts/ecovolts-layout.tsx {"url":"http://localhost:8000/register","user_agent":"Mozilla/5.0 (Windows NT 10.0; Win64; x64; rv:155.0) Gecko/20100101 Firefox/155.0","timestamp":"2026-09-13T01:49:15.564Z"} 
[2026-09-13 01:49:15] local.DEBUG: [vite] hot updated: /resources/css/app.css {"url":"http://localhost:8000/register","user_agent":"Mozilla/5.0 (Windows NT 10.0; Win64; x64; rv:155.0) Gecko/20100101 Firefox/155.0","timestamp":"2026-09-13T01:49:15.564Z"} 
[2026-09-13 01:49:26] local.DEBUG: [vite] hot updated: /resources/js/layouts/ecovolts-layout.tsx {"url":"http://localhost:8000/register","user_agent":"Mozilla/5.0 (Windows NT 10.0; Win64; x64; rv:155.0) Gecko/20100101 Firefox/155.0","timestamp":"2026-09-13T01:49:26.229Z"} 
[2026-09-13 01:49:26] local.DEBUG: [vite] hot updated: /resources/css/app.css {"url":"http://localhost:8000/register","user_agent":"Mozilla/5.0 (Windows NT 10.0; Win64; x64; rv:155.0) Gecko/20100101 Firefox/155.0","timestamp":"2026-09-13T01:49:26.229Z"} 
[2026-09-13 01:50:14] local.DEBUG: [vite] hot updated: /resources/js/pages/auth/register.tsx {"url":"http://localhost:8000/register","user_agent":"Mozilla/5.0 (Windows NT 10.0; Win64; x64; rv:155.0) Gecko/20100101 Firefox/155.0","timestamp":"2026-09-13T01:50:11.353Z"} 
[2026-09-13 01:50:14] local.DEBUG: [vite] hot updated: /resources/css/app.css {"url":"http://localhost:8000/register","user_agent":"Mozilla/5.0 (Windows NT 10.0; Win64; x64; rv:155.0) Gecko/20100101 Firefox/155.0","timestamp":"2026-09-13T01:50:11.353Z"} 
[2026-09-13 01:50:14] local.DEBUG: [vite] connecting... {"url":"http://localhost:8000/register","user_agent":"Mozilla/5.0 (Windows NT 10.0; Win64; x64; rv:155.0) Gecko/20100101 Firefox/155.0","timestamp":"2026-09-13T01:50:14.280Z"} 
[2026-09-13 01:50:14] local.INFO: %cDownload the React DevTools for a better development experience: https://react.dev/link/react-devtools font-weight:bold {"url":"http://localhost:8000/register","user_agent":"Mozilla/5.0 (Windows NT 10.0; Win64; x64; rv:155.0) Gecko/20100101 Firefox/155.0","timestamp":"2026-09-13T01:50:14.286Z"} 
[2026-09-13 01:50:14] local.DEBUG: [vite] connected. {"url":"http://localhost:8000/register","user_agent":"Mozilla/5.0 (Windows NT 10.0; Win64; x64; rv:155.0) Gecko/20100101 Firefox/155.0","timestamp":"2026-09-13T01:50:14.294Z"} 
[2026-09-13 01:50:18] local.DEBUG: [vite] hot updated: /resources/js/pages/auth/register.tsx {"url":"http://localhost:8000/register","user_agent":"Mozilla/5.0 (Windows NT 10.0; Win64; x64; rv:155.0) Gecko/20100101 Firefox/155.0","timestamp":"2026-09-13T01:50:18.480Z"} 
[2026-09-13 01:50:18] local.DEBUG: [vite] hot updated: /resources/css/app.css {"url":"http://localhost:8000/register","user_agent":"Mozilla/5.0 (Windows NT 10.0; Win64; x64; rv:155.0) Gecko/20100101 Firefox/155.0","timestamp":"2026-09-13T01:50:18.480Z"} 
[2026-09-13 01:50:35] local.DEBUG: [vite] hot updated: /resources/js/pages/auth/register.tsx {"url":"http://localhost:8000/register","user_agent":"Mozilla/5.0 (Windows NT 10.0; Win64; x64; rv:155.0) Gecko/20100101 Firefox/155.0","timestamp":"2026-09-13T01:50:35.055Z"} 
[2026-09-13 01:50:35] local.DEBUG: [vite] hot updated: /resources/css/app.css {"url":"http://localhost:8000/register","user_agent":"Mozilla/5.0 (Windows NT 10.0; Win64; x64; rv:155.0) Gecko/20100101 Firefox/155.0","timestamp":"2026-09-13T01:50:35.055Z"} 
[2026-09-13 01:50:57] local.DEBUG: [vite] hot updated: /resources/js/pages/auth/register.tsx {"url":"http://localhost:8000/register","user_agent":"Mozilla/5.0 (Windows NT 10.0; Win64; x64; rv:155.0) Gecko/20100101 Firefox/155.0","timestamp":"2026-09-13T01:50:57.362Z"} 
[2026-09-13 01:50:57] local.DEBUG: [vite] hot updated: /resources/css/app.css {"url":"http://localhost:8000/register","user_agent":"Mozilla/5.0 (Windows NT 10.0; Win64; x64; rv:155.0) Gecko/20100101 Firefox/155.0","timestamp":"2026-09-13T01:50:57.362Z"} 
[2026-09-13 01:51:03] local.DEBUG: [vite] hot updated: /resources/js/pages/auth/register.tsx {"url":"http://localhost:8000/register","user_agent":"Mozilla/5.0 (Windows NT 10.0; Win64; x64; rv:155.0) Gecko/20100101 Firefox/155.0","timestamp":"2026-09-13T01:51:01.061Z"} 
[2026-09-13 01:51:03] local.DEBUG: [vite] hot updated: /resources/css/app.css {"url":"http://localhost:8000/register","user_agent":"Mozilla/5.0 (Windows NT 10.0; Win64; x64; rv:155.0) Gecko/20100101 Firefox/155.0","timestamp":"2026-09-13T01:51:01.061Z"} 
[2026-09-13 01:51:36] local.DEBUG: [vite] hot updated: /resources/js/pages/auth/register.tsx {"url":"http://localhost:8000/register","user_agent":"Mozilla/5.0 (Windows NT 10.0; Win64; x64; rv:155.0) Gecko/20100101 Firefox/155.0","timestamp":"2026-09-13T01:51:30.845Z"} 
[2026-09-13 01:51:36] local.DEBUG: [vite] hot updated: /resources/css/app.css {"url":"http://localhost:8000/register","user_agent":"Mozilla/5.0 (Windows NT 10.0; Win64; x64; rv:155.0) Gecko/20100101 Firefox/155.0","timestamp":"2026-09-13T01:51:30.845Z"} 
[2026-09-13 01:51:36] local.DEBUG: [vite] connecting... {"url":"http://localhost:8000/register","user_agent":"Mozilla/5.0 (Windows NT 10.0; Win64; x64; rv:155.0) Gecko/20100101 Firefox/155.0","timestamp":"2026-09-13T01:51:36.476Z"} 
[2026-09-13 01:51:36] local.INFO: %cDownload the React DevTools for a better development experience: https://react.dev/link/react-devtools font-weight:bold {"url":"http://localhost:8000/register","user_agent":"Mozilla/5.0 (Windows NT 10.0; Win64; x64; rv:155.0) Gecko/20100101 Firefox/155.0","timestamp":"2026-09-13T01:51:36.484Z"} 
[2026-09-13 01:51:36] local.DEBUG: [vite] connected. {"url":"http://localhost:8000/register","user_agent":"Mozilla/5.0 (Windows NT 10.0; Win64; x64; rv:155.0) Gecko/20100101 Firefox/155.0","timestamp":"2026-09-13T01:51:36.485Z"} 
[2026-09-13 01:51:53] local.DEBUG: [vite] hot updated: /resources/js/pages/auth/register.tsx {"url":"http://localhost:8000/register","user_agent":"Mozilla/5.0 (Windows NT 10.0; Win64; x64; rv:155.0) Gecko/20100101 Firefox/155.0","timestamp":"2026-09-13T01:51:52.927Z"} 
[2026-09-13 01:51:53] local.DEBUG: [vite] hot updated: /resources/css/app.css {"url":"http://localhost:8000/register","user_agent":"Mozilla/5.0 (Windows NT 10.0; Win64; x64; rv:155.0) Gecko/20100101 Firefox/155.0","timestamp":"2026-09-13T01:51:52.927Z"} 
[2026-09-13 01:52:00] local.DEBUG: [vite] connecting... {"url":"http://localhost:8000/register","user_agent":"Mozilla/5.0 (Windows NT 10.0; Win64; x64; rv:155.0) Gecko/20100101 Firefox/155.0","timestamp":"2026-09-13T01:52:00.054Z"} 
[2026-09-13 01:52:00] local.DEBUG: [vite] connected. {"url":"http://localhost:8000/register","user_agent":"Mozilla/5.0 (Windows NT 10.0; Win64; x64; rv:155.0) Gecko/20100101 Firefox/155.0","timestamp":"2026-09-13T01:52:00.063Z"} 
[2026-09-13 01:52:00] local.INFO: %cDownload the React DevTools for a better development experience: https://react.dev/link/react-devtools font-weight:bold {"url":"http://localhost:8000/register","user_agent":"Mozilla/5.0 (Windows NT 10.0; Win64; x64; rv:155.0) Gecko/20100101 Firefox/155.0","timestamp":"2026-09-13T01:52:00.067Z"} 
[2026-09-13 01:57:09] local.DEBUG: [vite] hot updated: /resources/js/layouts/ecovolts-layout.tsx {"url":"http://localhost:8000/register","user_agent":"Mozilla/5.0 (Windows NT 10.0; Win64; x64; rv:155.0) Gecko/20100101 Firefox/155.0","timestamp":"2026-09-13T01:57:05.764Z"} 
[2026-09-13 01:57:09] local.DEBUG: [vite] hot updated: /resources/css/app.css {"url":"http://localhost:8000/register","user_agent":"Mozilla/5.0 (Windows NT 10.0; Win64; x64; rv:155.0) Gecko/20100101 Firefox/155.0","timestamp":"2026-09-13T01:57:05.764Z"} 
[2026-09-13 01:58:33] local.DEBUG: [vite] hot updated: /resources/js/layouts/ecovolts-layout.tsx {"url":"http://localhost:8000/register","user_agent":"Mozilla/5.0 (Windows NT 10.0; Win64; x64; rv:155.0) Gecko/20100101 Firefox/155.0","timestamp":"2026-09-13T01:58:33.014Z"} 
[2026-09-13 01:58:33] local.DEBUG: [vite] hot updated: /resources/css/app.css {"url":"http://localhost:8000/register","user_agent":"Mozilla/5.0 (Windows NT 10.0; Win64; x64; rv:155.0) Gecko/20100101 Firefox/155.0","timestamp":"2026-09-13T01:58:33.014Z"} 
[2026-09-13 01:59:22] local.DEBUG: [vite] hot updated: /resources/js/layouts/ecovolts-layout.tsx {"url":"http://localhost:8000/register","user_agent":"Mozilla/5.0 (Windows NT 10.0; Win64; x64; rv:155.0) Gecko/20100101 Firefox/155.0","timestamp":"2026-09-13T01:59:18.777Z"} 
[2026-09-13 01:59:22] local.DEBUG: [vite] hot updated: /resources/css/app.css {"url":"http://localhost:8000/register","user_agent":"Mozilla/5.0 (Windows NT 10.0; Win64; x64; rv:155.0) Gecko/20100101 Firefox/155.0","timestamp":"2026-09-13T01:59:18.777Z"} 
[2026-09-13 02:04:09] local.DEBUG: [vite] hot updated: /resources/js/layouts/ecovolts-layout.tsx {"url":"http://localhost:8000/register","user_agent":"Mozilla/5.0 (Windows NT 10.0; Win64; x64; rv:155.0) Gecko/20100101 Firefox/155.0","timestamp":"2026-09-13T02:04:09.359Z"} 
[2026-09-13 02:04:09] local.DEBUG: [vite] hot updated: /resources/css/app.css {"url":"http://localhost:8000/register","user_agent":"Mozilla/5.0 (Windows NT 10.0; Win64; x64; rv:155.0) Gecko/20100101 Firefox/155.0","timestamp":"2026-09-13T02:04:09.359Z"} 
[2026-09-13 02:06:05] local.DEBUG: [vite] hot updated: /resources/js/layouts/ecovolts-layout.tsx {"url":"http://localhost:8000/register","user_agent":"Mozilla/5.0 (Windows NT 10.0; Win64; x64; rv:155.0) Gecko/20100101 Firefox/155.0","timestamp":"2026-09-13T02:06:05.340Z"} 
[2026-09-13 02:06:05] local.DEBUG: [vite] hot updated: /resources/css/app.css {"url":"http://localhost:8000/register","user_agent":"Mozilla/5.0 (Windows NT 10.0; Win64; x64; rv:155.0) Gecko/20100101 Firefox/155.0","timestamp":"2026-09-13T02:06:05.340Z"} 
[2026-09-13 02:07:39] local.DEBUG: [vite] hot updated: /resources/js/layouts/ecovolts-layout.tsx {"url":"http://localhost:8000/register","user_agent":"Mozilla/5.0 (Windows NT 10.0; Win64; x64; rv:155.0) Gecko/20100101 Firefox/155.0","timestamp":"2026-09-13T02:07:38.409Z"} 
[2026-09-13 02:07:39] local.DEBUG: [vite] hot updated: /resources/css/app.css {"url":"http://localhost:8000/register","user_agent":"Mozilla/5.0 (Windows NT 10.0; Win64; x64; rv:155.0) Gecko/20100101 Firefox/155.0","timestamp":"2026-09-13T02:07:38.409Z"} 
[2026-09-13 02:08:35] local.DEBUG: [vite] hot updated: /resources/js/pages/welcome.tsx {"url":"http://localhost:8000/","user_agent":"Mozilla/5.0 (Windows NT 10.0; Win64; x64; rv:155.0) Gecko/20100101 Firefox/155.0","timestamp":"2026-09-13T02:08:35.008Z"} 
[2026-09-13 02:08:35] local.DEBUG: [vite] hot updated: /resources/css/app.css {"url":"http://localhost:8000/","user_agent":"Mozilla/5.0 (Windows NT 10.0; Win64; x64; rv:155.0) Gecko/20100101 Firefox/155.0","timestamp":"2026-09-13T02:08:35.008Z"} 
[2026-09-13 02:08:47] local.DEBUG: [vite] hot updated: /resources/js/pages/welcome.tsx {"url":"http://localhost:8000/","user_agent":"Mozilla/5.0 (Windows NT 10.0; Win64; x64; rv:155.0) Gecko/20100101 Firefox/155.0","timestamp":"2026-09-13T02:08:46.881Z"} 
[2026-09-13 02:08:47] local.DEBUG: [vite] hot updated: /resources/css/app.css {"url":"http://localhost:8000/","user_agent":"Mozilla/5.0 (Windows NT 10.0; Win64; x64; rv:155.0) Gecko/20100101 Firefox/155.0","timestamp":"2026-09-13T02:08:46.881Z"} 
[2026-09-13 02:08:54] local.DEBUG: [vite] hot updated: /resources/js/pages/welcome.tsx {"url":"http://localhost:8000/","user_agent":"Mozilla/5.0 (Windows NT 10.0; Win64; x64; rv:155.0) Gecko/20100101 Firefox/155.0","timestamp":"2026-09-13T02:08:54.536Z"} 
[2026-09-13 02:08:54] local.DEBUG: [vite] hot updated: /resources/css/app.css {"url":"http://localhost:8000/","user_agent":"Mozilla/5.0 (Windows NT 10.0; Win64; x64; rv:155.0) Gecko/20100101 Firefox/155.0","timestamp":"2026-09-13T02:08:54.536Z"} 
[2026-09-13 02:08:57] local.DEBUG: [vite] connecting... {"url":"http://localhost:8000/","user_agent":"Mozilla/5.0 (Windows NT 10.0; Win64; x64; rv:155.0) Gecko/20100101 Firefox/155.0","timestamp":"2026-09-13T02:08:57.438Z"} 
[2026-09-13 02:08:57] local.DEBUG: [vite] connected. {"url":"http://localhost:8000/","user_agent":"Mozilla/5.0 (Windows NT 10.0; Win64; x64; rv:155.0) Gecko/20100101 Firefox/155.0","timestamp":"2026-09-13T02:08:57.452Z"} 
[2026-09-13 02:08:57] local.INFO: %cDownload the React DevTools for a better development experience: https://react.dev/link/react-devtools font-weight:bold {"url":"http://localhost:8000/","user_agent":"Mozilla/5.0 (Windows NT 10.0; Win64; x64; rv:155.0) Gecko/20100101 Firefox/155.0","timestamp":"2026-09-13T02:08:57.456Z"} 
[2026-09-13 02:09:24] local.DEBUG: [vite] hot updated: /resources/js/pages/welcome.tsx {"url":"http://localhost:8000/","user_agent":"Mozilla/5.0 (Windows NT 10.0; Win64; x64; rv:155.0) Gecko/20100101 Firefox/155.0","timestamp":"2026-09-13T02:09:22.886Z"} 
[2026-09-13 02:09:24] local.DEBUG: [vite] hot updated: /resources/css/app.css {"url":"http://localhost:8000/","user_agent":"Mozilla/5.0 (Windows NT 10.0; Win64; x64; rv:155.0) Gecko/20100101 Firefox/155.0","timestamp":"2026-09-13T02:09:22.886Z"} 
[2026-09-13 02:09:27] local.DEBUG: [vite] connecting... {"url":"http://localhost:8000/","user_agent":"Mozilla/5.0 (Windows NT 10.0; Win64; x64; rv:155.0) Gecko/20100101 Firefox/155.0","timestamp":"2026-09-13T02:09:26.951Z"} 
[2026-09-13 02:09:27] local.INFO: %cDownload the React DevTools for a better development experience: https://react.dev/link/react-devtools font-weight:bold {"url":"http://localhost:8000/","user_agent":"Mozilla/5.0 (Windows NT 10.0; Win64; x64; rv:155.0) Gecko/20100101 Firefox/155.0","timestamp":"2026-09-13T02:09:26.970Z"} 
[2026-09-13 02:09:27] local.DEBUG: [vite] connected. {"url":"http://localhost:8000/","user_agent":"Mozilla/5.0 (Windows NT 10.0; Win64; x64; rv:155.0) Gecko/20100101 Firefox/155.0","timestamp":"2026-09-13T02:09:26.971Z"} 
[2026-09-13 02:09:31] local.DEBUG: [vite] hot updated: /resources/js/pages/welcome.tsx {"url":"http://localhost:8000/","user_agent":"Mozilla/5.0 (Windows NT 10.0; Win64; x64; rv:155.0) Gecko/20100101 Firefox/155.0","timestamp":"2026-09-13T02:09:31.402Z"} 
[2026-09-13 02:09:31] local.DEBUG: [vite] hot updated: /resources/css/app.css {"url":"http://localhost:8000/","user_agent":"Mozilla/5.0 (Windows NT 10.0; Win64; x64; rv:155.0) Gecko/20100101 Firefox/155.0","timestamp":"2026-09-13T02:09:31.402Z"} 
[2026-09-13 02:09:33] local.DEBUG: [vite] connecting... {"url":"http://localhost:8000/","user_agent":"Mozilla/5.0 (Windows NT 10.0; Win64; x64; rv:155.0) Gecko/20100101 Firefox/155.0","timestamp":"2026-09-13T02:09:32.888Z"} 
[2026-09-13 02:09:33] local.INFO: %cDownload the React DevTools for a better development experience: https://react.dev/link/react-devtools font-weight:bold {"url":"http://localhost:8000/","user_agent":"Mozilla/5.0 (Windows NT 10.0; Win64; x64; rv:155.0) Gecko/20100101 Firefox/155.0","timestamp":"2026-09-13T02:09:32.903Z"} 
[2026-09-13 02:09:33] local.DEBUG: [vite] connected. {"url":"http://localhost:8000/","user_agent":"Mozilla/5.0 (Windows NT 10.0; Win64; x64; rv:155.0) Gecko/20100101 Firefox/155.0","timestamp":"2026-09-13T02:09:32.906Z"} 
[2026-09-13 02:09:37] local.DEBUG: [vite] hot updated: /resources/js/pages/welcome.tsx {"url":"http://localhost:8000/","user_agent":"Mozilla/5.0 (Windows NT 10.0; Win64; x64; rv:155.0) Gecko/20100101 Firefox/155.0","timestamp":"2026-09-13T02:09:37.529Z"} 
[2026-09-13 02:09:37] local.DEBUG: [vite] hot updated: /resources/css/app.css {"url":"http://localhost:8000/","user_agent":"Mozilla/5.0 (Windows NT 10.0; Win64; x64; rv:155.0) Gecko/20100101 Firefox/155.0","timestamp":"2026-09-13T02:09:37.529Z"} 
[2026-09-13 02:10:37] local.DEBUG: [vite] hot updated: /resources/js/pages/welcome.tsx {"url":"http://localhost:8000/","user_agent":"Mozilla/5.0 (Windows NT 10.0; Win64; x64; rv:155.0) Gecko/20100101 Firefox/155.0","timestamp":"2026-09-13T02:10:36.264Z"} 
[2026-09-13 02:10:37] local.DEBUG: [vite] hot updated: /resources/css/app.css {"url":"http://localhost:8000/","user_agent":"Mozilla/5.0 (Windows NT 10.0; Win64; x64; rv:155.0) Gecko/20100101 Firefox/155.0","timestamp":"2026-09-13T02:10:36.264Z"} 
[2026-09-13 02:10:41] local.DEBUG: [vite] hot updated: /resources/js/pages/welcome.tsx {"url":"http://localhost:8000/","user_agent":"Mozilla/5.0 (Windows NT 10.0; Win64; x64; rv:155.0) Gecko/20100101 Firefox/155.0","timestamp":"2026-09-13T02:10:41.757Z"} 
[2026-09-13 02:10:41] local.DEBUG: [vite] hot updated: /resources/css/app.css {"url":"http://localhost:8000/","user_agent":"Mozilla/5.0 (Windows NT 10.0; Win64; x64; rv:155.0) Gecko/20100101 Firefox/155.0","timestamp":"2026-09-13T02:10:41.757Z"} 
[2026-09-13 02:10:43] local.DEBUG: [vite] hot updated: /resources/js/pages/welcome.tsx {"url":"http://localhost:8000/","user_agent":"Mozilla/5.0 (Windows NT 10.0; Win64; x64; rv:155.0) Gecko/20100101 Firefox/155.0","timestamp":"2026-09-13T02:10:43.192Z"} 
[2026-09-13 02:10:43] local.DEBUG: [vite] hot updated: /resources/css/app.css {"url":"http://localhost:8000/","user_agent":"Mozilla/5.0 (Windows NT 10.0; Win64; x64; rv:155.0) Gecko/20100101 Firefox/155.0","timestamp":"2026-09-13T02:10:43.192Z"} 
[2026-09-13 02:10:45] local.DEBUG: [vite] hot updated: /resources/js/pages/welcome.tsx {"url":"http://localhost:8000/","user_agent":"Mozilla/5.0 (Windows NT 10.0; Win64; x64; rv:155.0) Gecko/20100101 Firefox/155.0","timestamp":"2026-09-13T02:10:45.260Z"} 
[2026-09-13 02:10:45] local.DEBUG: [vite] hot updated: /resources/css/app.css {"url":"http://localhost:8000/","user_agent":"Mozilla/5.0 (Windows NT 10.0; Win64; x64; rv:155.0) Gecko/20100101 Firefox/155.0","timestamp":"2026-09-13T02:10:45.260Z"} 
[2026-09-13 02:12:50] local.DEBUG: [vite] hot updated: /resources/js/layouts/ecovolts-layout.tsx {"url":"http://localhost:8000/register","user_agent":"Mozilla/5.0 (Windows NT 10.0; Win64; x64; rv:155.0) Gecko/20100101 Firefox/155.0","timestamp":"2026-09-13T02:12:50.226Z"} 
[2026-09-13 02:12:50] local.DEBUG: [vite] hot updated: /resources/css/app.css {"url":"http://localhost:8000/register","user_agent":"Mozilla/5.0 (Windows NT 10.0; Win64; x64; rv:155.0) Gecko/20100101 Firefox/155.0","timestamp":"2026-09-13T02:12:50.226Z"} 
[2026-09-13 02:13:29] local.DEBUG: [vite] hot updated: /resources/js/layouts/ecovolts-layout.tsx {"url":"http://localhost:8000/register","user_agent":"Mozilla/5.0 (Windows NT 10.0; Win64; x64; rv:155.0) Gecko/20100101 Firefox/155.0","timestamp":"2026-09-13T02:13:28.939Z"} 
[2026-09-13 02:13:29] local.DEBUG: [vite] hot updated: /resources/css/app.css {"url":"http://localhost:8000/register","user_agent":"Mozilla/5.0 (Windows NT 10.0; Win64; x64; rv:155.0) Gecko/20100101 Firefox/155.0","timestamp":"2026-09-13T02:13:28.939Z"} 
[2026-09-13 02:13:32] local.DEBUG: [vite] hot updated: /resources/js/layouts/ecovolts-layout.tsx {"url":"http://localhost:8000/register","user_agent":"Mozilla/5.0 (Windows NT 10.0; Win64; x64; rv:155.0) Gecko/20100101 Firefox/155.0","timestamp":"2026-09-13T02:13:32.267Z"} 
[2026-09-13 02:13:32] local.DEBUG: [vite] hot updated: /resources/css/app.css {"url":"http://localhost:8000/register","user_agent":"Mozilla/5.0 (Windows NT 10.0; Win64; x64; rv:155.0) Gecko/20100101 Firefox/155.0","timestamp":"2026-09-13T02:13:32.267Z"} 
[2026-09-13 02:18:08] local.DEBUG: [vite] hot updated: /resources/js/pages/welcome.tsx {"url":"http://localhost:8000/","user_agent":"Mozilla/5.0 (Windows NT 10.0; Win64; x64; rv:155.0) Gecko/20100101 Firefox/155.0","timestamp":"2026-09-13T02:18:08.405Z"} 
[2026-09-13 02:18:08] local.DEBUG: [vite] hot updated: /resources/css/app.css {"url":"http://localhost:8000/","user_agent":"Mozilla/5.0 (Windows NT 10.0; Win64; x64; rv:155.0) Gecko/20100101 Firefox/155.0","timestamp":"2026-09-13T02:18:08.405Z"} 
[2026-09-13 02:18:14] local.DEBUG: [vite] hot updated: /resources/js/pages/welcome.tsx {"url":"http://localhost:8000/","user_agent":"Mozilla/5.0 (Windows NT 10.0; Win64; x64; rv:155.0) Gecko/20100101 Firefox/155.0","timestamp":"2026-09-13T02:18:14.034Z"} 
[2026-09-13 02:18:14] local.DEBUG: [vite] hot updated: /resources/css/app.css {"url":"http://localhost:8000/","user_agent":"Mozilla/5.0 (Windows NT 10.0; Win64; x64; rv:155.0) Gecko/20100101 Firefox/155.0","timestamp":"2026-09-13T02:18:14.034Z"} 
[2026-09-13 02:18:26] local.DEBUG: [vite] hot updated: /resources/js/pages/welcome.tsx {"url":"http://localhost:8000/","user_agent":"Mozilla/5.0 (Windows NT 10.0; Win64; x64; rv:155.0) Gecko/20100101 Firefox/155.0","timestamp":"2026-09-13T02:18:26.291Z"} 
[2026-09-13 02:18:26] local.DEBUG: [vite] hot updated: /resources/css/app.css {"url":"http://localhost:8000/","user_agent":"Mozilla/5.0 (Windows NT 10.0; Win64; x64; rv:155.0) Gecko/20100101 Firefox/155.0","timestamp":"2026-09-13T02:18:26.291Z"} 
[2026-09-13 02:18:45] local.DEBUG: [vite] hot updated: /resources/js/pages/welcome.tsx {"url":"http://localhost:8000/","user_agent":"Mozilla/5.0 (Windows NT 10.0; Win64; x64; rv:155.0) Gecko/20100101 Firefox/155.0","timestamp":"2026-09-13T02:18:45.557Z"} 
[2026-09-13 02:18:45] local.DEBUG: [vite] hot updated: /resources/css/app.css {"url":"http://localhost:8000/","user_agent":"Mozilla/5.0 (Windows NT 10.0; Win64; x64; rv:155.0) Gecko/20100101 Firefox/155.0","timestamp":"2026-09-13T02:18:45.557Z"} 
[2026-09-13 02:18:47] local.DEBUG: [vite] connecting... {"url":"http://localhost:8000/register","user_agent":"Mozilla/5.0 (Windows NT 10.0; Win64; x64; rv:155.0) Gecko/20100101 Firefox/155.0","timestamp":"2026-09-13T02:18:46.283Z"} 
[2026-09-13 02:18:47] local.INFO: %cDownload the React DevTools for a better development experience: https://react.dev/link/react-devtools font-weight:bold {"url":"http://localhost:8000/register","user_agent":"Mozilla/5.0 (Windows NT 10.0; Win64; x64; rv:155.0) Gecko/20100101 Firefox/155.0","timestamp":"2026-09-13T02:18:46.291Z"} 
[2026-09-13 02:18:47] local.DEBUG: [vite] connected. {"url":"http://localhost:8000/register","user_agent":"Mozilla/5.0 (Windows NT 10.0; Win64; x64; rv:155.0) Gecko/20100101 Firefox/155.0","timestamp":"2026-09-13T02:18:46.294Z"} 
[2026-09-13 02:18:47] local.DEBUG: [vite] hot updated: /resources/js/pages/welcome.tsx {"url":"http://localhost:8000/","user_agent":"Mozilla/5.0 (Windows NT 10.0; Win64; x64; rv:155.0) Gecko/20100101 Firefox/155.0","timestamp":"2026-09-13T02:18:47.641Z"} 
[2026-09-13 02:18:47] local.DEBUG: [vite] hot updated: /resources/css/app.css {"url":"http://localhost:8000/","user_agent":"Mozilla/5.0 (Windows NT 10.0; Win64; x64; rv:155.0) Gecko/20100101 Firefox/155.0","timestamp":"2026-09-13T02:18:47.641Z"} 
[2026-09-13 02:18:48] local.DEBUG: [vite] hot updated: /resources/css/app.css {"url":"http://localhost:8000/register","user_agent":"Mozilla/5.0 (Windows NT 10.0; Win64; x64; rv:155.0) Gecko/20100101 Firefox/155.0","timestamp":"2026-09-13T02:18:47.640Z"} 
[2026-09-13 02:19:01] local.DEBUG: [vite] hot updated: /resources/js/pages/welcome.tsx {"url":"http://localhost:8000/","user_agent":"Mozilla/5.0 (Windows NT 10.0; Win64; x64; rv:155.0) Gecko/20100101 Firefox/155.0","timestamp":"2026-09-13T02:19:01.588Z"} 
[2026-09-13 02:19:01] local.DEBUG: [vite] hot updated: /resources/css/app.css {"url":"http://localhost:8000/","user_agent":"Mozilla/5.0 (Windows NT 10.0; Win64; x64; rv:155.0) Gecko/20100101 Firefox/155.0","timestamp":"2026-09-13T02:19:01.588Z"} 
[2026-09-13 02:19:11] local.DEBUG: [vite] hot updated: /resources/js/pages/welcome.tsx {"url":"http://localhost:8000/","user_agent":"Mozilla/5.0 (Windows NT 10.0; Win64; x64; rv:155.0) Gecko/20100101 Firefox/155.0","timestamp":"2026-09-13T02:19:10.791Z"} 
[2026-09-13 02:19:11] local.DEBUG: [vite] hot updated: /resources/css/app.css {"url":"http://localhost:8000/","user_agent":"Mozilla/5.0 (Windows NT 10.0; Win64; x64; rv:155.0) Gecko/20100101 Firefox/155.0","timestamp":"2026-09-13T02:19:10.791Z"} 
[2026-09-13 02:23:04] local.DEBUG: [vite] hot updated: /resources/js/layouts/ecovolts-layout.tsx {"url":"http://localhost:8000/register","user_agent":"Mozilla/5.0 (Windows NT 10.0; Win64; x64; rv:155.0) Gecko/20100101 Firefox/155.0","timestamp":"2026-09-13T02:23:03.453Z"} 
[2026-09-13 02:23:04] local.DEBUG: [vite] hot updated: /resources/css/app.css {"url":"http://localhost:8000/register","user_agent":"Mozilla/5.0 (Windows NT 10.0; Win64; x64; rv:155.0) Gecko/20100101 Firefox/155.0","timestamp":"2026-09-13T02:23:03.453Z"} 
[2026-09-13 02:23:16] local.DEBUG: [vite] hot updated: /resources/js/layouts/ecovolts-layout.tsx {"url":"http://localhost:8000/register","user_agent":"Mozilla/5.0 (Windows NT 10.0; Win64; x64; rv:155.0) Gecko/20100101 Firefox/155.0","timestamp":"2026-09-13T02:23:16.199Z"} 
[2026-09-13 02:23:16] local.DEBUG: [vite] hot updated: /resources/css/app.css {"url":"http://localhost:8000/register","user_agent":"Mozilla/5.0 (Windows NT 10.0; Win64; x64; rv:155.0) Gecko/20100101 Firefox/155.0","timestamp":"2026-09-13T02:23:16.199Z"} 
[2026-09-13 02:25:37] local.DEBUG: [vite] hot updated: /resources/js/layouts/ecovolts-layout.tsx {"url":"http://localhost:8000/register","user_agent":"Mozilla/5.0 (Windows NT 10.0; Win64; x64; rv:155.0) Gecko/20100101 Firefox/155.0","timestamp":"2026-09-13T02:25:36.912Z"} 
[2026-09-13 02:25:37] local.DEBUG: [vite] hot updated: /resources/css/app.css {"url":"http://localhost:8000/register","user_agent":"Mozilla/5.0 (Windows NT 10.0; Win64; x64; rv:155.0) Gecko/20100101 Firefox/155.0","timestamp":"2026-09-13T02:25:36.912Z"} 
[2026-09-13 02:25:40] local.DEBUG: [vite] connecting... {"url":"http://localhost:8000/register","user_agent":"Mozilla/5.0 (Windows NT 10.0; Win64; x64; rv:155.0) Gecko/20100101 Firefox/155.0","timestamp":"2026-09-13T02:25:40.421Z"} 
[2026-09-13 02:25:40] local.INFO: %cDownload the React DevTools for a better development experience: https://react.dev/link/react-devtools font-weight:bold {"url":"http://localhost:8000/register","user_agent":"Mozilla/5.0 (Windows NT 10.0; Win64; x64; rv:155.0) Gecko/20100101 Firefox/155.0","timestamp":"2026-09-13T02:25:40.431Z"} 
[2026-09-13 02:25:40] local.DEBUG: [vite] connected. {"url":"http://localhost:8000/register","user_agent":"Mozilla/5.0 (Windows NT 10.0; Win64; x64; rv:155.0) Gecko/20100101 Firefox/155.0","timestamp":"2026-09-13T02:25:40.439Z"} 
[2026-09-13 02:26:01] local.DEBUG: [vite] hot updated: /resources/js/layouts/ecovolts-layout.tsx {"url":"http://localhost:8000/register","user_agent":"Mozilla/5.0 (Windows NT 10.0; Win64; x64; rv:155.0) Gecko/20100101 Firefox/155.0","timestamp":"2026-09-13T02:25:59.734Z"} 
[2026-09-13 02:26:01] local.DEBUG: [vite] hot updated: /resources/css/app.css {"url":"http://localhost:8000/register","user_agent":"Mozilla/5.0 (Windows NT 10.0; Win64; x64; rv:155.0) Gecko/20100101 Firefox/155.0","timestamp":"2026-09-13T02:25:59.734Z"} 
[2026-09-13 02:27:03] local.DEBUG: [vite] hot updated: /resources/js/layouts/ecovolts-layout.tsx {"url":"http://localhost:8000/register","user_agent":"Mozilla/5.0 (Windows NT 10.0; Win64; x64; rv:155.0) Gecko/20100101 Firefox/155.0","timestamp":"2026-09-13T02:27:02.437Z"} 
[2026-09-13 02:27:03] local.DEBUG: [vite] hot updated: /resources/css/app.css {"url":"http://localhost:8000/register","user_agent":"Mozilla/5.0 (Windows NT 10.0; Win64; x64; rv:155.0) Gecko/20100101 Firefox/155.0","timestamp":"2026-09-13T02:27:02.437Z"} 
[2026-09-13 02:27:04] local.DEBUG: [vite] connecting... {"url":"http://localhost:8000/register","user_agent":"Mozilla/5.0 (Windows NT 10.0; Win64; x64; rv:155.0) Gecko/20100101 Firefox/155.0","timestamp":"2026-09-13T02:27:04.736Z"} 
[2026-09-13 02:27:04] local.INFO: %cDownload the React DevTools for a better development experience: https://react.dev/link/react-devtools font-weight:bold {"url":"http://localhost:8000/register","user_agent":"Mozilla/5.0 (Windows NT 10.0; Win64; x64; rv:155.0) Gecko/20100101 Firefox/155.0","timestamp":"2026-09-13T02:27:04.752Z"} 
[2026-09-13 02:27:04] local.DEBUG: [vite] connected. {"url":"http://localhost:8000/register","user_agent":"Mozilla/5.0 (Windows NT 10.0; Win64; x64; rv:155.0) Gecko/20100101 Firefox/155.0","timestamp":"2026-09-13T02:27:04.754Z"} 
[2026-09-13 02:28:06] local.DEBUG: [vite] hot updated: /resources/js/layouts/ecovolts-layout.tsx {"url":"http://localhost:8000/register","user_agent":"Mozilla/5.0 (Windows NT 10.0; Win64; x64; rv:155.0) Gecko/20100101 Firefox/155.0","timestamp":"2026-09-13T02:28:04.049Z"} 
[2026-09-13 02:28:06] local.DEBUG: [vite] hot updated: /resources/css/app.css {"url":"http://localhost:8000/register","user_agent":"Mozilla/5.0 (Windows NT 10.0; Win64; x64; rv:155.0) Gecko/20100101 Firefox/155.0","timestamp":"2026-09-13T02:28:04.049Z"} 
[2026-09-13 02:28:09] local.DEBUG: [vite] connecting... {"url":"http://localhost:8000/register","user_agent":"Mozilla/5.0 (Windows NT 10.0; Win64; x64; rv:155.0) Gecko/20100101 Firefox/155.0","timestamp":"2026-09-13T02:28:09.105Z"} 
[2026-09-13 02:28:09] local.INFO: %cDownload the React DevTools for a better development experience: https://react.dev/link/react-devtools font-weight:bold {"url":"http://localhost:8000/register","user_agent":"Mozilla/5.0 (Windows NT 10.0; Win64; x64; rv:155.0) Gecko/20100101 Firefox/155.0","timestamp":"2026-09-13T02:28:09.122Z"} 
[2026-09-13 02:28:09] local.DEBUG: [vite] connected. {"url":"http://localhost:8000/register","user_agent":"Mozilla/5.0 (Windows NT 10.0; Win64; x64; rv:155.0) Gecko/20100101 Firefox/155.0","timestamp":"2026-09-13T02:28:09.125Z"} 
[2026-09-13 02:29:08] local.DEBUG: [vite] hot updated: /resources/js/layouts/ecovolts-layout.tsx {"url":"http://localhost:8000/register","user_agent":"Mozilla/5.0 (Windows NT 10.0; Win64; x64; rv:155.0) Gecko/20100101 Firefox/155.0","timestamp":"2026-09-13T02:29:07.850Z"} 
[2026-09-13 02:29:08] local.DEBUG: [vite] hot updated: /resources/css/app.css {"url":"http://localhost:8000/register","user_agent":"Mozilla/5.0 (Windows NT 10.0; Win64; x64; rv:155.0) Gecko/20100101 Firefox/155.0","timestamp":"2026-09-13T02:29:07.850Z"} 
[2026-09-13 02:29:19] local.DEBUG: [vite] hot updated: /resources/js/layouts/ecovolts-layout.tsx {"url":"http://localhost:8000/register","user_agent":"Mozilla/5.0 (Windows NT 10.0; Win64; x64; rv:155.0) Gecko/20100101 Firefox/155.0","timestamp":"2026-09-13T02:29:19.542Z"} 
[2026-09-13 02:29:19] local.DEBUG: [vite] hot updated: /resources/css/app.css {"url":"http://localhost:8000/register","user_agent":"Mozilla/5.0 (Windows NT 10.0; Win64; x64; rv:155.0) Gecko/20100101 Firefox/155.0","timestamp":"2026-09-13T02:29:19.542Z"} 
[2026-09-13 02:30:28] local.DEBUG: [vite] hot updated: /resources/js/layouts/ecovolts-layout.tsx {"url":"http://localhost:8000/register","user_agent":"Mozilla/5.0 (Windows NT 10.0; Win64; x64; rv:155.0) Gecko/20100101 Firefox/155.0","timestamp":"2026-09-13T02:30:28.270Z"} 
[2026-09-13 02:30:28] local.DEBUG: [vite] hot updated: /resources/css/app.css {"url":"http://localhost:8000/register","user_agent":"Mozilla/5.0 (Windows NT 10.0; Win64; x64; rv:155.0) Gecko/20100101 Firefox/155.0","timestamp":"2026-09-13T02:30:28.270Z"} 
[2026-09-13 02:37:11] local.DEBUG: [vite] hot updated: /resources/js/pages/auth/login.tsx {"url":"http://localhost:8000/register","user_agent":"Mozilla/5.0 (Windows NT 10.0; Win64; x64; rv:155.0) Gecko/20100101 Firefox/155.0","timestamp":"2026-09-13T02:37:09.144Z"} 
[2026-09-13 02:37:11] local.DEBUG: [vite] hot updated: /resources/css/app.css {"url":"http://localhost:8000/register","user_agent":"Mozilla/5.0 (Windows NT 10.0; Win64; x64; rv:155.0) Gecko/20100101 Firefox/155.0","timestamp":"2026-09-13T02:37:09.144Z"} 
[2026-09-13 02:37:52] local.DEBUG: [vite] hot updated: /resources/js/pages/auth/register.tsx {"url":"http://localhost:8000/register","user_agent":"Mozilla/5.0 (Windows NT 10.0; Win64; x64; rv:155.0) Gecko/20100101 Firefox/155.0","timestamp":"2026-09-13T02:37:52.680Z"} 
[2026-09-13 02:37:52] local.DEBUG: [vite] hot updated: /resources/css/app.css {"url":"http://localhost:8000/register","user_agent":"Mozilla/5.0 (Windows NT 10.0; Win64; x64; rv:155.0) Gecko/20100101 Firefox/155.0","timestamp":"2026-09-13T02:37:52.680Z"} 
[2026-09-13 02:38:12] local.DEBUG: [vite] hot updated: /resources/js/pages/auth/register.tsx {"url":"http://localhost:8000/register","user_agent":"Mozilla/5.0 (Windows NT 10.0; Win64; x64; rv:155.0) Gecko/20100101 Firefox/155.0","timestamp":"2026-09-13T02:38:12.725Z"} 
[2026-09-13 02:38:12] local.DEBUG: [vite] hot updated: /resources/css/app.css {"url":"http://localhost:8000/register","user_agent":"Mozilla/5.0 (Windows NT 10.0; Win64; x64; rv:155.0) Gecko/20100101 Firefox/155.0","timestamp":"2026-09-13T02:38:12.725Z"} 
[2026-09-13 02:39:09] local.DEBUG: [vite] hot updated: /resources/js/pages/auth/register.tsx {"url":"http://localhost:8000/register","user_agent":"Mozilla/5.0 (Windows NT 10.0; Win64; x64; rv:155.0) Gecko/20100101 Firefox/155.0","timestamp":"2026-09-13T02:39:09.595Z"} 
[2026-09-13 02:39:09] local.DEBUG: [vite] hot updated: /resources/css/app.css {"url":"http://localhost:8000/register","user_agent":"Mozilla/5.0 (Windows NT 10.0; Win64; x64; rv:155.0) Gecko/20100101 Firefox/155.0","timestamp":"2026-09-13T02:39:09.595Z"} 
[2026-09-13 02:39:18] local.DEBUG: [vite] hot updated: /resources/js/pages/auth/register.tsx {"url":"http://localhost:8000/register","user_agent":"Mozilla/5.0 (Windows NT 10.0; Win64; x64; rv:155.0) Gecko/20100101 Firefox/155.0","timestamp":"2026-09-13T02:39:18.229Z"} 
[2026-09-13 02:39:18] local.DEBUG: [vite] hot updated: /resources/css/app.css {"url":"http://localhost:8000/register","user_agent":"Mozilla/5.0 (Windows NT 10.0; Win64; x64; rv:155.0) Gecko/20100101 Firefox/155.0","timestamp":"2026-09-13T02:39:18.229Z"} 
[2026-09-13 02:39:26] local.DEBUG: [vite] hot updated: /resources/js/pages/auth/register.tsx {"url":"http://localhost:8000/register","user_agent":"Mozilla/5.0 (Windows NT 10.0; Win64; x64; rv:155.0) Gecko/20100101 Firefox/155.0","timestamp":"2026-09-13T02:39:24.885Z"} 
[2026-09-13 02:39:26] local.DEBUG: [vite] hot updated: /resources/css/app.css {"url":"http://localhost:8000/register","user_agent":"Mozilla/5.0 (Windows NT 10.0; Win64; x64; rv:155.0) Gecko/20100101 Firefox/155.0","timestamp":"2026-09-13T02:39:24.885Z"} 
[2026-09-13 02:39:34] local.DEBUG: [vite] hot updated: /resources/js/pages/auth/register.tsx {"url":"http://localhost:8000/register","user_agent":"Mozilla/5.0 (Windows NT 10.0; Win64; x64; rv:155.0) Gecko/20100101 Firefox/155.0","timestamp":"2026-09-13T02:39:33.888Z"} 
[2026-09-13 02:39:34] local.DEBUG: [vite] hot updated: /resources/css/app.css {"url":"http://localhost:8000/register","user_agent":"Mozilla/5.0 (Windows NT 10.0; Win64; x64; rv:155.0) Gecko/20100101 Firefox/155.0","timestamp":"2026-09-13T02:39:33.888Z"} 
[2026-09-13 02:40:06] local.DEBUG: [vite] hot updated: /resources/js/pages/auth/register.tsx {"url":"http://localhost:8000/register","user_agent":"Mozilla/5.0 (Windows NT 10.0; Win64; x64; rv:155.0) Gecko/20100101 Firefox/155.0","timestamp":"2026-09-13T02:40:05.941Z"} 
[2026-09-13 02:40:06] local.DEBUG: [vite] hot updated: /resources/css/app.css {"url":"http://localhost:8000/register","user_agent":"Mozilla/5.0 (Windows NT 10.0; Win64; x64; rv:155.0) Gecko/20100101 Firefox/155.0","timestamp":"2026-09-13T02:40:05.941Z"} 
[2026-09-13 02:40:16] local.DEBUG: [vite] hot updated: /resources/js/pages/auth/register.tsx {"url":"http://localhost:8000/register","user_agent":"Mozilla/5.0 (Windows NT 10.0; Win64; x64; rv:155.0) Gecko/20100101 Firefox/155.0","timestamp":"2026-09-13T02:40:12.762Z"} 
[2026-09-13 02:40:16] local.DEBUG: [vite] hot updated: /resources/css/app.css {"url":"http://localhost:8000/register","user_agent":"Mozilla/5.0 (Windows NT 10.0; Win64; x64; rv:155.0) Gecko/20100101 Firefox/155.0","timestamp":"2026-09-13T02:40:12.762Z"} 
[2026-09-13 02:40:17] local.DEBUG: [vite] connecting... {"url":"http://localhost:8000/register","user_agent":"Mozilla/5.0 (Windows NT 10.0; Win64; x64; rv:155.0) Gecko/20100101 Firefox/155.0","timestamp":"2026-09-13T02:40:16.847Z"} 
[2026-09-13 02:40:17] local.INFO: %cDownload the React DevTools for a better development experience: https://react.dev/link/react-devtools font-weight:bold {"url":"http://localhost:8000/register","user_agent":"Mozilla/5.0 (Windows NT 10.0; Win64; x64; rv:155.0) Gecko/20100101 Firefox/155.0","timestamp":"2026-09-13T02:40:16.857Z"} 
[2026-09-13 02:40:17] local.DEBUG: [vite] connected. {"url":"http://localhost:8000/register","user_agent":"Mozilla/5.0 (Windows NT 10.0; Win64; x64; rv:155.0) Gecko/20100101 Firefox/155.0","timestamp":"2026-09-13T02:40:16.866Z"} 
[2026-09-13 02:40:21] local.DEBUG: [vite] hot updated: /resources/js/pages/auth/register.tsx {"url":"http://localhost:8000/register","user_agent":"Mozilla/5.0 (Windows NT 10.0; Win64; x64; rv:155.0) Gecko/20100101 Firefox/155.0","timestamp":"2026-09-13T02:40:21.509Z"} 
[2026-09-13 02:40:21] local.DEBUG: [vite] hot updated: /resources/css/app.css {"url":"http://localhost:8000/register","user_agent":"Mozilla/5.0 (Windows NT 10.0; Win64; x64; rv:155.0) Gecko/20100101 Firefox/155.0","timestamp":"2026-09-13T02:40:21.509Z"} 
[2026-09-13 02:40:35] local.DEBUG: [vite] hot updated: /resources/js/layouts/ecovolts-layout.tsx {"url":"http://localhost:8000/register","user_agent":"Mozilla/5.0 (Windows NT 10.0; Win64; x64; rv:155.0) Gecko/20100101 Firefox/155.0","timestamp":"2026-09-13T02:40:34.795Z"} 
[2026-09-13 02:40:35] local.DEBUG: [vite] hot updated: /resources/css/app.css {"url":"http://localhost:8000/register","user_agent":"Mozilla/5.0 (Windows NT 10.0; Win64; x64; rv:155.0) Gecko/20100101 Firefox/155.0","timestamp":"2026-09-13T02:40:34.795Z"} 
[2026-09-13 02:40:50] local.DEBUG: [vite] hot updated: /resources/js/pages/auth/login.tsx {"url":"http://localhost:8000/register","user_agent":"Mozilla/5.0 (Windows NT 10.0; Win64; x64; rv:155.0) Gecko/20100101 Firefox/155.0","timestamp":"2026-09-13T02:40:50.472Z"} 
[2026-09-13 02:40:50] local.DEBUG: [vite] hot updated: /resources/css/app.css {"url":"http://localhost:8000/register","user_agent":"Mozilla/5.0 (Windows NT 10.0; Win64; x64; rv:155.0) Gecko/20100101 Firefox/155.0","timestamp":"2026-09-13T02:40:50.472Z"} 
[2026-09-13 02:41:28] local.DEBUG: [vite] hot updated: /resources/js/pages/auth/login.tsx {"url":"http://localhost:8000/register","user_agent":"Mozilla/5.0 (Windows NT 10.0; Win64; x64; rv:155.0) Gecko/20100101 Firefox/155.0","timestamp":"2026-09-13T02:41:22.199Z"} 
[2026-09-13 02:41:28] local.DEBUG: [vite] hot updated: /resources/css/app.css {"url":"http://localhost:8000/register","user_agent":"Mozilla/5.0 (Windows NT 10.0; Win64; x64; rv:155.0) Gecko/20100101 Firefox/155.0","timestamp":"2026-09-13T02:41:22.199Z"} 
[2026-09-13 02:41:28] local.DEBUG: [vite] hot updated: /resources/js/pages/auth/login.tsx {"url":"http://localhost:8000/register","user_agent":"Mozilla/5.0 (Windows NT 10.0; Win64; x64; rv:155.0) Gecko/20100101 Firefox/155.0","timestamp":"2026-09-13T02:41:27.226Z"} 
[2026-09-13 02:41:28] local.DEBUG: [vite] hot updated: /resources/css/app.css {"url":"http://localhost:8000/register","user_agent":"Mozilla/5.0 (Windows NT 10.0; Win64; x64; rv:155.0) Gecko/20100101 Firefox/155.0","timestamp":"2026-09-13T02:41:27.226Z"} 
[2026-09-13 02:41:30] local.DEBUG: [vite] hot updated: /resources/js/pages/auth/register.tsx {"url":"http://localhost:8000/register","user_agent":"Mozilla/5.0 (Windows NT 10.0; Win64; x64; rv:155.0) Gecko/20100101 Firefox/155.0","timestamp":"2026-09-13T02:41:29.952Z"} 
[2026-09-13 02:41:30] local.DEBUG: [vite] hot updated: /resources/css/app.css {"url":"http://localhost:8000/register","user_agent":"Mozilla/5.0 (Windows NT 10.0; Win64; x64; rv:155.0) Gecko/20100101 Firefox/155.0","timestamp":"2026-09-13T02:41:29.952Z"} 
[2026-09-13 02:41:45] local.DEBUG: [vite] hot updated: /resources/js/layouts/ecovolts-layout.tsx {"url":"http://localhost:8000/register","user_agent":"Mozilla/5.0 (Windows NT 10.0; Win64; x64; rv:155.0) Gecko/20100101 Firefox/155.0","timestamp":"2026-09-13T02:41:38.863Z"} 
[2026-09-13 02:41:45] local.DEBUG: [vite] hot updated: /resources/css/app.css {"url":"http://localhost:8000/register","user_agent":"Mozilla/5.0 (Windows NT 10.0; Win64; x64; rv:155.0) Gecko/20100101 Firefox/155.0","timestamp":"2026-09-13T02:41:38.863Z"} 
[2026-09-13 02:44:18] local.DEBUG: [vite] connecting... {"url":"http://localhost:8000/register","user_agent":"Mozilla/5.0 (Windows NT 10.0; Win64; x64; rv:155.0) Gecko/20100101 Firefox/155.0","timestamp":"2026-09-13T02:44:18.378Z"} 
[2026-09-13 02:44:18] local.INFO: %cDownload the React DevTools for a better development experience: https://react.dev/link/react-devtools font-weight:bold {"url":"http://localhost:8000/register","user_agent":"Mozilla/5.0 (Windows NT 10.0; Win64; x64; rv:155.0) Gecko/20100101 Firefox/155.0","timestamp":"2026-09-13T02:44:18.389Z"} 
[2026-09-13 02:44:18] local.DEBUG: [vite] connected. {"url":"http://localhost:8000/register","user_agent":"Mozilla/5.0 (Windows NT 10.0; Win64; x64; rv:155.0) Gecko/20100101 Firefox/155.0","timestamp":"2026-09-13T02:44:18.392Z"} 
[2026-09-13 02:44:20] local.DEBUG: [vite] connecting... {"url":"http://localhost:8000/register","user_agent":"Mozilla/5.0 (Windows NT 10.0; Win64; x64; rv:155.0) Gecko/20100101 Firefox/155.0","timestamp":"2026-09-13T02:44:20.721Z"} 
[2026-09-13 02:44:20] local.DEBUG: [vite] connected. {"url":"http://localhost:8000/register","user_agent":"Mozilla/5.0 (Windows NT 10.0; Win64; x64; rv:155.0) Gecko/20100101 Firefox/155.0","timestamp":"2026-09-13T02:44:20.732Z"} 
[2026-09-13 02:44:20] local.INFO: %cDownload the React DevTools for a better development experience: https://react.dev/link/react-devtools font-weight:bold {"url":"http://localhost:8000/register","user_agent":"Mozilla/5.0 (Windows NT 10.0; Win64; x64; rv:155.0) Gecko/20100101 Firefox/155.0","timestamp":"2026-09-13T02:44:20.735Z"} 
[2026-09-13 02:44:57] local.DEBUG: [vite] hot updated: /resources/css/app.css {"url":"http://localhost:8000/register","user_agent":"Mozilla/5.0 (Windows NT 10.0; Win64; x64; rv:155.0) Gecko/20100101 Firefox/155.0","timestamp":"2026-09-13T02:44:56.890Z"} 
[2026-09-13 02:45:05] local.DEBUG: [vite] hot updated: /resources/css/app.css {"url":"http://localhost:8000/register","user_agent":"Mozilla/5.0 (Windows NT 10.0; Win64; x64; rv:155.0) Gecko/20100101 Firefox/155.0","timestamp":"2026-09-13T02:45:05.569Z"} 
[2026-09-13 02:45:25] local.DEBUG: [vite] hot updated: /resources/css/app.css {"url":"http://localhost:8000/register","user_agent":"Mozilla/5.0 (Windows NT 10.0; Win64; x64; rv:155.0) Gecko/20100101 Firefox/155.0","timestamp":"2026-09-13T02:45:25.511Z"} 
[2026-09-13 02:45:53] local.DEBUG: [vite] hot updated: /resources/css/app.css {"url":"http://localhost:8000/register","user_agent":"Mozilla/5.0 (Windows NT 10.0; Win64; x64; rv:155.0) Gecko/20100101 Firefox/155.0","timestamp":"2026-09-13T02:45:53.485Z"} 
[2026-09-13 02:52:08] local.DEBUG: [vite] connecting... {"url":"http://localhost:8000/register","user_agent":"Mozilla/5.0 (Windows NT 10.0; Win64; x64; rv:155.0) Gecko/20100101 Firefox/155.0","timestamp":"2026-09-13T02:52:07.791Z"} 
[2026-09-13 02:52:10] local.DEBUG: [vite] connected. {"url":"http://localhost:8000/register","user_agent":"Mozilla/5.0 (Windows NT 10.0; Win64; x64; rv:155.0) Gecko/20100101 Firefox/155.0","timestamp":"2026-09-13T02:52:10.705Z"} 
[2026-09-13 02:52:20] local.INFO: %cDownload the React DevTools for a better development experience: https://react.dev/link/react-devtools font-weight:bold {"url":"http://localhost:8000/register","user_agent":"Mozilla/5.0 (Windows NT 10.0; Win64; x64; rv:155.0) Gecko/20100101 Firefox/155.0","timestamp":"2026-09-13T02:52:20.382Z"} 
[2026-09-13 02:53:39] local.DEBUG: [vite] hot updated: /resources/js/pages/auth/register.tsx {"url":"http://localhost:8000/register","user_agent":"Mozilla/5.0 (Windows NT 10.0; Win64; x64; rv:155.0) Gecko/20100101 Firefox/155.0","timestamp":"2026-09-13T02:53:36.959Z"} 
[2026-09-13 02:53:39] local.DEBUG: [vite] hot updated: /resources/css/app.css {"url":"http://localhost:8000/register","user_agent":"Mozilla/5.0 (Windows NT 10.0; Win64; x64; rv:155.0) Gecko/20100101 Firefox/155.0","timestamp":"2026-09-13T02:53:36.959Z"} 
[2026-09-13 02:53:39] local.ERROR: TypeError: reactDom.findDOMNode is not a function http://[::1]:5173/node_modules/.vite/deps/react-input-mask.js?v=54d9cd33 523 32 TypeError reactDom.findDOMNode is not a function node_modules/react-input-mask/lib/react-input-mask.development.js/InputElement2/_this.getInputDOMNode@http://[::1]:5173/node_modules/.vite/deps/react-input-mask.js?v=54d9cd33:523:32
componentDidMount@http://[::1]:5173/node_modules/.vite/deps/react-input-mask.js?v=54d9cd33:821:19
react-stack-bottom-frame@http://[::1]:5173/node_modules/.vite/deps/react-dom_client.js?v=8fed9ca2:16210:22
runWithFiberInDEV@http://[::1]:5173/node_modules/.vite/deps/react-dom_client.js?v=8fed9ca2:726:18
commitLayoutEffectOnFiber@http://[::1]:5173/node_modules/.vite/deps/react-dom_client.js?v=8fed9ca2:8247:72
recursivelyTraverseLayoutEffects@http://[::1]:5173/node_modules/.vite/deps/react-dom_client.js?v=8fed9ca2:8987:38
commitLayoutEffectOnFiber@http://[::1]:5173/node_modules/.vite/deps/react-dom_client.js?v=8fed9ca2:8370:45
recursivelyTraverseLayoutEffects@http://[::1]:5173/node_modules/.vite/deps/react-dom_client.js?v=8fed9ca2:8987:38
commitLayoutEffectOnFiber@http://[::1]:5173/node_modules/.vite/deps/react-dom_client.js?v=8fed9ca2:8325:45
recursivelyTraverseLayoutEffects@http://[::1]:5173/node_modules/.vite/deps/react-dom_client.js?v=8fed9ca2:8987:38
commitLayoutEffectOnFiber@http://[::1]:5173/node_modules/.vite/deps/react-dom_client.js?v=8fed9ca2:8234:45
recursivelyTraverseLayoutEffects@http://[::1]:5173/node_modules/.vite/deps/react-dom_client.js?v=8fed9ca2:8987:38
commitLayoutEffectOnFiber@http://[::1]:5173/node_modules/.vite/deps/react-dom_client.js?v=8fed9ca2:8325:45
recursivelyTraverseLayoutEffects@http://[::1]:5173/node_modules/.vite/deps/react-dom_client.js?v=8fed9ca2:8987:38
commitLayoutEffectOnFiber@http://[::1]:5173/node_modules/.vite/deps/react-dom_client.js?v=8fed9ca2:8325:45
recursivelyTraverseLayoutEffects@http://[::1]:5173/node_modules/.vite/deps/react-dom_client.js?v=8fed9ca2:8987:38
commitLayoutEffectOnFiber@http://[::1]:5173/node_modules/.vite/deps/react-dom_client.js?v=8fed9ca2:8325:45
recursivelyTraverseLayoutEffects@http://[::1]:5173/node_modules/.vite/deps/react-dom_client.js?v=8fed9ca2:8987:38
commitLayoutEffectOnFiber@http://[::1]:5173/node_modules/.vite/deps/react-dom_client.js?v=8fed9ca2:8234:45
recursivelyTraverseLayoutEffects@http://[::1]:5173/node_modules/.vite/deps/react-dom_client.js?v=8fed9ca2:8987:38
commitLayoutEffectOnFiber@http://[::1]:5173/node_modules/.vite/deps/react-dom_client.js?v=8fed9ca2:8325:45
recursivelyTraverseLayoutEffects@http://[::1]:5173/node_modules/.vite/deps/react-dom_client.js?v=8fed9ca2:8987:38
commitLayoutEffectOnFiber@http://[::1]:5173/node_modules/.vite/deps/react-dom_client.js?v=8fed9ca2:8325:45
recursivelyTraverseLayoutEffects@http://[::1]:5173/node_modules/.vite/deps/react-dom_client.js?v=8fed9ca2:8987:38
commitLayoutEffectOnFiber@http://[::1]:5173/node_modules/.vite/deps/react-dom_client.js?v=8fed9ca2:8325:45
recursivelyTraverseLayoutEffects@http://[::1]:5173/node_modules/.vite/deps/react-dom_client.js?v=8fed9ca2:8987:38
commitLayoutEffectOnFiber@http://[::1]:5173/node_modules/.vite/deps/react-dom_client.js?v=8fed9ca2:8325:45
recursivelyTraverseLayoutEffects@http://[::1]:5173/node_modules/.vite/deps/react-dom_client.js?v=8fed9ca2:8987:38
commitLayoutEffectOnFiber@http://[::1]:5173/node_modules/.vite/deps/react-dom_client.js?v=8fed9ca2:8325:45
recursivelyTraverseLayoutEffects@http://[::1]:5173/node_modules/.vite/deps/react-dom_client.js?v=8fed9ca2:8987:38
commitLayoutEffectOnFiber@http://[::1]:5173/node_modules/.vite/deps/react-dom_client.js?v=8fed9ca2:8234:45
recursivelyTraverseLayoutEffects@http://[::1]:5173/node_modules/.vite/deps/react-dom_client.js?v=8fed9ca2:8987:38
commitLayoutEffectOnFiber@http://[::1]:5173/node_modules/.vite/deps/react-dom_client.js?v=8fed9ca2:8234:45
recursivelyTraverseLayoutEffects@http://[::1]:5173/node_modules/.vite/deps/react-dom_client.js?v=8fed9ca2:8987:38
commitLayoutEffectOnFiber@http://[::1]:5173/node_modules/.vite/deps/react-dom_client.js?v=8fed9ca2:8370:45
recursivelyTraverseLayoutEffects@http://[::1]:5173/node_modules/.vite/deps/react-dom_client.js?v=8fed9ca2:8987:38
commitLayoutEffectOnFiber@http://[::1]:5173/node_modules/.vite/deps/react-dom_client.js?v=8fed9ca2:8370:45
recursivelyTraverseLayoutEffects@http://[::1]:5173/node_modules/.vite/deps/react-dom_client.js?v=8fed9ca2:8987:38
commitLayoutEffectOnFiber@http://[::1]:5173/node_modules/.vite/deps/react-dom_client.js?v=8fed9ca2:8234:45
recursivelyTraverseLayoutEffects@http://[::1]:5173/node_modules/.vite/deps/react-dom_client.js?v=8fed9ca2:8987:38
commitLayoutEffectOnFiber@http://[::1]:5173/node_modules/.vite/deps/react-dom_client.js?v=8fed9ca2:8294:45
commitLayoutEffects@http://[::1]:5173/node_modules/.vite/deps/react-dom_client.js?v=8fed9ca2:8981:34
commitRootImpl@http://[::1]:5173/node_modules/.vite/deps/react-dom_client.js?v=8fed9ca2:11053:12
commitRoot@http://[::1]:5173/node_modules/.vite/deps/react-dom_client.js?v=8fed9ca2:10989:93
commitRootWhenReady@http://[::1]:5173/node_modules/.vite/deps/react-dom_client.js?v=8fed9ca2:10477:19
performWorkOnRoot@http://[::1]:5173/node_modules/.vite/deps/react-dom_client.js?v=8fed9ca2:10421:36
performSyncWorkOnRoot@http://[::1]:5173/node_modules/.vite/deps/react-dom_client.js?v=8fed9ca2:11448:26
flushSyncWorkAcrossRoots_impl@http://[::1]:5173/node_modules/.vite/deps/react-dom_client.js?v=8fed9ca2:11356:122
flushSyncWork$1@http://[::1]:5173/node_modules/.vite/deps/react-dom_client.js?v=8fed9ca2:10533:86
scheduleRefresh@http://[::1]:5173/node_modules/.vite/deps/react-dom_client.js?v=8fed9ca2:381:11
performReactRefresh/<@http://[::1]:5173/@react-refresh:188:21
performReactRefresh@http://[::1]:5173/@react-refresh:180:30
enqueueUpdate<@http://[::1]:5173/@react-refresh:474:11
 {"url":"http://localhost:8000/register","user_agent":"Mozilla/5.0 (Windows NT 10.0; Win64; x64; rv:155.0) Gecko/20100101 Firefox/155.0","timestamp":"2026-09-13T02:53:37.970Z"} 
[2026-09-13 02:53:39] local.ERROR: TypeError: reactDom.findDOMNode is not a function http://[::1]:5173/node_modules/.vite/deps/react-input-mask.js?v=54d9cd33 523 32 TypeError reactDom.findDOMNode is not a function node_modules/react-input-mask/lib/react-input-mask.development.js/InputElement2/_this.getInputDOMNode@http://[::1]:5173/node_modules/.vite/deps/react-input-mask.js?v=54d9cd33:523:32
componentDidMount@http://[::1]:5173/node_modules/.vite/deps/react-input-mask.js?v=54d9cd33:821:19
react-stack-bottom-frame@http://[::1]:5173/node_modules/.vite/deps/react-dom_client.js?v=8fed9ca2:16210:22
runWithFiberInDEV@http://[::1]:5173/node_modules/.vite/deps/react-dom_client.js?v=8fed9ca2:726:18
commitLayoutEffectOnFiber@http://[::1]:5173/node_modules/.vite/deps/react-dom_client.js?v=8fed9ca2:8247:72
recursivelyTraverseLayoutEffects@http://[::1]:5173/node_modules/.vite/deps/react-dom_client.js?v=8fed9ca2:8987:38
commitLayoutEffectOnFiber@http://[::1]:5173/node_modules/.vite/deps/react-dom_client.js?v=8fed9ca2:8370:45
recursivelyTraverseLayoutEffects@http://[::1]:5173/node_modules/.vite/deps/react-dom_client.js?v=8fed9ca2:8987:38
commitLayoutEffectOnFiber@http://[::1]:5173/node_modules/.vite/deps/react-dom_client.js?v=8fed9ca2:8325:45
recursivelyTraverseLayoutEffects@http://[::1]:5173/node_modules/.vite/deps/react-dom_client.js?v=8fed9ca2:8987:38
commitLayoutEffectOnFiber@http://[::1]:5173/node_modules/.vite/deps/react-dom_client.js?v=8fed9ca2:8234:45
recursivelyTraverseLayoutEffects@http://[::1]:5173/node_modules/.vite/deps/react-dom_client.js?v=8fed9ca2:8987:38
commitLayoutEffectOnFiber@http://[::1]:5173/node_modules/.vite/deps/react-dom_client.js?v=8fed9ca2:8325:45
recursivelyTraverseLayoutEffects@http://[::1]:5173/node_modules/.vite/deps/react-dom_client.js?v=8fed9ca2:8987:38
commitLayoutEffectOnFiber@http://[::1]:5173/node_modules/.vite/deps/react-dom_client.js?v=8fed9ca2:8325:45
recursivelyTraverseLayoutEffects@http://[::1]:5173/node_modules/.vite/deps/react-dom_client.js?v=8fed9ca2:8987:38
commitLayoutEffectOnFiber@http://[::1]:5173/node_modules/.vite/deps/react-dom_client.js?v=8fed9ca2:8325:45
recursivelyTraverseLayoutEffects@http://[::1]:5173/node_modules/.vite/deps/react-dom_client.js?v=8fed9ca2:8987:38
commitLayoutEffectOnFiber@http://[::1]:5173/node_modules/.vite/deps/react-dom_client.js?v=8fed9ca2:8234:45
recursivelyTraverseLayoutEffects@http://[::1]:5173/node_modules/.vite/deps/react-dom_client.js?v=8fed9ca2:8987:38
commitLayoutEffectOnFiber@http://[::1]:5173/node_modules/.vite/deps/react-dom_client.js?v=8fed9ca2:8325:45
recursivelyTraverseLayoutEffects@http://[::1]:5173/node_modules/.vite/deps/react-dom_client.js?v=8fed9ca2:8987:38
commitLayoutEffectOnFiber@http://[::1]:5173/node_modules/.vite/deps/react-dom_client.js?v=8fed9ca2:8325:45
recursivelyTraverseLayoutEffects@http://[::1]:5173/node_modules/.vite/deps/react-dom_client.js?v=8fed9ca2:8987:38
commitLayoutEffectOnFiber@http://[::1]:5173/node_modules/.vite/deps/react-dom_client.js?v=8fed9ca2:8325:45
recursivelyTraverseLayoutEffects@http://[::1]:5173/node_modules/.vite/deps/react-dom_client.js?v=8fed9ca2:8987:38
commitLayoutEffectOnFiber@http://[::1]:5173/node_modules/.vite/deps/react-dom_client.js?v=8fed9ca2:8325:45
recursivelyTraverseLayoutEffects@http://[::1]:5173/node_modules/.vite/deps/react-dom_client.js?v=8fed9ca2:8987:38
commitLayoutEffectOnFiber@http://[::1]:5173/node_modules/.vite/deps/react-dom_client.js?v=8fed9ca2:8325:45
recursivelyTraverseLayoutEffects@http://[::1]:5173/node_modules/.vite/deps/react-dom_client.js?v=8fed9ca2:8987:38
commitLayoutEffectOnFiber@http://[::1]:5173/node_modules/.vite/deps/react-dom_client.js?v=8fed9ca2:8234:45
recursivelyTraverseLayoutEffects@http://[::1]:5173/node_modules/.vite/deps/react-dom_client.js?v=8fed9ca2:8987:38
commitLayoutEffectOnFiber@http://[::1]:5173/node_modules/.vite/deps/react-dom_client.js?v=8fed9ca2:8234:45
recursivelyTraverseLayoutEffects@http://[::1]:5173/node_modules/.vite/deps/react-dom_client.js?v=8fed9ca2:8987:38
commitLayoutEffectOnFiber@http://[::1]:5173/node_modules/.vite/deps/react-dom_client.js?v=8fed9ca2:8370:45
recursivelyTraverseLayoutEffects@http://[::1]:5173/node_modules/.vite/deps/react-dom_client.js?v=8fed9ca2:8987:38
commitLayoutEffectOnFiber@http://[::1]:5173/node_modules/.vite/deps/react-dom_client.js?v=8fed9ca2:8370:45
recursivelyTraverseLayoutEffects@http://[::1]:5173/node_modules/.vite/deps/react-dom_client.js?v=8fed9ca2:8987:38
commitLayoutEffectOnFiber@http://[::1]:5173/node_modules/.vite/deps/react-dom_client.js?v=8fed9ca2:8234:45
recursivelyTraverseLayoutEffects@http://[::1]:5173/node_modules/.vite/deps/react-dom_client.js?v=8fed9ca2:8987:38
commitLayoutEffectOnFiber@http://[::1]:5173/node_modules/.vite/deps/react-dom_client.js?v=8fed9ca2:8294:45
commitLayoutEffects@http://[::1]:5173/node_modules/.vite/deps/react-dom_client.js?v=8fed9ca2:8981:34
commitRootImpl@http://[::1]:5173/node_modules/.vite/deps/react-dom_client.js?v=8fed9ca2:11053:12
commitRoot@http://[::1]:5173/node_modules/.vite/deps/react-dom_client.js?v=8fed9ca2:10989:93
commitRootWhenReady@http://[::1]:5173/node_modules/.vite/deps/react-dom_client.js?v=8fed9ca2:10477:19
performWorkOnRoot@http://[::1]:5173/node_modules/.vite/deps/react-dom_client.js?v=8fed9ca2:10421:36
performSyncWorkOnRoot@http://[::1]:5173/node_modules/.vite/deps/react-dom_client.js?v=8fed9ca2:11448:26
flushSyncWorkAcrossRoots_impl@http://[::1]:5173/node_modules/.vite/deps/react-dom_client.js?v=8fed9ca2:11356:122
flushSyncWork$1@http://[::1]:5173/node_modules/.vite/deps/react-dom_client.js?v=8fed9ca2:10533:86
scheduleRefresh@http://[::1]:5173/node_modules/.vite/deps/react-dom_client.js?v=8fed9ca2:381:11
performReactRefresh/<@http://[::1]:5173/@react-refresh:188:21
performReactRefresh@http://[::1]:5173/@react-refresh:180:30
enqueueUpdate<@http://[::1]:5173/@react-refresh:474:11
 {"url":"http://localhost:8000/register","user_agent":"Mozilla/5.0 (Windows NT 10.0; Win64; x64; rv:155.0) Gecko/20100101 Firefox/155.0","timestamp":"2026-09-13T02:53:37.970Z"} 
[2026-09-13 02:53:39] local.WARNING: %s

%s
 An error occurred in the <InputElement2> component. Consider adding an error boundary to your tree to customize error handling behavior.
Visit https://react.dev/link/error-boundaries to learn more about error boundaries. {"url":"http://localhost:8000/register","user_agent":"Mozilla/5.0 (Windows NT 10.0; Win64; x64; rv:155.0) Gecko/20100101 Firefox/155.0","timestamp":"2026-09-13T02:53:37.970Z"} 
[2026-09-13 02:53:40] local.DEBUG: [vite] connecting... {"url":"http://localhost:8000/register","user_agent":"Mozilla/5.0 (Windows NT 10.0; Win64; x64; rv:155.0) Gecko/20100101 Firefox/155.0","timestamp":"2026-09-13T02:53:39.418Z"} 
[2026-09-13 02:53:40] local.DEBUG: [vite] connected. {"url":"http://localhost:8000/register","user_agent":"Mozilla/5.0 (Windows NT 10.0; Win64; x64; rv:155.0) Gecko/20100101 Firefox/155.0","timestamp":"2026-09-13T02:53:39.433Z"} 
[2026-09-13 02:53:40] local.INFO: %cDownload the React DevTools for a better development experience: https://react.dev/link/react-devtools font-weight:bold {"url":"http://localhost:8000/register","user_agent":"Mozilla/5.0 (Windows NT 10.0; Win64; x64; rv:155.0) Gecko/20100101 Firefox/155.0","timestamp":"2026-09-13T02:53:39.568Z"} 
[2026-09-13 02:53:40] local.ERROR: TypeError: reactDom.findDOMNode is not a function http://[::1]:5173/node_modules/.vite/deps/react-input-mask.js?v=c9938887 523 32 TypeError reactDom.findDOMNode is not a function node_modules/react-input-mask/lib/react-input-mask.development.js/InputElement2/_this.getInputDOMNode@http://[::1]:5173/node_modules/.vite/deps/react-input-mask.js?v=c9938887:523:32
componentDidMount@http://[::1]:5173/node_modules/.vite/deps/react-input-mask.js?v=c9938887:821:19
react-stack-bottom-frame@http://[::1]:5173/node_modules/.vite/deps/react-dom_client.js?v=c9938887:16210:22
runWithFiberInDEV@http://[::1]:5173/node_modules/.vite/deps/react-dom_client.js?v=c9938887:726:18
commitLayoutEffectOnFiber@http://[::1]:5173/node_modules/.vite/deps/react-dom_client.js?v=c9938887:8247:72
recursivelyTraverseLayoutEffects@http://[::1]:5173/node_modules/.vite/deps/react-dom_client.js?v=c9938887:8987:38
commitLayoutEffectOnFiber@http://[::1]:5173/node_modules/.vite/deps/react-dom_client.js?v=c9938887:8370:45
recursivelyTraverseLayoutEffects@http://[::1]:5173/node_modules/.vite/deps/react-dom_client.js?v=c9938887:8987:38
commitLayoutEffectOnFiber@http://[::1]:5173/node_modules/.vite/deps/react-dom_client.js?v=c9938887:8325:45
recursivelyTraverseLayoutEffects@http://[::1]:5173/node_modules/.vite/deps/react-dom_client.js?v=c9938887:8987:38
commitLayoutEffectOnFiber@http://[::1]:5173/node_modules/.vite/deps/react-dom_client.js?v=c9938887:8234:45
recursivelyTraverseLayoutEffects@http://[::1]:5173/node_modules/.vite/deps/react-dom_client.js?v=c9938887:8987:38
commitLayoutEffectOnFiber@http://[::1]:5173/node_modules/.vite/deps/react-dom_client.js?v=c9938887:8325:45
recursivelyTraverseLayoutEffects@http://[::1]:5173/node_modules/.vite/deps/react-dom_client.js?v=c9938887:8987:38
commitLayoutEffectOnFiber@http://[::1]:5173/node_modules/.vite/deps/react-dom_client.js?v=c9938887:8325:45
recursivelyTraverseLayoutEffects@http://[::1]:5173/node_modules/.vite/deps/react-dom_client.js?v=c9938887:8987:38
commitLayoutEffectOnFiber@http://[::1]:5173/node_modules/.vite/deps/react-dom_client.js?v=c9938887:8325:45
recursivelyTraverseLayoutEffects@http://[::1]:5173/node_modules/.vite/deps/react-dom_client.js?v=c9938887:8987:38
commitLayoutEffectOnFiber@http://[::1]:5173/node_modules/.vite/deps/react-dom_client.js?v=c9938887:8234:45
recursivelyTraverseLayoutEffects@http://[::1]:5173/node_modules/.vite/deps/react-dom_client.js?v=c9938887:8987:38
commitLayoutEffectOnFiber@http://[::1]:5173/node_modules/.vite/deps/react-dom_client.js?v=c9938887:8325:45
recursivelyTraverseLayoutEffects@http://[::1]:5173/node_modules/.vite/deps/react-dom_client.js?v=c9938887:8987:38
commitLayoutEffectOnFiber@http://[::1]:5173/node_modules/.vite/deps/react-dom_client.js?v=c9938887:8325:45
recursivelyTraverseLayoutEffects@http://[::1]:5173/node_modules/.vite/deps/react-dom_client.js?v=c9938887:8987:38
commitLayoutEffectOnFiber@http://[::1]:5173/node_modules/.vite/deps/react-dom_client.js?v=c9938887:8325:45
recursivelyTraverseLayoutEffects@http://[::1]:5173/node_modules/.vite/deps/react-dom_client.js?v=c9938887:8987:38
commitLayoutEffectOnFiber@http://[::1]:5173/node_modules/.vite/deps/react-dom_client.js?v=c9938887:8325:45
recursivelyTraverseLayoutEffects@http://[::1]:5173/node_modules/.vite/deps/react-dom_client.js?v=c9938887:8987:38
commitLayoutEffectOnFiber@http://[::1]:5173/node_modules/.vite/deps/react-dom_client.js?v=c9938887:8325:45
recursivelyTraverseLayoutEffects@http://[::1]:5173/node_modules/.vite/deps/react-dom_client.js?v=c9938887:8987:38
commitLayoutEffectOnFiber@http://[::1]:5173/node_modules/.vite/deps/react-dom_client.js?v=c9938887:8234:45
recursivelyTraverseLayoutEffects@http://[::1]:5173/node_modules/.vite/deps/react-dom_client.js?v=c9938887:8987:38
commitLayoutEffectOnFiber@http://[::1]:5173/node_modules/.vite/deps/react-dom_client.js?v=c9938887:8234:45
recursivelyTraverseLayoutEffects@http://[::1]:5173/node_modules/.vite/deps/react-dom_client.js?v=c9938887:8987:38
commitLayoutEffectOnFiber@http://[::1]:5173/node_modules/.vite/deps/react-dom_client.js?v=c9938887:8370:45
recursivelyTraverseLayoutEffects@http://[::1]:5173/node_modules/.vite/deps/react-dom_client.js?v=c9938887:8987:38
commitLayoutEffectOnFiber@http://[::1]:5173/node_modules/.vite/deps/react-dom_client.js?v=c9938887:8370:45
recursivelyTraverseLayoutEffects@http://[::1]:5173/node_modules/.vite/deps/react-dom_client.js?v=c9938887:8987:38
commitLayoutEffectOnFiber@http://[::1]:5173/node_modules/.vite/deps/react-dom_client.js?v=c9938887:8234:45
recursivelyTraverseLayoutEffects@http://[::1]:5173/node_modules/.vite/deps/react-dom_client.js?v=c9938887:8987:38
commitLayoutEffectOnFiber@http://[::1]:5173/node_modules/.vite/deps/react-dom_client.js?v=c9938887:8294:45
commitLayoutEffects@http://[::1]:5173/node_modules/.vite/deps/react-dom_client.js?v=c9938887:8981:34
commitRootImpl@http://[::1]:5173/node_modules/.vite/deps/react-dom_client.js?v=c9938887:11053:12
commitRoot@http://[::1]:5173/node_modules/.vite/deps/react-dom_client.js?v=c9938887:10989:93
commitRootWhenReady@http://[::1]:5173/node_modules/.vite/deps/react-dom_client.js?v=c9938887:10477:19
performWorkOnRoot@http://[::1]:5173/node_modules/.vite/deps/react-dom_client.js?v=c9938887:10421:36
performWorkOnRootViaSchedulerTask@http://[::1]:5173/node_modules/.vite/deps/react-dom_client.js?v=c9938887:11436:26
performWorkUntilDeadline@http://[::1]:5173/node_modules/.vite/deps/react-dom_client.js?v=c9938887:35:58 {"url":"http://localhost:8000/register","user_agent":"Mozilla/5.0 (Windows NT 10.0; Win64; x64; rv:155.0) Gecko/20100101 Firefox/155.0","timestamp":"2026-09-13T02:53:39.589Z"} 
[2026-09-13 02:53:40] local.ERROR: TypeError: reactDom.findDOMNode is not a function http://[::1]:5173/node_modules/.vite/deps/react-input-mask.js?v=c9938887 523 32 TypeError reactDom.findDOMNode is not a function node_modules/react-input-mask/lib/react-input-mask.development.js/InputElement2/_this.getInputDOMNode@http://[::1]:5173/node_modules/.vite/deps/react-input-mask.js?v=c9938887:523:32
componentDidMount@http://[::1]:5173/node_modules/.vite/deps/react-input-mask.js?v=c9938887:821:19
react-stack-bottom-frame@http://[::1]:5173/node_modules/.vite/deps/react-dom_client.js?v=c9938887:16210:22
runWithFiberInDEV@http://[::1]:5173/node_modules/.vite/deps/react-dom_client.js?v=c9938887:726:18
commitLayoutEffectOnFiber@http://[::1]:5173/node_modules/.vite/deps/react-dom_client.js?v=c9938887:8247:72
recursivelyTraverseLayoutEffects@http://[::1]:5173/node_modules/.vite/deps/react-dom_client.js?v=c9938887:8987:38
commitLayoutEffectOnFiber@http://[::1]:5173/node_modules/.vite/deps/react-dom_client.js?v=c9938887:8370:45
recursivelyTraverseLayoutEffects@http://[::1]:5173/node_modules/.vite/deps/react-dom_client.js?v=c9938887:8987:38
commitLayoutEffectOnFiber@http://[::1]:5173/node_modules/.vite/deps/react-dom_client.js?v=c9938887:8325:45
recursivelyTraverseLayoutEffects@http://[::1]:5173/node_modules/.vite/deps/react-dom_client.js?v=c9938887:8987:38
commitLayoutEffectOnFiber@http://[::1]:5173/node_modules/.vite/deps/react-dom_client.js?v=c9938887:8234:45
recursivelyTraverseLayoutEffects@http://[::1]:5173/node_modules/.vite/deps/react-dom_client.js?v=c9938887:8987:38
commitLayoutEffectOnFiber@http://[::1]:5173/node_modules/.vite/deps/react-dom_client.js?v=c9938887:8325:45
recursivelyTraverseLayoutEffects@http://[::1]:5173/node_modules/.vite/deps/react-dom_client.js?v=c9938887:8987:38
commitLayoutEffectOnFiber@http://[::1]:5173/node_modules/.vite/deps/react-dom_client.js?v=c9938887:8325:45
recursivelyTraverseLayoutEffects@http://[::1]:5173/node_modules/.vite/deps/react-dom_client.js?v=c9938887:8987:38
commitLayoutEffectOnFiber@http://[::1]:5173/node_modules/.vite/deps/react-dom_client.js?v=c9938887:8325:45
recursivelyTraverseLayoutEffects@http://[::1]:5173/node_modules/.vite/deps/react-dom_client.js?v=c9938887:8987:38
commitLayoutEffectOnFiber@http://[::1]:5173/node_modules/.vite/deps/react-dom_client.js?v=c9938887:8234:45
recursivelyTraverseLayoutEffects@http://[::1]:5173/node_modules/.vite/deps/react-dom_client.js?v=c9938887:8987:38
commitLayoutEffectOnFiber@http://[::1]:5173/node_modules/.vite/deps/react-dom_client.js?v=c9938887:8325:45
recursivelyTraverseLayoutEffects@http://[::1]:5173/node_modules/.vite/deps/react-dom_client.js?v=c9938887:8987:38
commitLayoutEffectOnFiber@http://[::1]:5173/node_modules/.vite/deps/react-dom_client.js?v=c9938887:8325:45
recursivelyTraverseLayoutEffects@http://[::1]:5173/node_modules/.vite/deps/react-dom_client.js?v=c9938887:8987:38
commitLayoutEffectOnFiber@http://[::1]:5173/node_modules/.vite/deps/react-dom_client.js?v=c9938887:8325:45
recursivelyTraverseLayoutEffects@http://[::1]:5173/node_modules/.vite/deps/react-dom_client.js?v=c9938887:8987:38
commitLayoutEffectOnFiber@http://[::1]:5173/node_modules/.vite/deps/react-dom_client.js?v=c9938887:8325:45
recursivelyTraverseLayoutEffects@http://[::1]:5173/node_modules/.vite/deps/react-dom_client.js?v=c9938887:8987:38
commitLayoutEffectOnFiber@http://[::1]:5173/node_modules/.vite/deps/react-dom_client.js?v=c9938887:8325:45
recursivelyTraverseLayoutEffects@http://[::1]:5173/node_modules/.vite/deps/react-dom_client.js?v=c9938887:8987:38
commitLayoutEffectOnFiber@http://[::1]:5173/node_modules/.vite/deps/react-dom_client.js?v=c9938887:8234:45
recursivelyTraverseLayoutEffects@http://[::1]:5173/node_modules/.vite/deps/react-dom_client.js?v=c9938887:8987:38
commitLayoutEffectOnFiber@http://[::1]:5173/node_modules/.vite/deps/react-dom_client.js?v=c9938887:8234:45
recursivelyTraverseLayoutEffects@http://[::1]:5173/node_modules/.vite/deps/react-dom_client.js?v=c9938887:8987:38
commitLayoutEffectOnFiber@http://[::1]:5173/node_modules/.vite/deps/react-dom_client.js?v=c9938887:8370:45
recursivelyTraverseLayoutEffects@http://[::1]:5173/node_modules/.vite/deps/react-dom_client.js?v=c9938887:8987:38
commitLayoutEffectOnFiber@http://[::1]:5173/node_modules/.vite/deps/react-dom_client.js?v=c9938887:8370:45
recursivelyTraverseLayoutEffects@http://[::1]:5173/node_modules/.vite/deps/react-dom_client.js?v=c9938887:8987:38
commitLayoutEffectOnFiber@http://[::1]:5173/node_modules/.vite/deps/react-dom_client.js?v=c9938887:8234:45
recursivelyTraverseLayoutEffects@http://[::1]:5173/node_modules/.vite/deps/react-dom_client.js?v=c9938887:8987:38
commitLayoutEffectOnFiber@http://[::1]:5173/node_modules/.vite/deps/react-dom_client.js?v=c9938887:8294:45
commitLayoutEffects@http://[::1]:5173/node_modules/.vite/deps/react-dom_client.js?v=c9938887:8981:34
commitRootImpl@http://[::1]:5173/node_modules/.vite/deps/react-dom_client.js?v=c9938887:11053:12
commitRoot@http://[::1]:5173/node_modules/.vite/deps/react-dom_client.js?v=c9938887:10989:93
commitRootWhenReady@http://[::1]:5173/node_modules/.vite/deps/react-dom_client.js?v=c9938887:10477:19
performWorkOnRoot@http://[::1]:5173/node_modules/.vite/deps/react-dom_client.js?v=c9938887:10421:36
performWorkOnRootViaSchedulerTask@http://[::1]:5173/node_modules/.vite/deps/react-dom_client.js?v=c9938887:11436:26
performWorkUntilDeadline@http://[::1]:5173/node_modules/.vite/deps/react-dom_client.js?v=c9938887:35:58 {"url":"http://localhost:8000/register","user_agent":"Mozilla/5.0 (Windows NT 10.0; Win64; x64; rv:155.0) Gecko/20100101 Firefox/155.0","timestamp":"2026-09-13T02:53:39.589Z"} 
[2026-09-13 02:53:40] local.WARNING: %s

%s An error occurred in the <InputElement2> component. Consider adding an error boundary to your tree to customize error handling behavior.
Visit https://react.dev/link/error-boundaries to learn more about error boundaries. {"url":"http://localhost:8000/register","user_agent":"Mozilla/5.0 (Windows NT 10.0; Win64; x64; rv:155.0) Gecko/20100101 Firefox/155.0","timestamp":"2026-09-13T02:53:39.589Z"} 
[2026-09-13 03:02:47] local.DEBUG: [vite] connecting... {"url":"http://localhost:8000/register","user_agent":"Mozilla/5.0 (Windows NT 10.0; Win64; x64; rv:155.0) Gecko/20100101 Firefox/155.0","timestamp":"2026-09-13T03:02:47.465Z"} 
[2026-09-13 03:02:48] local.DEBUG: [vite] connected. {"url":"http://localhost:8000/register","user_agent":"Mozilla/5.0 (Windows NT 10.0; Win64; x64; rv:155.0) Gecko/20100101 Firefox/155.0","timestamp":"2026-09-13T03:02:47.793Z"} 
[2026-09-13 03:02:48] local.INFO: %cDownload the React DevTools for a better development experience: https://react.dev/link/react-devtools font-weight:bold {"url":"http://localhost:8000/register","user_agent":"Mozilla/5.0 (Windows NT 10.0; Win64; x64; rv:155.0) Gecko/20100101 Firefox/155.0","timestamp":"2026-09-13T03:02:48.408Z"} 
[2026-09-13 03:02:49] local.ERROR: Invalid hook call. Hooks can only be called inside of the body of a function component. This could happen for one of the following reasons:
1. You might have mismatching versions of React and the renderer (such as React DOM)
2. You might be breaking the Rules of Hooks
3. You might have more than one copy of React in the same app
See https://react.dev/link/invalid-hook-call for tips about how to debug and fix this problem. {"url":"http://localhost:8000/register","user_agent":"Mozilla/5.0 (Windows NT 10.0; Win64; x64; rv:155.0) Gecko/20100101 Firefox/155.0","timestamp":"2026-09-13T03:02:48.893Z"} 
[2026-09-13 03:02:49] local.ERROR: Invalid hook call. Hooks can only be called inside of the body of a function component. This could happen for one of the following reasons:
1. You might have mismatching versions of React and the renderer (such as React DOM)
2. You might be breaking the Rules of Hooks
3. You might have more than one copy of React in the same app
See https://react.dev/link/invalid-hook-call for tips about how to debug and fix this problem. {"url":"http://localhost:8000/register","user_agent":"Mozilla/5.0 (Windows NT 10.0; Win64; x64; rv:155.0) Gecko/20100101 Firefox/155.0","timestamp":"2026-09-13T03:02:48.895Z"} 
[2026-09-13 03:02:49] local.ERROR: TypeError: can't access property "useRef", resolveDispatcher() is null http://[::1]:5173/node_modules/.vite/deps/chunk-YJYY6GXC.js?v=4dfa6879 1091 16 TypeError can't access property "useRef", resolveDispatcher() is null node_modules/react/cjs/react.development.js/exports.useRef@http://[::1]:5173/node_modules/.vite/deps/chunk-YJYY6GXC.js?v=4dfa6879:1091:16
n4@http://[::1]:5173/node_modules/.vite/deps/@react-input_mask.js?v=2beeb906:531:213
p3@http://[::1]:5173/node_modules/.vite/deps/@react-input_mask.js?v=2beeb906:540:151
react-stack-bottom-frame@http://[::1]:5173/node_modules/.vite/deps/react-dom_client.js?v=a3522685:16192:20
renderWithHooks@http://[::1]:5173/node_modules/.vite/deps/react-dom_client.js?v=a3522685:4306:42
updateForwardRef@http://[::1]:5173/node_modules/.vite/deps/react-dom_client.js?v=a3522685:5813:21
beginWork@http://[::1]:5173/node_modules/.vite/deps/react-dom_client.js?v=a3522685:7244:20
runWithFiberInDEV@http://[::1]:5173/node_modules/.vite/deps/react-dom_client.js?v=a3522685:726:18
performUnitOfWork@http://[::1]:5173/node_modules/.vite/deps/react-dom_client.js?v=a3522685:10831:98
workLoopSync@http://[::1]:5173/node_modules/.vite/deps/react-dom_client.js?v=a3522685:10692:60
renderRootSync@http://[::1]:5173/node_modules/.vite/deps/react-dom_client.js?v=a3522685:10675:13
performWorkOnRoot@http://[::1]:5173/node_modules/.vite/deps/react-dom_client.js?v=a3522685:10323:46
performWorkOnRootViaSchedulerTask@http://[::1]:5173/node_modules/.vite/deps/react-dom_client.js?v=a3522685:11436:26
performWorkUntilDeadline@http://[::1]:5173/node_modules/.vite/deps/react-dom_client.js?v=a3522685:35:58
 {"url":"http://localhost:8000/register","user_agent":"Mozilla/5.0 (Windows NT 10.0; Win64; x64; rv:155.0) Gecko/20100101 Firefox/155.0","timestamp":"2026-09-13T03:02:48.896Z"} 
[2026-09-13 03:02:49] local.ERROR: TypeError: can't access property "useRef", resolveDispatcher() is null http://[::1]:5173/node_modules/.vite/deps/chunk-YJYY6GXC.js?v=4dfa6879 1091 16 TypeError can't access property "useRef", resolveDispatcher() is null node_modules/react/cjs/react.development.js/exports.useRef@http://[::1]:5173/node_modules/.vite/deps/chunk-YJYY6GXC.js?v=4dfa6879:1091:16
n4@http://[::1]:5173/node_modules/.vite/deps/@react-input_mask.js?v=2beeb906:531:213
p3@http://[::1]:5173/node_modules/.vite/deps/@react-input_mask.js?v=2beeb906:540:151
react-stack-bottom-frame@http://[::1]:5173/node_modules/.vite/deps/react-dom_client.js?v=a3522685:16192:20
renderWithHooks@http://[::1]:5173/node_modules/.vite/deps/react-dom_client.js?v=a3522685:4306:42
updateForwardRef@http://[::1]:5173/node_modules/.vite/deps/react-dom_client.js?v=a3522685:5813:21
beginWork@http://[::1]:5173/node_modules/.vite/deps/react-dom_client.js?v=a3522685:7244:20
runWithFiberInDEV@http://[::1]:5173/node_modules/.vite/deps/react-dom_client.js?v=a3522685:726:18
performUnitOfWork@http://[::1]:5173/node_modules/.vite/deps/react-dom_client.js?v=a3522685:10831:98
workLoopSync@http://[::1]:5173/node_modules/.vite/deps/react-dom_client.js?v=a3522685:10692:60
renderRootSync@http://[::1]:5173/node_modules/.vite/deps/react-dom_client.js?v=a3522685:10675:13
performWorkOnRoot@http://[::1]:5173/node_modules/.vite/deps/react-dom_client.js?v=a3522685:10323:46
performWorkOnRootViaSchedulerTask@http://[::1]:5173/node_modules/.vite/deps/react-dom_client.js?v=a3522685:11436:26
performWorkUntilDeadline@http://[::1]:5173/node_modules/.vite/deps/react-dom_client.js?v=a3522685:35:58
 {"url":"http://localhost:8000/register","user_agent":"Mozilla/5.0 (Windows NT 10.0; Win64; x64; rv:155.0) Gecko/20100101 Firefox/155.0","timestamp":"2026-09-13T03:02:48.896Z"} 
[2026-09-13 03:02:49] local.WARNING: %s

%s
 An error occurred in the <ForwardRef(p3)> component. Consider adding an error boundary to your tree to customize error handling behavior.
Visit https://react.dev/link/error-boundaries to learn more about error boundaries. {"url":"http://localhost:8000/register","user_agent":"Mozilla/5.0 (Windows NT 10.0; Win64; x64; rv:155.0) Gecko/20100101 Firefox/155.0","timestamp":"2026-09-13T03:02:48.896Z"} 
[2026-09-13 03:02:49] local.ERROR: Invalid hook call. Hooks can only be called inside of the body of a function component. This could happen for one of the following reasons:
1. You might have mismatching versions of React and the renderer (such as React DOM)
2. You might be breaking the Rules of Hooks
3. You might have more than one copy of React in the same app
See https://react.dev/link/invalid-hook-call for tips about how to debug and fix this problem. {"url":"http://localhost:8000/register","user_agent":"Mozilla/5.0 (Windows NT 10.0; Win64; x64; rv:155.0) Gecko/20100101 Firefox/155.0","timestamp":"2026-09-13T03:02:48.893Z"} 
[2026-09-13 03:02:49] local.ERROR: Invalid hook call. Hooks can only be called inside of the body of a function component. This could happen for one of the following reasons:
1. You might have mismatching versions of React and the renderer (such as React DOM)
2. You might be breaking the Rules of Hooks
3. You might have more than one copy of React in the same app
See https://react.dev/link/invalid-hook-call for tips about how to debug and fix this problem. {"url":"http://localhost:8000/register","user_agent":"Mozilla/5.0 (Windows NT 10.0; Win64; x64; rv:155.0) Gecko/20100101 Firefox/155.0","timestamp":"2026-09-13T03:02:48.895Z"} 
[2026-09-13 03:02:49] local.ERROR: TypeError: can't access property "useRef", resolveDispatcher() is null http://[::1]:5173/node_modules/.vite/deps/chunk-YJYY6GXC.js?v=4dfa6879 1091 16 TypeError can't access property "useRef", resolveDispatcher() is null node_modules/react/cjs/react.development.js/exports.useRef@http://[::1]:5173/node_modules/.vite/deps/chunk-YJYY6GXC.js?v=4dfa6879:1091:16
n4@http://[::1]:5173/node_modules/.vite/deps/@react-input_mask.js?v=2beeb906:531:213
p3@http://[::1]:5173/node_modules/.vite/deps/@react-input_mask.js?v=2beeb906:540:151
react-stack-bottom-frame@http://[::1]:5173/node_modules/.vite/deps/react-dom_client.js?v=a3522685:16192:20
renderWithHooks@http://[::1]:5173/node_modules/.vite/deps/react-dom_client.js?v=a3522685:4306:42
updateForwardRef@http://[::1]:5173/node_modules/.vite/deps/react-dom_client.js?v=a3522685:5813:21
beginWork@http://[::1]:5173/node_modules/.vite/deps/react-dom_client.js?v=a3522685:7244:20
runWithFiberInDEV@http://[::1]:5173/node_modules/.vite/deps/react-dom_client.js?v=a3522685:726:18
performUnitOfWork@http://[::1]:5173/node_modules/.vite/deps/react-dom_client.js?v=a3522685:10831:98
workLoopSync@http://[::1]:5173/node_modules/.vite/deps/react-dom_client.js?v=a3522685:10692:60
renderRootSync@http://[::1]:5173/node_modules/.vite/deps/react-dom_client.js?v=a3522685:10675:13
performWorkOnRoot@http://[::1]:5173/node_modules/.vite/deps/react-dom_client.js?v=a3522685:10323:46
performWorkOnRootViaSchedulerTask@http://[::1]:5173/node_modules/.vite/deps/react-dom_client.js?v=a3522685:11436:26
performWorkUntilDeadline@http://[::1]:5173/node_modules/.vite/deps/react-dom_client.js?v=a3522685:35:58 {"url":"http://localhost:8000/register","user_agent":"Mozilla/5.0 (Windows NT 10.0; Win64; x64; rv:155.0) Gecko/20100101 Firefox/155.0","timestamp":"2026-09-13T03:02:48.896Z"} 
[2026-09-13 03:02:49] local.ERROR: TypeError: can't access property "useRef", resolveDispatcher() is null http://[::1]:5173/node_modules/.vite/deps/chunk-YJYY6GXC.js?v=4dfa6879 1091 16 TypeError can't access property "useRef", resolveDispatcher() is null node_modules/react/cjs/react.development.js/exports.useRef@http://[::1]:5173/node_modules/.vite/deps/chunk-YJYY6GXC.js?v=4dfa6879:1091:16
n4@http://[::1]:5173/node_modules/.vite/deps/@react-input_mask.js?v=2beeb906:531:213
p3@http://[::1]:5173/node_modules/.vite/deps/@react-input_mask.js?v=2beeb906:540:151
react-stack-bottom-frame@http://[::1]:5173/node_modules/.vite/deps/react-dom_client.js?v=a3522685:16192:20
renderWithHooks@http://[::1]:5173/node_modules/.vite/deps/react-dom_client.js?v=a3522685:4306:42
updateForwardRef@http://[::1]:5173/node_modules/.vite/deps/react-dom_client.js?v=a3522685:5813:21
beginWork@http://[::1]:5173/node_modules/.vite/deps/react-dom_client.js?v=a3522685:7244:20
runWithFiberInDEV@http://[::1]:5173/node_modules/.vite/deps/react-dom_client.js?v=a3522685:726:18
performUnitOfWork@http://[::1]:5173/node_modules/.vite/deps/react-dom_client.js?v=a3522685:10831:98
workLoopSync@http://[::1]:5173/node_modules/.vite/deps/react-dom_client.js?v=a3522685:10692:60
renderRootSync@http://[::1]:5173/node_modules/.vite/deps/react-dom_client.js?v=a3522685:10675:13
performWorkOnRoot@http://[::1]:5173/node_modules/.vite/deps/react-dom_client.js?v=a3522685:10323:46
performWorkOnRootViaSchedulerTask@http://[::1]:5173/node_modules/.vite/deps/react-dom_client.js?v=a3522685:11436:26
performWorkUntilDeadline@http://[::1]:5173/node_modules/.vite/deps/react-dom_client.js?v=a3522685:35:58 {"url":"http://localhost:8000/register","user_agent":"Mozilla/5.0 (Windows NT 10.0; Win64; x64; rv:155.0) Gecko/20100101 Firefox/155.0","timestamp":"2026-09-13T03:02:48.896Z"} 
[2026-09-13 03:02:49] local.WARNING: %s

%s An error occurred in the <ForwardRef(p3)> component. Consider adding an error boundary to your tree to customize error handling behavior.
Visit https://react.dev/link/error-boundaries to learn more about error boundaries. {"url":"http://localhost:8000/register","user_agent":"Mozilla/5.0 (Windows NT 10.0; Win64; x64; rv:155.0) Gecko/20100101 Firefox/155.0","timestamp":"2026-09-13T03:02:48.896Z"} 
[2026-09-13 03:02:49] local.DEBUG: [vite] connecting... {"url":"http://localhost:8000/register","user_agent":"Mozilla/5.0 (Windows NT 10.0; Win64; x64; rv:155.0) Gecko/20100101 Firefox/155.0","timestamp":"2026-09-13T03:02:49.328Z"} 
[2026-09-13 03:02:49] local.DEBUG: [vite] connected. {"url":"http://localhost:8000/register","user_agent":"Mozilla/5.0 (Windows NT 10.0; Win64; x64; rv:155.0) Gecko/20100101 Firefox/155.0","timestamp":"2026-09-13T03:02:49.369Z"} 
[2026-09-13 03:02:49] local.INFO: %cDownload the React DevTools for a better development experience: https://react.dev/link/react-devtools font-weight:bold {"url":"http://localhost:8000/register","user_agent":"Mozilla/5.0 (Windows NT 10.0; Win64; x64; rv:155.0) Gecko/20100101 Firefox/155.0","timestamp":"2026-09-13T03:02:49.467Z"} 
[2026-09-13 03:03:07] local.DEBUG: [vite] hot updated: /resources/js/pages/auth/register.tsx {"url":"http://localhost:8000/register","user_agent":"Mozilla/5.0 (Windows NT 10.0; Win64; x64; rv:155.0) Gecko/20100101 Firefox/155.0","timestamp":"2026-09-13T03:03:07.132Z"} 
[2026-09-13 03:03:07] local.DEBUG: [vite] hot updated: /resources/css/app.css {"url":"http://localhost:8000/register","user_agent":"Mozilla/5.0 (Windows NT 10.0; Win64; x64; rv:155.0) Gecko/20100101 Firefox/155.0","timestamp":"2026-09-13T03:03:07.132Z"} 
[2026-09-13 03:03:41] local.DEBUG: [vite] hot updated: /resources/js/pages/auth/register.tsx {"url":"http://localhost:8000/register","user_agent":"Mozilla/5.0 (Windows NT 10.0; Win64; x64; rv:155.0) Gecko/20100101 Firefox/155.0","timestamp":"2026-09-13T03:03:41.064Z"} 
[2026-09-13 03:03:41] local.DEBUG: [vite] hot updated: /resources/css/app.css {"url":"http://localhost:8000/register","user_agent":"Mozilla/5.0 (Windows NT 10.0; Win64; x64; rv:155.0) Gecko/20100101 Firefox/155.0","timestamp":"2026-09-13T03:03:41.065Z"} 
[2026-09-13 03:04:07] local.DEBUG: [vite] hot updated: /resources/js/pages/auth/register.tsx {"url":"http://localhost:8000/register","user_agent":"Mozilla/5.0 (Windows NT 10.0; Win64; x64; rv:155.0) Gecko/20100101 Firefox/155.0","timestamp":"2026-09-13T03:04:07.373Z"} 
[2026-09-13 03:04:07] local.DEBUG: [vite] hot updated: /resources/css/app.css {"url":"http://localhost:8000/register","user_agent":"Mozilla/5.0 (Windows NT 10.0; Win64; x64; rv:155.0) Gecko/20100101 Firefox/155.0","timestamp":"2026-09-13T03:04:07.373Z"} 
[2026-09-13 03:04:17] local.DEBUG: [vite] hot updated: /resources/js/pages/auth/register.tsx {"url":"http://localhost:8000/register","user_agent":"Mozilla/5.0 (Windows NT 10.0; Win64; x64; rv:155.0) Gecko/20100101 Firefox/155.0","timestamp":"2026-09-13T03:04:16.973Z"} 
[2026-09-13 03:04:17] local.DEBUG: [vite] hot updated: /resources/css/app.css {"url":"http://localhost:8000/register","user_agent":"Mozilla/5.0 (Windows NT 10.0; Win64; x64; rv:155.0) Gecko/20100101 Firefox/155.0","timestamp":"2026-09-13T03:04:16.973Z"} 
[2026-09-13 03:05:08] local.DEBUG: [vite] hot updated: /resources/js/pages/auth/register.tsx {"url":"http://localhost:8000/register","user_agent":"Mozilla/5.0 (Windows NT 10.0; Win64; x64; rv:155.0) Gecko/20100101 Firefox/155.0","timestamp":"2026-09-13T03:05:08.202Z"} 
[2026-09-13 03:05:08] local.DEBUG: [vite] hot updated: /resources/css/app.css {"url":"http://localhost:8000/register","user_agent":"Mozilla/5.0 (Windows NT 10.0; Win64; x64; rv:155.0) Gecko/20100101 Firefox/155.0","timestamp":"2026-09-13T03:05:08.202Z"} 
[2026-09-13 03:05:15] local.DEBUG: [vite] hot updated: /resources/js/pages/auth/register.tsx {"url":"http://localhost:8000/register","user_agent":"Mozilla/5.0 (Windows NT 10.0; Win64; x64; rv:155.0) Gecko/20100101 Firefox/155.0","timestamp":"2026-09-13T03:05:14.971Z"} 
[2026-09-13 03:05:15] local.DEBUG: [vite] hot updated: /resources/css/app.css {"url":"http://localhost:8000/register","user_agent":"Mozilla/5.0 (Windows NT 10.0; Win64; x64; rv:155.0) Gecko/20100101 Firefox/155.0","timestamp":"2026-09-13T03:05:14.971Z"} 
[2026-09-13 03:12:24] local.DEBUG: [vite] hot updated: /resources/js/layouts/ecovolts-layout.tsx {"url":"http://localhost:8000/dashboard","user_agent":"Mozilla/5.0 (Windows NT 10.0; Win64; x64; rv:155.0) Gecko/20100101 Firefox/155.0","timestamp":"2026-09-13T03:12:21.644Z"} 
[2026-09-13 03:12:24] local.DEBUG: [vite] hot updated: /resources/css/app.css {"url":"http://localhost:8000/dashboard","user_agent":"Mozilla/5.0 (Windows NT 10.0; Win64; x64; rv:155.0) Gecko/20100101 Firefox/155.0","timestamp":"2026-09-13T03:12:21.644Z"} 
[2026-09-13 03:12:44] local.DEBUG: [vite] hot updated: /resources/js/layouts/ecovolts-layout.tsx {"url":"http://localhost:8000/dashboard","user_agent":"Mozilla/5.0 (Windows NT 10.0; Win64; x64; rv:155.0) Gecko/20100101 Firefox/155.0","timestamp":"2026-09-13T03:12:43.801Z"} 
[2026-09-13 03:12:44] local.DEBUG: [vite] hot updated: /resources/css/app.css {"url":"http://localhost:8000/dashboard","user_agent":"Mozilla/5.0 (Windows NT 10.0; Win64; x64; rv:155.0) Gecko/20100101 Firefox/155.0","timestamp":"2026-09-13T03:12:43.801Z"} 
[2026-09-13 03:13:00] local.DEBUG: [vite] hot updated: /resources/js/layouts/ecovolts-layout.tsx {"url":"http://localhost:8000/dashboard","user_agent":"Mozilla/5.0 (Windows NT 10.0; Win64; x64; rv:155.0) Gecko/20100101 Firefox/155.0","timestamp":"2026-09-13T03:12:59.181Z"} 
[2026-09-13 03:13:00] local.DEBUG: [vite] hot updated: /resources/css/app.css {"url":"http://localhost:8000/dashboard","user_agent":"Mozilla/5.0 (Windows NT 10.0; Win64; x64; rv:155.0) Gecko/20100101 Firefox/155.0","timestamp":"2026-09-13T03:12:59.181Z"} 
[2026-09-13 03:13:21] local.DEBUG: [vite] hot updated: /resources/js/layouts/ecovolts-layout.tsx {"url":"http://localhost:8000/dashboard","user_agent":"Mozilla/5.0 (Windows NT 10.0; Win64; x64; rv:155.0) Gecko/20100101 Firefox/155.0","timestamp":"2026-09-13T03:13:21.091Z"} 
[2026-09-13 03:13:21] local.DEBUG: [vite] hot updated: /resources/css/app.css {"url":"http://localhost:8000/dashboard","user_agent":"Mozilla/5.0 (Windows NT 10.0; Win64; x64; rv:155.0) Gecko/20100101 Firefox/155.0","timestamp":"2026-09-13T03:13:21.091Z"} 
[2026-09-13 03:13:42] local.DEBUG: [vite] hot updated: /resources/js/layouts/ecovolts-layout.tsx {"url":"http://localhost:8000/dashboard","user_agent":"Mozilla/5.0 (Windows NT 10.0; Win64; x64; rv:155.0) Gecko/20100101 Firefox/155.0","timestamp":"2026-09-13T03:13:38.976Z"} 
[2026-09-13 03:13:42] local.DEBUG: [vite] hot updated: /resources/css/app.css {"url":"http://localhost:8000/dashboard","user_agent":"Mozilla/5.0 (Windows NT 10.0; Win64; x64; rv:155.0) Gecko/20100101 Firefox/155.0","timestamp":"2026-09-13T03:13:38.976Z"} 
[2026-09-13 03:13:46] local.DEBUG: [vite] hot updated: /resources/js/layouts/ecovolts-layout.tsx {"url":"http://localhost:8000/dashboard","user_agent":"Mozilla/5.0 (Windows NT 10.0; Win64; x64; rv:155.0) Gecko/20100101 Firefox/155.0","timestamp":"2026-09-13T03:13:46.113Z"} 
[2026-09-13 03:13:46] local.DEBUG: [vite] hot updated: /resources/css/app.css {"url":"http://localhost:8000/dashboard","user_agent":"Mozilla/5.0 (Windows NT 10.0; Win64; x64; rv:155.0) Gecko/20100101 Firefox/155.0","timestamp":"2026-09-13T03:13:46.113Z"} 
[2026-09-13 03:13:50] local.DEBUG: [vite] connecting... {"url":"http://localhost:8000/dashboard","user_agent":"Mozilla/5.0 (Windows NT 10.0; Win64; x64; rv:155.0) Gecko/20100101 Firefox/155.0","timestamp":"2026-09-13T03:13:49.967Z"} 
[2026-09-13 03:13:50] local.INFO: %cDownload the React DevTools for a better development experience: https://react.dev/link/react-devtools font-weight:bold {"url":"http://localhost:8000/dashboard","user_agent":"Mozilla/5.0 (Windows NT 10.0; Win64; x64; rv:155.0) Gecko/20100101 Firefox/155.0","timestamp":"2026-09-13T03:13:49.987Z"} 
[2026-09-13 03:13:50] local.DEBUG: [vite] connected. {"url":"http://localhost:8000/dashboard","user_agent":"Mozilla/5.0 (Windows NT 10.0; Win64; x64; rv:155.0) Gecko/20100101 Firefox/155.0","timestamp":"2026-09-13T03:13:49.993Z"} 
[2026-09-13 03:13:53] local.DEBUG: [vite] hot updated: /resources/js/layouts/ecovolts-layout.tsx {"url":"http://localhost:8000/dashboard","user_agent":"Mozilla/5.0 (Windows NT 10.0; Win64; x64; rv:155.0) Gecko/20100101 Firefox/155.0","timestamp":"2026-09-13T03:13:52.905Z"} 
[2026-09-13 03:13:53] local.DEBUG: [vite] hot updated: /resources/css/app.css {"url":"http://localhost:8000/dashboard","user_agent":"Mozilla/5.0 (Windows NT 10.0; Win64; x64; rv:155.0) Gecko/20100101 Firefox/155.0","timestamp":"2026-09-13T03:13:52.905Z"} 
[2026-09-13 03:17:29] local.DEBUG: [vite] hot updated: /resources/js/layouts/ecovolts-layout.tsx {"url":"http://localhost:8000/dashboard","user_agent":"Mozilla/5.0 (Windows NT 10.0; Win64; x64; rv:155.0) Gecko/20100101 Firefox/155.0","timestamp":"2026-09-13T03:17:28.839Z"} 
[2026-09-13 03:17:29] local.DEBUG: [vite] hot updated: /resources/css/app.css {"url":"http://localhost:8000/dashboard","user_agent":"Mozilla/5.0 (Windows NT 10.0; Win64; x64; rv:155.0) Gecko/20100101 Firefox/155.0","timestamp":"2026-09-13T03:17:28.839Z"} 
[2026-09-13 03:17:58] local.DEBUG: [vite] hot updated: /resources/js/layouts/ecovolts-layout.tsx {"url":"http://localhost:8000/dashboard","user_agent":"Mozilla/5.0 (Windows NT 10.0; Win64; x64; rv:155.0) Gecko/20100101 Firefox/155.0","timestamp":"2026-09-13T03:17:57.832Z"} 
[2026-09-13 03:17:58] local.DEBUG: [vite] hot updated: /resources/css/app.css {"url":"http://localhost:8000/dashboard","user_agent":"Mozilla/5.0 (Windows NT 10.0; Win64; x64; rv:155.0) Gecko/20100101 Firefox/155.0","timestamp":"2026-09-13T03:17:57.832Z"} 
[2026-09-13 03:29:10] local.DEBUG: [vite] hot updated: /resources/js/layouts/ecovolts-layout.tsx {"url":"http://localhost:8000/dashboard","user_agent":"Mozilla/5.0 (Windows NT 10.0; Win64; x64; rv:155.0) Gecko/20100101 Firefox/155.0","timestamp":"2026-09-13T03:29:09.979Z"} 
[2026-09-13 03:29:10] local.DEBUG: [vite] hot updated: /resources/css/app.css {"url":"http://localhost:8000/dashboard","user_agent":"Mozilla/5.0 (Windows NT 10.0; Win64; x64; rv:155.0) Gecko/20100101 Firefox/155.0","timestamp":"2026-09-13T03:29:09.979Z"} 
[2026-09-13 03:29:12] local.DEBUG: [vite] connecting... {"url":"http://localhost:8000/dashboard","user_agent":"Mozilla/5.0 (Windows NT 10.0; Win64; x64; rv:155.0) Gecko/20100101 Firefox/155.0","timestamp":"2026-09-13T03:29:12.135Z"} 
[2026-09-13 03:29:12] local.DEBUG: [vite] connected. {"url":"http://localhost:8000/dashboard","user_agent":"Mozilla/5.0 (Windows NT 10.0; Win64; x64; rv:155.0) Gecko/20100101 Firefox/155.0","timestamp":"2026-09-13T03:29:12.145Z"} 
[2026-09-13 03:29:12] local.INFO: %cDownload the React DevTools for a better development experience: https://react.dev/link/react-devtools font-weight:bold {"url":"http://localhost:8000/dashboard","user_agent":"Mozilla/5.0 (Windows NT 10.0; Win64; x64; rv:155.0) Gecko/20100101 Firefox/155.0","timestamp":"2026-09-13T03:29:12.158Z"} 
[2026-09-13 03:29:20] local.DEBUG: [vite] hot updated: /resources/js/layouts/ecovolts-layout.tsx {"url":"http://localhost:8000/dashboard","user_agent":"Mozilla/5.0 (Windows NT 10.0; Win64; x64; rv:155.0) Gecko/20100101 Firefox/155.0","timestamp":"2026-09-13T03:29:20.274Z"} 
[2026-09-13 03:29:20] local.DEBUG: [vite] hot updated: /resources/css/app.css {"url":"http://localhost:8000/dashboard","user_agent":"Mozilla/5.0 (Windows NT 10.0; Win64; x64; rv:155.0) Gecko/20100101 Firefox/155.0","timestamp":"2026-09-13T03:29:20.274Z"} 
[2026-09-13 03:29:24] local.DEBUG: [vite] hot updated: /resources/js/layouts/ecovolts-layout.tsx {"url":"http://localhost:8000/dashboard","user_agent":"Mozilla/5.0 (Windows NT 10.0; Win64; x64; rv:155.0) Gecko/20100101 Firefox/155.0","timestamp":"2026-09-13T03:29:24.186Z"} 
[2026-09-13 03:29:24] local.DEBUG: [vite] hot updated: /resources/css/app.css {"url":"http://localhost:8000/dashboard","user_agent":"Mozilla/5.0 (Windows NT 10.0; Win64; x64; rv:155.0) Gecko/20100101 Firefox/155.0","timestamp":"2026-09-13T03:29:24.186Z"} 
[2026-09-13 03:29:41] local.DEBUG: [vite] hot updated: /resources/js/layouts/ecovolts-layout.tsx {"url":"http://localhost:8000/dashboard","user_agent":"Mozilla/5.0 (Windows NT 10.0; Win64; x64; rv:155.0) Gecko/20100101 Firefox/155.0","timestamp":"2026-09-13T03:29:41.169Z"} 
[2026-09-13 03:29:41] local.DEBUG: [vite] hot updated: /resources/css/app.css {"url":"http://localhost:8000/dashboard","user_agent":"Mozilla/5.0 (Windows NT 10.0; Win64; x64; rv:155.0) Gecko/20100101 Firefox/155.0","timestamp":"2026-09-13T03:29:41.169Z"} 
[2026-09-13 03:29:47] local.DEBUG: [vite] hot updated: /resources/js/layouts/ecovolts-layout.tsx {"url":"http://localhost:8000/dashboard","user_agent":"Mozilla/5.0 (Windows NT 10.0; Win64; x64; rv:155.0) Gecko/20100101 Firefox/155.0","timestamp":"2026-09-13T03:29:47.026Z"} 
[2026-09-13 03:29:47] local.DEBUG: [vite] hot updated: /resources/css/app.css {"url":"http://localhost:8000/dashboard","user_agent":"Mozilla/5.0 (Windows NT 10.0; Win64; x64; rv:155.0) Gecko/20100101 Firefox/155.0","timestamp":"2026-09-13T03:29:47.026Z"} 
[2026-09-13 03:30:05] local.DEBUG: [vite] hot updated: /resources/js/layouts/ecovolts-layout.tsx {"url":"http://localhost:8000/dashboard","user_agent":"Mozilla/5.0 (Windows NT 10.0; Win64; x64; rv:155.0) Gecko/20100101 Firefox/155.0","timestamp":"2026-09-13T03:30:05.448Z"} 
[2026-09-13 03:30:05] local.DEBUG: [vite] hot updated: /resources/css/app.css {"url":"http://localhost:8000/dashboard","user_agent":"Mozilla/5.0 (Windows NT 10.0; Win64; x64; rv:155.0) Gecko/20100101 Firefox/155.0","timestamp":"2026-09-13T03:30:05.448Z"} 
[2026-09-13 03:30:27] local.DEBUG: [vite] hot updated: /resources/js/layouts/ecovolts-layout.tsx {"url":"http://localhost:8000/dashboard","user_agent":"Mozilla/5.0 (Windows NT 10.0; Win64; x64; rv:155.0) Gecko/20100101 Firefox/155.0","timestamp":"2026-09-13T03:30:27.049Z"} 
[2026-09-13 03:30:27] local.DEBUG: [vite] hot updated: /resources/css/app.css {"url":"http://localhost:8000/dashboard","user_agent":"Mozilla/5.0 (Windows NT 10.0; Win64; x64; rv:155.0) Gecko/20100101 Firefox/155.0","timestamp":"2026-09-13T03:30:27.049Z"} 
[2026-09-13 03:30:35] local.DEBUG: [vite] hot updated: /resources/js/layouts/ecovolts-layout.tsx {"url":"http://localhost:8000/dashboard","user_agent":"Mozilla/5.0 (Windows NT 10.0; Win64; x64; rv:155.0) Gecko/20100101 Firefox/155.0","timestamp":"2026-09-13T03:30:35.209Z"} 
[2026-09-13 03:30:35] local.DEBUG: [vite] hot updated: /resources/css/app.css {"url":"http://localhost:8000/dashboard","user_agent":"Mozilla/5.0 (Windows NT 10.0; Win64; x64; rv:155.0) Gecko/20100101 Firefox/155.0","timestamp":"2026-09-13T03:30:35.209Z"} 
[2026-09-13 03:30:38] local.DEBUG: [vite] hot updated: /resources/js/layouts/ecovolts-layout.tsx {"url":"http://localhost:8000/dashboard","user_agent":"Mozilla/5.0 (Windows NT 10.0; Win64; x64; rv:155.0) Gecko/20100101 Firefox/155.0","timestamp":"2026-09-13T03:30:37.799Z"} 
[2026-09-13 03:30:38] local.DEBUG: [vite] hot updated: /resources/css/app.css {"url":"http://localhost:8000/dashboard","user_agent":"Mozilla/5.0 (Windows NT 10.0; Win64; x64; rv:155.0) Gecko/20100101 Firefox/155.0","timestamp":"2026-09-13T03:30:37.799Z"} 
[2026-09-13 03:30:52] local.DEBUG: [vite] hot updated: /resources/js/layouts/ecovolts-layout.tsx {"url":"http://localhost:8000/dashboard","user_agent":"Mozilla/5.0 (Windows NT 10.0; Win64; x64; rv:155.0) Gecko/20100101 Firefox/155.0","timestamp":"2026-09-13T03:30:52.599Z"} 
[2026-09-13 03:30:52] local.DEBUG: [vite] hot updated: /resources/css/app.css {"url":"http://localhost:8000/dashboard","user_agent":"Mozilla/5.0 (Windows NT 10.0; Win64; x64; rv:155.0) Gecko/20100101 Firefox/155.0","timestamp":"2026-09-13T03:30:52.599Z"} 
[2026-09-13 03:31:25] local.DEBUG: [vite] hot updated: /resources/js/layouts/ecovolts-layout.tsx {"url":"http://localhost:8000/dashboard","user_agent":"Mozilla/5.0 (Windows NT 10.0; Win64; x64; rv:155.0) Gecko/20100101 Firefox/155.0","timestamp":"2026-09-13T03:31:25.203Z"} 
[2026-09-13 03:31:25] local.DEBUG: [vite] hot updated: /resources/css/app.css {"url":"http://localhost:8000/dashboard","user_agent":"Mozilla/5.0 (Windows NT 10.0; Win64; x64; rv:155.0) Gecko/20100101 Firefox/155.0","timestamp":"2026-09-13T03:31:25.203Z"} 
[2026-09-13 03:31:28] local.DEBUG: [vite] hot updated: /resources/js/layouts/ecovolts-layout.tsx {"url":"http://localhost:8000/dashboard","user_agent":"Mozilla/5.0 (Windows NT 10.0; Win64; x64; rv:155.0) Gecko/20100101 Firefox/155.0","timestamp":"2026-09-13T03:31:28.572Z"} 
[2026-09-13 03:31:28] local.DEBUG: [vite] hot updated: /resources/css/app.css {"url":"http://localhost:8000/dashboard","user_agent":"Mozilla/5.0 (Windows NT 10.0; Win64; x64; rv:155.0) Gecko/20100101 Firefox/155.0","timestamp":"2026-09-13T03:31:28.572Z"} 
[2026-09-13 03:31:43] local.DEBUG: [vite] hot updated: /resources/js/layouts/ecovolts-layout.tsx {"url":"http://localhost:8000/dashboard","user_agent":"Mozilla/5.0 (Windows NT 10.0; Win64; x64; rv:155.0) Gecko/20100101 Firefox/155.0","timestamp":"2026-09-13T03:31:43.133Z"} 
[2026-09-13 03:31:43] local.DEBUG: [vite] hot updated: /resources/css/app.css {"url":"http://localhost:8000/dashboard","user_agent":"Mozilla/5.0 (Windows NT 10.0; Win64; x64; rv:155.0) Gecko/20100101 Firefox/155.0","timestamp":"2026-09-13T03:31:43.133Z"} 
[2026-09-13 03:31:47] local.DEBUG: [vite] hot updated: /resources/js/layouts/ecovolts-layout.tsx {"url":"http://localhost:8000/dashboard","user_agent":"Mozilla/5.0 (Windows NT 10.0; Win64; x64; rv:155.0) Gecko/20100101 Firefox/155.0","timestamp":"2026-09-13T03:31:47.163Z"} 
[2026-09-13 03:31:47] local.DEBUG: [vite] hot updated: /resources/css/app.css {"url":"http://localhost:8000/dashboard","user_agent":"Mozilla/5.0 (Windows NT 10.0; Win64; x64; rv:155.0) Gecko/20100101 Firefox/155.0","timestamp":"2026-09-13T03:31:47.163Z"} 
[2026-09-13 03:31:49] local.DEBUG: [vite] hot updated: /resources/js/layouts/ecovolts-layout.tsx {"url":"http://localhost:8000/dashboard","user_agent":"Mozilla/5.0 (Windows NT 10.0; Win64; x64; rv:155.0) Gecko/20100101 Firefox/155.0","timestamp":"2026-09-13T03:31:49.130Z"} 
[2026-09-13 03:31:49] local.DEBUG: [vite] hot updated: /resources/css/app.css {"url":"http://localhost:8000/dashboard","user_agent":"Mozilla/5.0 (Windows NT 10.0; Win64; x64; rv:155.0) Gecko/20100101 Firefox/155.0","timestamp":"2026-09-13T03:31:49.131Z"} 
[2026-09-13 03:32:17] local.DEBUG: [vite] hot updated: /resources/js/layouts/ecovolts-layout.tsx {"url":"http://localhost:8000/dashboard","user_agent":"Mozilla/5.0 (Windows NT 10.0; Win64; x64; rv:155.0) Gecko/20100101 Firefox/155.0","timestamp":"2026-09-13T03:32:10.369Z"} 
[2026-09-13 03:32:17] local.DEBUG: [vite] hot updated: /resources/css/app.css {"url":"http://localhost:8000/dashboard","user_agent":"Mozilla/5.0 (Windows NT 10.0; Win64; x64; rv:155.0) Gecko/20100101 Firefox/155.0","timestamp":"2026-09-13T03:32:10.369Z"} 
[2026-09-13 03:32:47] local.DEBUG: [vite] hot updated: /resources/js/layouts/ecovolts-layout.tsx {"url":"http://localhost:8000/dashboard","user_agent":"Mozilla/5.0 (Windows NT 10.0; Win64; x64; rv:155.0) Gecko/20100101 Firefox/155.0","timestamp":"2026-09-13T03:32:47.627Z"} 
[2026-09-13 03:32:47] local.DEBUG: [vite] hot updated: /resources/css/app.css {"url":"http://localhost:8000/dashboard","user_agent":"Mozilla/5.0 (Windows NT 10.0; Win64; x64; rv:155.0) Gecko/20100101 Firefox/155.0","timestamp":"2026-09-13T03:32:47.627Z"} 
[2026-09-13 03:32:51] local.DEBUG: [vite] hot updated: /resources/js/layouts/ecovolts-layout.tsx {"url":"http://localhost:8000/dashboard","user_agent":"Mozilla/5.0 (Windows NT 10.0; Win64; x64; rv:155.0) Gecko/20100101 Firefox/155.0","timestamp":"2026-09-13T03:32:51.487Z"} 
[2026-09-13 03:32:51] local.DEBUG: [vite] hot updated: /resources/css/app.css {"url":"http://localhost:8000/dashboard","user_agent":"Mozilla/5.0 (Windows NT 10.0; Win64; x64; rv:155.0) Gecko/20100101 Firefox/155.0","timestamp":"2026-09-13T03:32:51.487Z"} 
[2026-09-13 03:33:33] local.DEBUG: [vite] hot updated: /resources/js/layouts/ecovolts-layout.tsx {"url":"http://localhost:8000/dashboard","user_agent":"Mozilla/5.0 (Windows NT 10.0; Win64; x64; rv:155.0) Gecko/20100101 Firefox/155.0","timestamp":"2026-09-13T03:33:32.922Z"} 
[2026-09-13 03:33:33] local.DEBUG: [vite] hot updated: /resources/css/app.css {"url":"http://localhost:8000/dashboard","user_agent":"Mozilla/5.0 (Windows NT 10.0; Win64; x64; rv:155.0) Gecko/20100101 Firefox/155.0","timestamp":"2026-09-13T03:33:32.922Z"} 
[2026-09-13 03:37:53] local.DEBUG: [vite] hot updated: /resources/js/pages/orcamento.tsx {"url":"http://localhost:8000/orcamento","user_agent":"Mozilla/5.0 (Windows NT 10.0; Win64; x64; rv:155.0) Gecko/20100101 Firefox/155.0","timestamp":"2026-09-13T03:37:52.894Z"} 
[2026-09-13 03:37:53] local.DEBUG: [vite] hot updated: /resources/css/app.css {"url":"http://localhost:8000/orcamento","user_agent":"Mozilla/5.0 (Windows NT 10.0; Win64; x64; rv:155.0) Gecko/20100101 Firefox/155.0","timestamp":"2026-09-13T03:37:52.894Z"} 
[2026-09-13 03:38:25] local.DEBUG: [vite] hot updated: /resources/js/pages/perfil.tsx {"url":"http://localhost:8000/orcamento","user_agent":"Mozilla/5.0 (Windows NT 10.0; Win64; x64; rv:155.0) Gecko/20100101 Firefox/155.0","timestamp":"2026-09-13T03:38:24.868Z"} 
[2026-09-13 03:38:25] local.DEBUG: [vite] hot updated: /resources/css/app.css {"url":"http://localhost:8000/orcamento","user_agent":"Mozilla/5.0 (Windows NT 10.0; Win64; x64; rv:155.0) Gecko/20100101 Firefox/155.0","timestamp":"2026-09-13T03:38:24.868Z"} 
[2026-09-13 03:38:51] local.DEBUG: [vite] hot updated: /resources/js/pages/orcamento.tsx {"url":"http://localhost:8000/orcamento","user_agent":"Mozilla/5.0 (Windows NT 10.0; Win64; x64; rv:155.0) Gecko/20100101 Firefox/155.0","timestamp":"2026-09-13T03:38:51.280Z"} 
[2026-09-13 03:38:51] local.DEBUG: [vite] hot updated: /resources/css/app.css {"url":"http://localhost:8000/orcamento","user_agent":"Mozilla/5.0 (Windows NT 10.0; Win64; x64; rv:155.0) Gecko/20100101 Firefox/155.0","timestamp":"2026-09-13T03:38:51.280Z"} 
[2026-09-13 03:39:53] local.DEBUG: [vite] hot updated: /resources/js/pages/orcamento.tsx {"url":"http://localhost:8000/orcamento","user_agent":"Mozilla/5.0 (Windows NT 10.0; Win64; x64; rv:155.0) Gecko/20100101 Firefox/155.0","timestamp":"2026-09-13T03:39:53.662Z"} 
[2026-09-13 03:39:53] local.DEBUG: [vite] hot updated: /resources/css/app.css {"url":"http://localhost:8000/orcamento","user_agent":"Mozilla/5.0 (Windows NT 10.0; Win64; x64; rv:155.0) Gecko/20100101 Firefox/155.0","timestamp":"2026-09-13T03:39:53.662Z"} 
[2026-09-13 03:39:57] local.DEBUG: [vite] connecting... {"url":"http://localhost:8000/orcamento","user_agent":"Mozilla/5.0 (Windows NT 10.0; Win64; x64; rv:155.0) Gecko/20100101 Firefox/155.0","timestamp":"2026-09-13T03:39:57.726Z"} 
[2026-09-13 03:39:57] local.DEBUG: [vite] connected. {"url":"http://localhost:8000/orcamento","user_agent":"Mozilla/5.0 (Windows NT 10.0; Win64; x64; rv:155.0) Gecko/20100101 Firefox/155.0","timestamp":"2026-09-13T03:39:57.747Z"} 
[2026-09-13 03:39:57] local.INFO: %cDownload the React DevTools for a better development experience: https://react.dev/link/react-devtools font-weight:bold {"url":"http://localhost:8000/orcamento","user_agent":"Mozilla/5.0 (Windows NT 10.0; Win64; x64; rv:155.0) Gecko/20100101 Firefox/155.0","timestamp":"2026-09-13T03:39:57.751Z"} 
[2026-09-13 03:40:00] local.DEBUG: [vite] hot updated: /resources/js/pages/orcamento.tsx {"url":"http://localhost:8000/orcamento","user_agent":"Mozilla/5.0 (Windows NT 10.0; Win64; x64; rv:155.0) Gecko/20100101 Firefox/155.0","timestamp":"2026-09-13T03:40:00.573Z"} 
[2026-09-13 03:40:00] local.DEBUG: [vite] hot updated: /resources/css/app.css {"url":"http://localhost:8000/orcamento","user_agent":"Mozilla/5.0 (Windows NT 10.0; Win64; x64; rv:155.0) Gecko/20100101 Firefox/155.0","timestamp":"2026-09-13T03:40:00.573Z"} 
[2026-09-13 03:40:15] local.DEBUG: [vite] hot updated: /resources/js/pages/orcamento.tsx {"url":"http://localhost:8000/orcamento","user_agent":"Mozilla/5.0 (Windows NT 10.0; Win64; x64; rv:155.0) Gecko/20100101 Firefox/155.0","timestamp":"2026-09-13T03:40:14.960Z"} 
[2026-09-13 03:40:15] local.DEBUG: [vite] hot updated: /resources/css/app.css {"url":"http://localhost:8000/orcamento","user_agent":"Mozilla/5.0 (Windows NT 10.0; Win64; x64; rv:155.0) Gecko/20100101 Firefox/155.0","timestamp":"2026-09-13T03:40:14.960Z"} 
[2026-09-13 03:40:19] local.DEBUG: [vite] connecting... {"url":"http://localhost:8000/orcamento","user_agent":"Mozilla/5.0 (Windows NT 10.0; Win64; x64; rv:155.0) Gecko/20100101 Firefox/155.0","timestamp":"2026-09-13T03:40:19.649Z"} 
[2026-09-13 03:40:19] local.DEBUG: [vite] connected. {"url":"http://localhost:8000/orcamento","user_agent":"Mozilla/5.0 (Windows NT 10.0; Win64; x64; rv:155.0) Gecko/20100101 Firefox/155.0","timestamp":"2026-09-13T03:40:19.661Z"} 
[2026-09-13 03:40:19] local.INFO: %cDownload the React DevTools for a better development experience: https://react.dev/link/react-devtools font-weight:bold {"url":"http://localhost:8000/orcamento","user_agent":"Mozilla/5.0 (Windows NT 10.0; Win64; x64; rv:155.0) Gecko/20100101 Firefox/155.0","timestamp":"2026-09-13T03:40:19.665Z"} 
[2026-09-13 03:40:34] local.DEBUG: [vite] hot updated: /resources/js/pages/orcamento.tsx {"url":"http://localhost:8000/orcamento","user_agent":"Mozilla/5.0 (Windows NT 10.0; Win64; x64; rv:155.0) Gecko/20100101 Firefox/155.0","timestamp":"2026-09-13T03:40:34.044Z"} 
[2026-09-13 03:40:34] local.DEBUG: [vite] hot updated: /resources/css/app.css {"url":"http://localhost:8000/orcamento","user_agent":"Mozilla/5.0 (Windows NT 10.0; Win64; x64; rv:155.0) Gecko/20100101 Firefox/155.0","timestamp":"2026-09-13T03:40:34.044Z"} 
[2026-09-13 03:40:37] local.DEBUG: [vite] hot updated: /resources/js/pages/orcamento.tsx {"url":"http://localhost:8000/orcamento","user_agent":"Mozilla/5.0 (Windows NT 10.0; Win64; x64; rv:155.0) Gecko/20100101 Firefox/155.0","timestamp":"2026-09-13T03:40:36.994Z"} 
[2026-09-13 03:40:37] local.DEBUG: [vite] hot updated: /resources/css/app.css {"url":"http://localhost:8000/orcamento","user_agent":"Mozilla/5.0 (Windows NT 10.0; Win64; x64; rv:155.0) Gecko/20100101 Firefox/155.0","timestamp":"2026-09-13T03:40:36.994Z"} 
[2026-09-13 03:40:44] local.DEBUG: [vite] hot updated: /resources/js/pages/orcamento.tsx {"url":"http://localhost:8000/orcamento","user_agent":"Mozilla/5.0 (Windows NT 10.0; Win64; x64; rv:155.0) Gecko/20100101 Firefox/155.0","timestamp":"2026-09-13T03:40:44.077Z"} 
[2026-09-13 03:40:44] local.DEBUG: [vite] hot updated: /resources/css/app.css {"url":"http://localhost:8000/orcamento","user_agent":"Mozilla/5.0 (Windows NT 10.0; Win64; x64; rv:155.0) Gecko/20100101 Firefox/155.0","timestamp":"2026-09-13T03:40:44.077Z"} 
[2026-09-13 03:40:46] local.DEBUG: [vite] connecting... {"url":"http://localhost:8000/orcamento","user_agent":"Mozilla/5.0 (Windows NT 10.0; Win64; x64; rv:155.0) Gecko/20100101 Firefox/155.0","timestamp":"2026-09-13T03:40:45.911Z"} 
[2026-09-13 03:40:46] local.DEBUG: [vite] connected. {"url":"http://localhost:8000/orcamento","user_agent":"Mozilla/5.0 (Windows NT 10.0; Win64; x64; rv:155.0) Gecko/20100101 Firefox/155.0","timestamp":"2026-09-13T03:40:45.921Z"} 
[2026-09-13 03:40:46] local.INFO: %cDownload the React DevTools for a better development experience: https://react.dev/link/react-devtools font-weight:bold {"url":"http://localhost:8000/orcamento","user_agent":"Mozilla/5.0 (Windows NT 10.0; Win64; x64; rv:155.0) Gecko/20100101 Firefox/155.0","timestamp":"2026-09-13T03:40:45.925Z"} 
[2026-09-13 03:40:52] local.DEBUG: [vite] hot updated: /resources/js/pages/orcamento.tsx {"url":"http://localhost:8000/orcamento","user_agent":"Mozilla/5.0 (Windows NT 10.0; Win64; x64; rv:155.0) Gecko/20100101 Firefox/155.0","timestamp":"2026-09-13T03:40:52.724Z"} 
[2026-09-13 03:40:52] local.DEBUG: [vite] hot updated: /resources/css/app.css {"url":"http://localhost:8000/orcamento","user_agent":"Mozilla/5.0 (Windows NT 10.0; Win64; x64; rv:155.0) Gecko/20100101 Firefox/155.0","timestamp":"2026-09-13T03:40:52.725Z"} 
[2026-09-13 03:41:04] local.DEBUG: [vite] hot updated: /resources/js/pages/orcamento.tsx {"url":"http://localhost:8000/orcamento","user_agent":"Mozilla/5.0 (Windows NT 10.0; Win64; x64; rv:155.0) Gecko/20100101 Firefox/155.0","timestamp":"2026-09-13T03:41:04.734Z"} 
[2026-09-13 03:41:04] local.DEBUG: [vite] hot updated: /resources/css/app.css {"url":"http://localhost:8000/orcamento","user_agent":"Mozilla/5.0 (Windows NT 10.0; Win64; x64; rv:155.0) Gecko/20100101 Firefox/155.0","timestamp":"2026-09-13T03:41:04.734Z"} 
[2026-09-13 03:41:17] local.DEBUG: [vite] hot updated: /resources/js/pages/orcamento.tsx {"url":"http://localhost:8000/orcamento","user_agent":"Mozilla/5.0 (Windows NT 10.0; Win64; x64; rv:155.0) Gecko/20100101 Firefox/155.0","timestamp":"2026-09-13T03:41:17.200Z"} 
[2026-09-13 03:41:17] local.DEBUG: [vite] hot updated: /resources/css/app.css {"url":"http://localhost:8000/orcamento","user_agent":"Mozilla/5.0 (Windows NT 10.0; Win64; x64; rv:155.0) Gecko/20100101 Firefox/155.0","timestamp":"2026-09-13T03:41:17.200Z"} 
[2026-09-13 03:42:15] local.DEBUG: [vite] hot updated: /resources/js/pages/orcamento.tsx {"url":"http://localhost:8000/orcamento","user_agent":"Mozilla/5.0 (Windows NT 10.0; Win64; x64; rv:155.0) Gecko/20100101 Firefox/155.0","timestamp":"2026-09-13T03:42:15.195Z"} 
[2026-09-13 03:42:15] local.DEBUG: [vite] hot updated: /resources/css/app.css {"url":"http://localhost:8000/orcamento","user_agent":"Mozilla/5.0 (Windows NT 10.0; Win64; x64; rv:155.0) Gecko/20100101 Firefox/155.0","timestamp":"2026-09-13T03:42:15.195Z"} 
[2026-09-13 03:42:44] local.DEBUG: [vite] hot updated: /resources/js/pages/orcamento.tsx {"url":"http://localhost:8000/orcamento","user_agent":"Mozilla/5.0 (Windows NT 10.0; Win64; x64; rv:155.0) Gecko/20100101 Firefox/155.0","timestamp":"2026-09-13T03:42:44.450Z"} 
[2026-09-13 03:42:44] local.DEBUG: [vite] hot updated: /resources/css/app.css {"url":"http://localhost:8000/orcamento","user_agent":"Mozilla/5.0 (Windows NT 10.0; Win64; x64; rv:155.0) Gecko/20100101 Firefox/155.0","timestamp":"2026-09-13T03:42:44.450Z"} 
[2026-09-13 03:48:35] local.DEBUG: [vite] connecting... {"url":"http://localhost:8000/orcamento","user_agent":"Mozilla/5.0 (Windows NT 10.0; Win64; x64; rv:155.0) Gecko/20100101 Firefox/155.0","timestamp":"2026-09-13T03:48:34.789Z"} 
[2026-09-13 03:48:35] local.DEBUG: [vite] connected. {"url":"http://localhost:8000/orcamento","user_agent":"Mozilla/5.0 (Windows NT 10.0; Win64; x64; rv:155.0) Gecko/20100101 Firefox/155.0","timestamp":"2026-09-13T03:48:35.105Z"} 
[2026-09-13 03:48:36] local.INFO: %cDownload the React DevTools for a better development experience: https://react.dev/link/react-devtools font-weight:bold {"url":"http://localhost:8000/orcamento","user_agent":"Mozilla/5.0 (Windows NT 10.0; Win64; x64; rv:155.0) Gecko/20100101 Firefox/155.0","timestamp":"2026-09-13T03:48:35.843Z"} 
[2026-09-13 03:48:36] local.ERROR: Invalid hook call. Hooks can only be called inside of the body of a function component. This could happen for one of the following reasons:
1. You might have mismatching versions of React and the renderer (such as React DOM)
2. You might be breaking the Rules of Hooks
3. You might have more than one copy of React in the same app
See https://react.dev/link/invalid-hook-call for tips about how to debug and fix this problem. {"url":"http://localhost:8000/orcamento","user_agent":"Mozilla/5.0 (Windows NT 10.0; Win64; x64; rv:155.0) Gecko/20100101 Firefox/155.0","timestamp":"2026-09-13T03:48:36.278Z"} 
[2026-09-13 03:48:36] local.ERROR: Invalid hook call. Hooks can only be called inside of the body of a function component. This could happen for one of the following reasons:
1. You might have mismatching versions of React and the renderer (such as React DOM)
2. You might be breaking the Rules of Hooks
3. You might have more than one copy of React in the same app
See https://react.dev/link/invalid-hook-call for tips about how to debug and fix this problem. {"url":"http://localhost:8000/orcamento","user_agent":"Mozilla/5.0 (Windows NT 10.0; Win64; x64; rv:155.0) Gecko/20100101 Firefox/155.0","timestamp":"2026-09-13T03:48:36.281Z"} 
[2026-09-13 03:48:36] local.ERROR: TypeError: can't access property "useState", resolveDispatcher() is null http://[::1]:5173/node_modules/.vite/deps/chunk-YJYY6GXC.js?v=024a2c6e 1094 16 TypeError can't access property "useState", resolveDispatcher() is null node_modules/react/cjs/react.development.js/exports.useState@http://[::1]:5173/node_modules/.vite/deps/chunk-YJYY6GXC.js?v=024a2c6e:1094:16
node_modules/react-currency-mask/lib/index.js/exports.CurrencyInput<@http://[::1]:5173/node_modules/.vite/deps/react-currency-mask.js?v=32016a41:92:66
react-stack-bottom-frame@http://[::1]:5173/node_modules/.vite/deps/react-dom_client.js?v=f7f87232:16192:20
renderWithHooks@http://[::1]:5173/node_modules/.vite/deps/react-dom_client.js?v=f7f87232:4306:42
updateForwardRef@http://[::1]:5173/node_modules/.vite/deps/react-dom_client.js?v=f7f87232:5813:21
beginWork@http://[::1]:5173/node_modules/.vite/deps/react-dom_client.js?v=f7f87232:7244:20
runWithFiberInDEV@http://[::1]:5173/node_modules/.vite/deps/react-dom_client.js?v=f7f87232:726:18
performUnitOfWork@http://[::1]:5173/node_modules/.vite/deps/react-dom_client.js?v=f7f87232:10831:98
workLoopSync@http://[::1]:5173/node_modules/.vite/deps/react-dom_client.js?v=f7f87232:10692:60
renderRootSync@http://[::1]:5173/node_modules/.vite/deps/react-dom_client.js?v=f7f87232:10675:13
performWorkOnRoot@http://[::1]:5173/node_modules/.vite/deps/react-dom_client.js?v=f7f87232:10323:46
performWorkOnRootViaSchedulerTask@http://[::1]:5173/node_modules/.vite/deps/react-dom_client.js?v=f7f87232:11436:26
performWorkUntilDeadline@http://[::1]:5173/node_modules/.vite/deps/react-dom_client.js?v=f7f87232:35:58
 {"url":"http://localhost:8000/orcamento","user_agent":"Mozilla/5.0 (Windows NT 10.0; Win64; x64; rv:155.0) Gecko/20100101 Firefox/155.0","timestamp":"2026-09-13T03:48:36.281Z"} 
[2026-09-13 03:48:36] local.ERROR: TypeError: can't access property "useState", resolveDispatcher() is null http://[::1]:5173/node_modules/.vite/deps/chunk-YJYY6GXC.js?v=024a2c6e 1094 16 TypeError can't access property "useState", resolveDispatcher() is null node_modules/react/cjs/react.development.js/exports.useState@http://[::1]:5173/node_modules/.vite/deps/chunk-YJYY6GXC.js?v=024a2c6e:1094:16
node_modules/react-currency-mask/lib/index.js/exports.CurrencyInput<@http://[::1]:5173/node_modules/.vite/deps/react-currency-mask.js?v=32016a41:92:66
react-stack-bottom-frame@http://[::1]:5173/node_modules/.vite/deps/react-dom_client.js?v=f7f87232:16192:20
renderWithHooks@http://[::1]:5173/node_modules/.vite/deps/react-dom_client.js?v=f7f87232:4306:42
updateForwardRef@http://[::1]:5173/node_modules/.vite/deps/react-dom_client.js?v=f7f87232:5813:21
beginWork@http://[::1]:5173/node_modules/.vite/deps/react-dom_client.js?v=f7f87232:7244:20
runWithFiberInDEV@http://[::1]:5173/node_modules/.vite/deps/react-dom_client.js?v=f7f87232:726:18
performUnitOfWork@http://[::1]:5173/node_modules/.vite/deps/react-dom_client.js?v=f7f87232:10831:98
workLoopSync@http://[::1]:5173/node_modules/.vite/deps/react-dom_client.js?v=f7f87232:10692:60
renderRootSync@http://[::1]:5173/node_modules/.vite/deps/react-dom_client.js?v=f7f87232:10675:13
performWorkOnRoot@http://[::1]:5173/node_modules/.vite/deps/react-dom_client.js?v=f7f87232:10323:46
performWorkOnRootViaSchedulerTask@http://[::1]:5173/node_modules/.vite/deps/react-dom_client.js?v=f7f87232:11436:26
performWorkUntilDeadline@http://[::1]:5173/node_modules/.vite/deps/react-dom_client.js?v=f7f87232:35:58
 {"url":"http://localhost:8000/orcamento","user_agent":"Mozilla/5.0 (Windows NT 10.0; Win64; x64; rv:155.0) Gecko/20100101 Firefox/155.0","timestamp":"2026-09-13T03:48:36.281Z"} 
[2026-09-13 03:48:36] local.WARNING: %s

%s
 An error occurred in the <ForwardRef> component. Consider adding an error boundary to your tree to customize error handling behavior.
Visit https://react.dev/link/error-boundaries to learn more about error boundaries. {"url":"http://localhost:8000/orcamento","user_agent":"Mozilla/5.0 (Windows NT 10.0; Win64; x64; rv:155.0) Gecko/20100101 Firefox/155.0","timestamp":"2026-09-13T03:48:36.281Z"} 
[2026-09-13 03:48:36] local.ERROR: Invalid hook call. Hooks can only be called inside of the body of a function component. This could happen for one of the following reasons:
1. You might have mismatching versions of React and the renderer (such as React DOM)
2. You might be breaking the Rules of Hooks
3. You might have more than one copy of React in the same app
See https://react.dev/link/invalid-hook-call for tips about how to debug and fix this problem. {"url":"http://localhost:8000/orcamento","user_agent":"Mozilla/5.0 (Windows NT 10.0; Win64; x64; rv:155.0) Gecko/20100101 Firefox/155.0","timestamp":"2026-09-13T03:48:36.278Z"} 
[2026-09-13 03:48:36] local.ERROR: Invalid hook call. Hooks can only be called inside of the body of a function component. This could happen for one of the following reasons:
1. You might have mismatching versions of React and the renderer (such as React DOM)
2. You might be breaking the Rules of Hooks
3. You might have more than one copy of React in the same app
See https://react.dev/link/invalid-hook-call for tips about how to debug and fix this problem. {"url":"http://localhost:8000/orcamento","user_agent":"Mozilla/5.0 (Windows NT 10.0; Win64; x64; rv:155.0) Gecko/20100101 Firefox/155.0","timestamp":"2026-09-13T03:48:36.281Z"} 
[2026-09-13 03:48:36] local.ERROR: TypeError: can't access property "useState", resolveDispatcher() is null http://[::1]:5173/node_modules/.vite/deps/chunk-YJYY6GXC.js?v=024a2c6e 1094 16 TypeError can't access property "useState", resolveDispatcher() is null node_modules/react/cjs/react.development.js/exports.useState@http://[::1]:5173/node_modules/.vite/deps/chunk-YJYY6GXC.js?v=024a2c6e:1094:16
node_modules/react-currency-mask/lib/index.js/exports.CurrencyInput<@http://[::1]:5173/node_modules/.vite/deps/react-currency-mask.js?v=32016a41:92:66
react-stack-bottom-frame@http://[::1]:5173/node_modules/.vite/deps/react-dom_client.js?v=f7f87232:16192:20
renderWithHooks@http://[::1]:5173/node_modules/.vite/deps/react-dom_client.js?v=f7f87232:4306:42
updateForwardRef@http://[::1]:5173/node_modules/.vite/deps/react-dom_client.js?v=f7f87232:5813:21
beginWork@http://[::1]:5173/node_modules/.vite/deps/react-dom_client.js?v=f7f87232:7244:20
runWithFiberInDEV@http://[::1]:5173/node_modules/.vite/deps/react-dom_client.js?v=f7f87232:726:18
performUnitOfWork@http://[::1]:5173/node_modules/.vite/deps/react-dom_client.js?v=f7f87232:10831:98
workLoopSync@http://[::1]:5173/node_modules/.vite/deps/react-dom_client.js?v=f7f87232:10692:60
renderRootSync@http://[::1]:5173/node_modules/.vite/deps/react-dom_client.js?v=f7f87232:10675:13
performWorkOnRoot@http://[::1]:5173/node_modules/.vite/deps/react-dom_client.js?v=f7f87232:10323:46
performWorkOnRootViaSchedulerTask@http://[::1]:5173/node_modules/.vite/deps/react-dom_client.js?v=f7f87232:11436:26
performWorkUntilDeadline@http://[::1]:5173/node_modules/.vite/deps/react-dom_client.js?v=f7f87232:35:58 {"url":"http://localhost:8000/orcamento","user_agent":"Mozilla/5.0 (Windows NT 10.0; Win64; x64; rv:155.0) Gecko/20100101 Firefox/155.0","timestamp":"2026-09-13T03:48:36.281Z"} 
[2026-09-13 03:48:36] local.ERROR: TypeError: can't access property "useState", resolveDispatcher() is null http://[::1]:5173/node_modules/.vite/deps/chunk-YJYY6GXC.js?v=024a2c6e 1094 16 TypeError can't access property "useState", resolveDispatcher() is null node_modules/react/cjs/react.development.js/exports.useState@http://[::1]:5173/node_modules/.vite/deps/chunk-YJYY6GXC.js?v=024a2c6e:1094:16
node_modules/react-currency-mask/lib/index.js/exports.CurrencyInput<@http://[::1]:5173/node_modules/.vite/deps/react-currency-mask.js?v=32016a41:92:66
react-stack-bottom-frame@http://[::1]:5173/node_modules/.vite/deps/react-dom_client.js?v=f7f87232:16192:20
renderWithHooks@http://[::1]:5173/node_modules/.vite/deps/react-dom_client.js?v=f7f87232:4306:42
updateForwardRef@http://[::1]:5173/node_modules/.vite/deps/react-dom_client.js?v=f7f87232:5813:21
beginWork@http://[::1]:5173/node_modules/.vite/deps/react-dom_client.js?v=f7f87232:7244:20
runWithFiberInDEV@http://[::1]:5173/node_modules/.vite/deps/react-dom_client.js?v=f7f87232:726:18
performUnitOfWork@http://[::1]:5173/node_modules/.vite/deps/react-dom_client.js?v=f7f87232:10831:98
workLoopSync@http://[::1]:5173/node_modules/.vite/deps/react-dom_client.js?v=f7f87232:10692:60
renderRootSync@http://[::1]:5173/node_modules/.vite/deps/react-dom_client.js?v=f7f87232:10675:13
performWorkOnRoot@http://[::1]:5173/node_modules/.vite/deps/react-dom_client.js?v=f7f87232:10323:46
performWorkOnRootViaSchedulerTask@http://[::1]:5173/node_modules/.vite/deps/react-dom_client.js?v=f7f87232:11436:26
performWorkUntilDeadline@http://[::1]:5173/node_modules/.vite/deps/react-dom_client.js?v=f7f87232:35:58 {"url":"http://localhost:8000/orcamento","user_agent":"Mozilla/5.0 (Windows NT 10.0; Win64; x64; rv:155.0) Gecko/20100101 Firefox/155.0","timestamp":"2026-09-13T03:48:36.281Z"} 
[2026-09-13 03:48:36] local.WARNING: %s

%s An error occurred in the <ForwardRef> component. Consider adding an error boundary to your tree to customize error handling behavior.
Visit https://react.dev/link/error-boundaries to learn more about error boundaries. {"url":"http://localhost:8000/orcamento","user_agent":"Mozilla/5.0 (Windows NT 10.0; Win64; x64; rv:155.0) Gecko/20100101 Firefox/155.0","timestamp":"2026-09-13T03:48:36.281Z"} 
[2026-09-13 03:48:37] local.DEBUG: [vite] connecting... {"url":"http://localhost:8000/orcamento","user_agent":"Mozilla/5.0 (Windows NT 10.0; Win64; x64; rv:155.0) Gecko/20100101 Firefox/155.0","timestamp":"2026-09-13T03:48:36.723Z"} 
[2026-09-13 03:48:37] local.DEBUG: [vite] connected. {"url":"http://localhost:8000/orcamento","user_agent":"Mozilla/5.0 (Windows NT 10.0; Win64; x64; rv:155.0) Gecko/20100101 Firefox/155.0","timestamp":"2026-09-13T03:48:36.761Z"} 
[2026-09-13 03:48:37] local.INFO: %cDownload the React DevTools for a better development experience: https://react.dev/link/react-devtools font-weight:bold {"url":"http://localhost:8000/orcamento","user_agent":"Mozilla/5.0 (Windows NT 10.0; Win64; x64; rv:155.0) Gecko/20100101 Firefox/155.0","timestamp":"2026-09-13T03:48:36.855Z"} 
[2026-09-13 03:50:53] local.DEBUG: [vite] hot updated: /resources/js/pages/orcamento.tsx {"url":"http://localhost:8000/orcamento","user_agent":"Mozilla/5.0 (Windows NT 10.0; Win64; x64; rv:155.0) Gecko/20100101 Firefox/155.0","timestamp":"2026-09-13T03:50:53.465Z"} 
[2026-09-13 03:50:53] local.DEBUG: [vite] hot updated: /resources/css/app.css {"url":"http://localhost:8000/orcamento","user_agent":"Mozilla/5.0 (Windows NT 10.0; Win64; x64; rv:155.0) Gecko/20100101 Firefox/155.0","timestamp":"2026-09-13T03:50:53.465Z"} 
[2026-09-13 03:52:20] local.DEBUG: [vite] connecting... {"url":"http://localhost:8000/orcamento","user_agent":"Mozilla/5.0 (Windows NT 10.0; Win64; x64; rv:155.0) Gecko/20100101 Firefox/155.0","timestamp":"2026-09-13T03:52:20.632Z"} 
[2026-09-13 03:52:20] local.INFO: %cDownload the React DevTools for a better development experience: https://react.dev/link/react-devtools font-weight:bold {"url":"http://localhost:8000/orcamento","user_agent":"Mozilla/5.0 (Windows NT 10.0; Win64; x64; rv:155.0) Gecko/20100101 Firefox/155.0","timestamp":"2026-09-13T03:52:20.641Z"} 
[2026-09-13 03:52:20] local.DEBUG: [vite] connected. {"url":"http://localhost:8000/orcamento","user_agent":"Mozilla/5.0 (Windows NT 10.0; Win64; x64; rv:155.0) Gecko/20100101 Firefox/155.0","timestamp":"2026-09-13T03:52:20.672Z"} 
[2026-09-13 03:57:06] local.DEBUG: [vite] hot updated: /resources/js/pages/orcamento.tsx {"url":"http://localhost:8000/orcamento","user_agent":"Mozilla/5.0 (Windows NT 10.0; Win64; x64; rv:155.0) Gecko/20100101 Firefox/155.0","timestamp":"2026-09-13T03:57:05.010Z"} 
[2026-09-13 03:57:06] local.DEBUG: [vite] hot updated: /resources/css/app.css {"url":"http://localhost:8000/orcamento","user_agent":"Mozilla/5.0 (Windows NT 10.0; Win64; x64; rv:155.0) Gecko/20100101 Firefox/155.0","timestamp":"2026-09-13T03:57:05.010Z"} 
[2026-09-13 04:00:33] local.DEBUG: [vite] hot updated: /resources/js/pages/orcamento.tsx {"url":"http://localhost:8000/orcamento","user_agent":"Mozilla/5.0 (Windows NT 10.0; Win64; x64; rv:155.0) Gecko/20100101 Firefox/155.0","timestamp":"2026-09-13T04:00:32.624Z"} 
[2026-09-13 04:00:33] local.DEBUG: [vite] hot updated: /resources/css/app.css {"url":"http://localhost:8000/orcamento","user_agent":"Mozilla/5.0 (Windows NT 10.0; Win64; x64; rv:155.0) Gecko/20100101 Firefox/155.0","timestamp":"2026-09-13T04:00:32.624Z"} 
[2026-09-13 04:00:41] local.DEBUG: [vite] connecting... {"url":"http://localhost:8000/orcamento","user_agent":"Mozilla/5.0 (Windows NT 10.0; Win64; x64; rv:155.0) Gecko/20100101 Firefox/155.0","timestamp":"2026-09-13T04:00:41.630Z"} 
[2026-09-13 04:00:41] local.DEBUG: [vite] connected. {"url":"http://localhost:8000/orcamento","user_agent":"Mozilla/5.0 (Windows NT 10.0; Win64; x64; rv:155.0) Gecko/20100101 Firefox/155.0","timestamp":"2026-09-13T04:00:41.641Z"} 
[2026-09-13 04:00:41] local.INFO: %cDownload the React DevTools for a better development experience: https://react.dev/link/react-devtools font-weight:bold {"url":"http://localhost:8000/orcamento","user_agent":"Mozilla/5.0 (Windows NT 10.0; Win64; x64; rv:155.0) Gecko/20100101 Firefox/155.0","timestamp":"2026-09-13T04:00:41.653Z"} 
[2026-09-13 04:05:44] local.DEBUG: [vite] hot updated: /resources/js/pages/orcamento.tsx {"url":"http://localhost:8000/orcamento","user_agent":"Mozilla/5.0 (Windows NT 10.0; Win64; x64; rv:155.0) Gecko/20100101 Firefox/155.0","timestamp":"2026-09-13T04:05:42.561Z"} 
[2026-09-13 04:05:44] local.DEBUG: [vite] hot updated: /resources/css/app.css {"url":"http://localhost:8000/orcamento","user_agent":"Mozilla/5.0 (Windows NT 10.0; Win64; x64; rv:155.0) Gecko/20100101 Firefox/155.0","timestamp":"2026-09-13T04:05:42.561Z"} 
[2026-09-13 04:08:03] local.DEBUG: [vite] hot updated: /resources/js/pages/relatorio.tsx {"url":"http://localhost:8000/relatorio","user_agent":"Mozilla/5.0 (Windows NT 10.0; Win64; x64; rv:155.0) Gecko/20100101 Firefox/155.0","timestamp":"2026-09-13T04:08:03.109Z"} 
[2026-09-13 04:08:03] local.DEBUG: [vite] hot updated: /resources/css/app.css {"url":"http://localhost:8000/relatorio","user_agent":"Mozilla/5.0 (Windows NT 10.0; Win64; x64; rv:155.0) Gecko/20100101 Firefox/155.0","timestamp":"2026-09-13T04:08:03.109Z"} 
[2026-09-13 04:08:11] local.DEBUG: [vite] hot updated: /resources/js/pages/relatorio.tsx {"url":"http://localhost:8000/relatorio","user_agent":"Mozilla/5.0 (Windows NT 10.0; Win64; x64; rv:155.0) Gecko/20100101 Firefox/155.0","timestamp":"2026-09-13T04:08:11.250Z"} 
[2026-09-13 04:08:11] local.DEBUG: [vite] hot updated: /resources/css/app.css {"url":"http://localhost:8000/relatorio","user_agent":"Mozilla/5.0 (Windows NT 10.0; Win64; x64; rv:155.0) Gecko/20100101 Firefox/155.0","timestamp":"2026-09-13T04:08:11.250Z"} 
[2026-09-13 04:08:56] local.DEBUG: [vite] hot updated: /resources/js/pages/relatorio.tsx {"url":"http://localhost:8000/relatorio","user_agent":"Mozilla/5.0 (Windows NT 10.0; Win64; x64; rv:155.0) Gecko/20100101 Firefox/155.0","timestamp":"2026-09-13T04:08:55.821Z"} 
[2026-09-13 04:08:56] local.DEBUG: [vite] hot updated: /resources/css/app.css {"url":"http://localhost:8000/relatorio","user_agent":"Mozilla/5.0 (Windows NT 10.0; Win64; x64; rv:155.0) Gecko/20100101 Firefox/155.0","timestamp":"2026-09-13T04:08:55.821Z"} 
[2026-09-13 04:09:25] local.DEBUG: [vite] hot updated: /resources/js/pages/relatorio.tsx {"url":"http://localhost:8000/relatorio","user_agent":"Mozilla/5.0 (Windows NT 10.0; Win64; x64; rv:155.0) Gecko/20100101 Firefox/155.0","timestamp":"2026-09-13T04:09:24.920Z"} 
[2026-09-13 04:09:25] local.DEBUG: [vite] hot updated: /resources/css/app.css {"url":"http://localhost:8000/relatorio","user_agent":"Mozilla/5.0 (Windows NT 10.0; Win64; x64; rv:155.0) Gecko/20100101 Firefox/155.0","timestamp":"2026-09-13T04:09:24.920Z"} 
[2026-09-13 04:09:31] local.DEBUG: [vite] hot updated: /resources/js/pages/relatorio.tsx {"url":"http://localhost:8000/perfil","user_agent":"Mozilla/5.0 (Windows NT 10.0; Win64; x64; rv:155.0) Gecko/20100101 Firefox/155.0","timestamp":"2026-09-13T04:09:31.124Z"} 
[2026-09-13 04:09:31] local.DEBUG: [vite] hot updated: /resources/css/app.css {"url":"http://localhost:8000/perfil","user_agent":"Mozilla/5.0 (Windows NT 10.0; Win64; x64; rv:155.0) Gecko/20100101 Firefox/155.0","timestamp":"2026-09-13T04:09:31.124Z"} 
[2026-09-13 04:11:04] local.DEBUG: [vite] hot updated: /resources/js/pages/relatorio.tsx {"url":"http://localhost:8000/perfil","user_agent":"Mozilla/5.0 (Windows NT 10.0; Win64; x64; rv:155.0) Gecko/20100101 Firefox/155.0","timestamp":"2026-09-13T04:11:04.002Z"} 
[2026-09-13 04:11:04] local.DEBUG: [vite] hot updated: /resources/css/app.css {"url":"http://localhost:8000/perfil","user_agent":"Mozilla/5.0 (Windows NT 10.0; Win64; x64; rv:155.0) Gecko/20100101 Firefox/155.0","timestamp":"2026-09-13T04:11:04.002Z"} 
[2026-09-13 04:13:31] local.DEBUG: [vite] hot updated: /resources/js/pages/relatorio.tsx {"url":"http://localhost:8000/relatorio","user_agent":"Mozilla/5.0 (Windows NT 10.0; Win64; x64; rv:155.0) Gecko/20100101 Firefox/155.0","timestamp":"2026-09-13T04:13:31.208Z"} 
[2026-09-13 04:13:31] local.DEBUG: [vite] hot updated: /resources/css/app.css {"url":"http://localhost:8000/relatorio","user_agent":"Mozilla/5.0 (Windows NT 10.0; Win64; x64; rv:155.0) Gecko/20100101 Firefox/155.0","timestamp":"2026-09-13T04:13:31.208Z"} 
[2026-09-13 04:13:57] local.DEBUG: [vite] hot updated: /resources/js/pages/relatorio.tsx {"url":"http://localhost:8000/relatorio","user_agent":"Mozilla/5.0 (Windows NT 10.0; Win64; x64; rv:155.0) Gecko/20100101 Firefox/155.0","timestamp":"2026-09-13T04:13:57.420Z"} 
[2026-09-13 04:13:57] local.DEBUG: [vite] hot updated: /resources/css/app.css {"url":"http://localhost:8000/relatorio","user_agent":"Mozilla/5.0 (Windows NT 10.0; Win64; x64; rv:155.0) Gecko/20100101 Firefox/155.0","timestamp":"2026-09-13T04:13:57.420Z"} 
[2026-09-13 04:14:01] local.DEBUG: [vite] hot updated: /resources/js/pages/relatorio.tsx {"url":"http://localhost:8000/relatorio","user_agent":"Mozilla/5.0 (Windows NT 10.0; Win64; x64; rv:155.0) Gecko/20100101 Firefox/155.0","timestamp":"2026-09-13T04:14:01.230Z"} 
[2026-09-13 04:14:01] local.DEBUG: [vite] hot updated: /resources/css/app.css {"url":"http://localhost:8000/relatorio","user_agent":"Mozilla/5.0 (Windows NT 10.0; Win64; x64; rv:155.0) Gecko/20100101 Firefox/155.0","timestamp":"2026-09-13T04:14:01.230Z"} 
[2026-09-13 04:14:18] local.DEBUG: [vite] hot updated: /resources/js/pages/relatorio.tsx {"url":"http://localhost:8000/relatorio","user_agent":"Mozilla/5.0 (Windows NT 10.0; Win64; x64; rv:155.0) Gecko/20100101 Firefox/155.0","timestamp":"2026-09-13T04:14:18.284Z"} 
[2026-09-13 04:14:18] local.DEBUG: [vite] hot updated: /resources/css/app.css {"url":"http://localhost:8000/relatorio","user_agent":"Mozilla/5.0 (Windows NT 10.0; Win64; x64; rv:155.0) Gecko/20100101 Firefox/155.0","timestamp":"2026-09-13T04:14:18.284Z"} 
[2026-09-13 04:14:33] local.DEBUG: [vite] hot updated: /resources/js/pages/relatorio.tsx {"url":"http://localhost:8000/relatorio","user_agent":"Mozilla/5.0 (Windows NT 10.0; Win64; x64; rv:155.0) Gecko/20100101 Firefox/155.0","timestamp":"2026-09-13T04:14:33.657Z"} 
[2026-09-13 04:14:33] local.DEBUG: [vite] hot updated: /resources/css/app.css {"url":"http://localhost:8000/relatorio","user_agent":"Mozilla/5.0 (Windows NT 10.0; Win64; x64; rv:155.0) Gecko/20100101 Firefox/155.0","timestamp":"2026-09-13T04:14:33.657Z"} 
[2026-09-13 04:14:39] local.DEBUG: [vite] hot updated: /resources/js/pages/relatorio.tsx {"url":"http://localhost:8000/relatorio","user_agent":"Mozilla/5.0 (Windows NT 10.0; Win64; x64; rv:155.0) Gecko/20100101 Firefox/155.0","timestamp":"2026-09-13T04:14:38.877Z"} 
[2026-09-13 04:14:39] local.DEBUG: [vite] hot updated: /resources/css/app.css {"url":"http://localhost:8000/relatorio","user_agent":"Mozilla/5.0 (Windows NT 10.0; Win64; x64; rv:155.0) Gecko/20100101 Firefox/155.0","timestamp":"2026-09-13T04:14:38.877Z"} 
[2026-09-13 04:28:13] local.DEBUG: [vite] hot updated: /resources/js/pages/auth/register.tsx {"url":"http://localhost:8000/register","user_agent":"Mozilla/5.0 (Windows NT 10.0; Win64; x64; rv:155.0) Gecko/20100101 Firefox/155.0","timestamp":"2026-09-13T04:28:12.090Z"} 
[2026-09-13 04:28:13] local.DEBUG: [vite] hot updated: /resources/css/app.css {"url":"http://localhost:8000/register","user_agent":"Mozilla/5.0 (Windows NT 10.0; Win64; x64; rv:155.0) Gecko/20100101 Firefox/155.0","timestamp":"2026-09-13T04:28:12.090Z"} 
[2026-09-13 04:28:16] local.DEBUG: [vite] hot updated: /resources/js/pages/auth/register.tsx {"url":"http://localhost:8000/register","user_agent":"Mozilla/5.0 (Windows NT 10.0; Win64; x64; rv:155.0) Gecko/20100101 Firefox/155.0","timestamp":"2026-09-13T04:28:15.525Z"} 
[2026-09-13 04:28:16] local.DEBUG: [vite] hot updated: /resources/css/app.css {"url":"http://localhost:8000/register","user_agent":"Mozilla/5.0 (Windows NT 10.0; Win64; x64; rv:155.0) Gecko/20100101 Firefox/155.0","timestamp":"2026-09-13T04:28:15.526Z"} 
[2026-09-13 04:28:23] local.DEBUG: [vite] connecting... {"url":"http://localhost:8000/register","user_agent":"Mozilla/5.0 (Windows NT 10.0; Win64; x64; rv:155.0) Gecko/20100101 Firefox/155.0","timestamp":"2026-09-13T04:28:22.994Z"} 
[2026-09-13 04:28:23] local.DEBUG: [vite] connected. {"url":"http://localhost:8000/register","user_agent":"Mozilla/5.0 (Windows NT 10.0; Win64; x64; rv:155.0) Gecko/20100101 Firefox/155.0","timestamp":"2026-09-13T04:28:23.004Z"} 
[2026-09-13 04:28:23] local.INFO: %cDownload the React DevTools for a better development experience: https://react.dev/link/react-devtools font-weight:bold {"url":"http://localhost:8000/register","user_agent":"Mozilla/5.0 (Windows NT 10.0; Win64; x64; rv:155.0) Gecko/20100101 Firefox/155.0","timestamp":"2026-09-13T04:28:23.023Z"} 
[2026-09-13 18:00:26] local.DEBUG: [vite] connecting... {"url":"http://localhost:8000/","user_agent":"Mozilla/5.0 (Windows NT 10.0; Win64; x64; rv:155.0) Gecko/20100101 Firefox/155.0","timestamp":"2026-09-13T18:00:25.115Z"} 
[2026-09-13 18:00:26] local.DEBUG: [vite] connected. {"url":"http://localhost:8000/","user_agent":"Mozilla/5.0 (Windows NT 10.0; Win64; x64; rv:155.0) Gecko/20100101 Firefox/155.0","timestamp":"2026-09-13T18:00:25.130Z"} 
[2026-09-13 18:00:27] local.INFO: %cDownload the React DevTools for a better development experience: https://react.dev/link/react-devtools font-weight:bold {"url":"http://localhost:8000/","user_agent":"Mozilla/5.0 (Windows NT 10.0; Win64; x64; rv:155.0) Gecko/20100101 Firefox/155.0","timestamp":"2026-09-13T18:00:26.299Z"} 
[2026-09-13 20:09:19] local.DEBUG: [vite] hot updated: /resources/js/layouts/ecovolts-layout.tsx {"url":"http://localhost:8000/","user_agent":"Mozilla/5.0 (Windows NT 10.0; Win64; x64; rv:155.0) Gecko/20100101 Firefox/155.0","timestamp":"2026-09-13T20:09:18.726Z"} 
[2026-09-13 20:09:19] local.DEBUG: [vite] hot updated: /resources/css/app.css {"url":"http://localhost:8000/","user_agent":"Mozilla/5.0 (Windows NT 10.0; Win64; x64; rv:155.0) Gecko/20100101 Firefox/155.0","timestamp":"2026-09-13T20:09:18.726Z"} 
[2026-09-13 20:16:41] local.DEBUG: [vite] hot updated: /resources/js/pages/welcome.tsx {"url":"http://localhost:8000/","user_agent":"Mozilla/5.0 (Windows NT 10.0; Win64; x64; rv:155.0) Gecko/20100101 Firefox/155.0","timestamp":"2026-09-13T20:16:40.795Z"} 
[2026-09-13 20:16:41] local.DEBUG: [vite] hot updated: /resources/css/app.css {"url":"http://localhost:8000/","user_agent":"Mozilla/5.0 (Windows NT 10.0; Win64; x64; rv:155.0) Gecko/20100101 Firefox/155.0","timestamp":"2026-09-13T20:16:40.795Z"} 
[2026-09-13 20:17:05] local.DEBUG: [vite] hot updated: /resources/js/pages/welcome.tsx {"url":"http://localhost:8000/","user_agent":"Mozilla/5.0 (Windows NT 10.0; Win64; x64; rv:155.0) Gecko/20100101 Firefox/155.0","timestamp":"2026-09-13T20:17:05.155Z"} 
[2026-09-13 20:17:05] local.DEBUG: [vite] hot updated: /resources/css/app.css {"url":"http://localhost:8000/","user_agent":"Mozilla/5.0 (Windows NT 10.0; Win64; x64; rv:155.0) Gecko/20100101 Firefox/155.0","timestamp":"2026-09-13T20:17:05.155Z"} 
[2026-09-13 20:17:16] local.DEBUG: [vite] hot updated: /resources/js/pages/welcome.tsx {"url":"http://localhost:8000/","user_agent":"Mozilla/5.0 (Windows NT 10.0; Win64; x64; rv:155.0) Gecko/20100101 Firefox/155.0","timestamp":"2026-09-13T20:17:16.242Z"} 
[2026-09-13 20:17:16] local.DEBUG: [vite] hot updated: /resources/css/app.css {"url":"http://localhost:8000/","user_agent":"Mozilla/5.0 (Windows NT 10.0; Win64; x64; rv:155.0) Gecko/20100101 Firefox/155.0","timestamp":"2026-09-13T20:17:16.242Z"} 
[2026-09-13 20:18:25] local.DEBUG: [vite] hot updated: /resources/js/pages/welcome.tsx {"url":"http://localhost:8000/","user_agent":"Mozilla/5.0 (Windows NT 10.0; Win64; x64; rv:155.0) Gecko/20100101 Firefox/155.0","timestamp":"2026-09-13T20:18:23.349Z"} 
[2026-09-13 20:18:25] local.DEBUG: [vite] hot updated: /resources/css/app.css {"url":"http://localhost:8000/","user_agent":"Mozilla/5.0 (Windows NT 10.0; Win64; x64; rv:155.0) Gecko/20100101 Firefox/155.0","timestamp":"2026-09-13T20:18:23.349Z"} 
[2026-09-13 20:18:30] local.DEBUG: [vite] hot updated: /resources/js/pages/welcome.tsx {"url":"http://localhost:8000/","user_agent":"Mozilla/5.0 (Windows NT 10.0; Win64; x64; rv:155.0) Gecko/20100101 Firefox/155.0","timestamp":"2026-09-13T20:18:30.640Z"} 
[2026-09-13 20:18:30] local.DEBUG: [vite] hot updated: /resources/css/app.css {"url":"http://localhost:8000/","user_agent":"Mozilla/5.0 (Windows NT 10.0; Win64; x64; rv:155.0) Gecko/20100101 Firefox/155.0","timestamp":"2026-09-13T20:18:30.640Z"} 
[2026-09-13 20:18:56] local.DEBUG: [vite] hot updated: /resources/js/pages/welcome.tsx {"url":"http://localhost:8000/","user_agent":"Mozilla/5.0 (Windows NT 10.0; Win64; x64; rv:155.0) Gecko/20100101 Firefox/155.0","timestamp":"2026-09-13T20:18:55.848Z"} 
[2026-09-13 20:18:56] local.DEBUG: [vite] hot updated: /resources/css/app.css {"url":"http://localhost:8000/","user_agent":"Mozilla/5.0 (Windows NT 10.0; Win64; x64; rv:155.0) Gecko/20100101 Firefox/155.0","timestamp":"2026-09-13T20:18:55.848Z"} 
[2026-09-13 20:19:24] local.DEBUG: [vite] hot updated: /resources/js/pages/welcome.tsx {"url":"http://localhost:8000/","user_agent":"Mozilla/5.0 (Windows NT 10.0; Win64; x64; rv:155.0) Gecko/20100101 Firefox/155.0","timestamp":"2026-09-13T20:19:24.031Z"} 
[2026-09-13 20:19:24] local.DEBUG: [vite] hot updated: /resources/css/app.css {"url":"http://localhost:8000/","user_agent":"Mozilla/5.0 (Windows NT 10.0; Win64; x64; rv:155.0) Gecko/20100101 Firefox/155.0","timestamp":"2026-09-13T20:19:24.032Z"} 
[2026-09-13 20:19:33] local.DEBUG: [vite] hot updated: /resources/js/pages/welcome.tsx {"url":"http://localhost:8000/","user_agent":"Mozilla/5.0 (Windows NT 10.0; Win64; x64; rv:155.0) Gecko/20100101 Firefox/155.0","timestamp":"2026-09-13T20:19:33.346Z"} 
[2026-09-13 20:19:33] local.DEBUG: [vite] hot updated: /resources/css/app.css {"url":"http://localhost:8000/","user_agent":"Mozilla/5.0 (Windows NT 10.0; Win64; x64; rv:155.0) Gecko/20100101 Firefox/155.0","timestamp":"2026-09-13T20:19:33.346Z"} 
[2026-09-13 20:19:37] local.DEBUG: [vite] hot updated: /resources/js/pages/welcome.tsx {"url":"http://localhost:8000/","user_agent":"Mozilla/5.0 (Windows NT 10.0; Win64; x64; rv:155.0) Gecko/20100101 Firefox/155.0","timestamp":"2026-09-13T20:19:37.396Z"} 
[2026-09-13 20:19:37] local.DEBUG: [vite] hot updated: /resources/css/app.css {"url":"http://localhost:8000/","user_agent":"Mozilla/5.0 (Windows NT 10.0; Win64; x64; rv:155.0) Gecko/20100101 Firefox/155.0","timestamp":"2026-09-13T20:19:37.396Z"} 
[2026-09-13 20:19:43] local.DEBUG: [vite] hot updated: /resources/js/pages/welcome.tsx {"url":"http://localhost:8000/","user_agent":"Mozilla/5.0 (Windows NT 10.0; Win64; x64; rv:155.0) Gecko/20100101 Firefox/155.0","timestamp":"2026-09-13T20:19:42.965Z"} 
[2026-09-13 20:19:43] local.DEBUG: [vite] hot updated: /resources/css/app.css {"url":"http://localhost:8000/","user_agent":"Mozilla/5.0 (Windows NT 10.0; Win64; x64; rv:155.0) Gecko/20100101 Firefox/155.0","timestamp":"2026-09-13T20:19:42.965Z"} 
[2026-09-13 20:19:59] local.DEBUG: [vite] hot updated: /resources/js/pages/welcome.tsx {"url":"http://localhost:8000/","user_agent":"Mozilla/5.0 (Windows NT 10.0; Win64; x64; rv:155.0) Gecko/20100101 Firefox/155.0","timestamp":"2026-09-13T20:19:58.882Z"} 
[2026-09-13 20:19:59] local.DEBUG: [vite] hot updated: /resources/css/app.css {"url":"http://localhost:8000/","user_agent":"Mozilla/5.0 (Windows NT 10.0; Win64; x64; rv:155.0) Gecko/20100101 Firefox/155.0","timestamp":"2026-09-13T20:19:58.882Z"} 
[2026-09-13 20:20:04] local.DEBUG: [vite] hot updated: /resources/js/pages/welcome.tsx {"url":"http://localhost:8000/","user_agent":"Mozilla/5.0 (Windows NT 10.0; Win64; x64; rv:155.0) Gecko/20100101 Firefox/155.0","timestamp":"2026-09-13T20:20:04.727Z"} 
[2026-09-13 20:20:04] local.DEBUG: [vite] hot updated: /resources/css/app.css {"url":"http://localhost:8000/","user_agent":"Mozilla/5.0 (Windows NT 10.0; Win64; x64; rv:155.0) Gecko/20100101 Firefox/155.0","timestamp":"2026-09-13T20:20:04.727Z"} 
[2026-09-13 20:20:23] local.DEBUG: [vite] hot updated: /resources/js/pages/welcome.tsx {"url":"http://localhost:8000/","user_agent":"Mozilla/5.0 (Windows NT 10.0; Win64; x64; rv:155.0) Gecko/20100101 Firefox/155.0","timestamp":"2026-09-13T20:20:23.540Z"} 
[2026-09-13 20:20:23] local.DEBUG: [vite] hot updated: /resources/css/app.css {"url":"http://localhost:8000/","user_agent":"Mozilla/5.0 (Windows NT 10.0; Win64; x64; rv:155.0) Gecko/20100101 Firefox/155.0","timestamp":"2026-09-13T20:20:23.540Z"} 
[2026-09-13 20:21:07] local.DEBUG: [vite] hot updated: /resources/js/pages/welcome.tsx {"url":"http://localhost:8000/","user_agent":"Mozilla/5.0 (Windows NT 10.0; Win64; x64; rv:155.0) Gecko/20100101 Firefox/155.0","timestamp":"2026-09-13T20:21:06.750Z"} 
[2026-09-13 20:21:07] local.DEBUG: [vite] hot updated: /resources/css/app.css {"url":"http://localhost:8000/","user_agent":"Mozilla/5.0 (Windows NT 10.0; Win64; x64; rv:155.0) Gecko/20100101 Firefox/155.0","timestamp":"2026-09-13T20:21:06.750Z"} 
[2026-09-13 20:21:11] local.DEBUG: [vite] hot updated: /resources/js/pages/welcome.tsx {"url":"http://localhost:8000/","user_agent":"Mozilla/5.0 (Windows NT 10.0; Win64; x64; rv:155.0) Gecko/20100101 Firefox/155.0","timestamp":"2026-09-13T20:21:11.286Z"} 
[2026-09-13 20:21:11] local.DEBUG: [vite] hot updated: /resources/css/app.css {"url":"http://localhost:8000/","user_agent":"Mozilla/5.0 (Windows NT 10.0; Win64; x64; rv:155.0) Gecko/20100101 Firefox/155.0","timestamp":"2026-09-13T20:21:11.286Z"} 
[2026-09-13 20:21:55] local.DEBUG: [vite] hot updated: /resources/js/pages/welcome.tsx {"url":"http://localhost:8000/","user_agent":"Mozilla/5.0 (Windows NT 10.0; Win64; x64; rv:155.0) Gecko/20100101 Firefox/155.0","timestamp":"2026-09-13T20:21:48.651Z"} 
[2026-09-13 20:21:55] local.DEBUG: [vite] hot updated: /resources/css/app.css {"url":"http://localhost:8000/","user_agent":"Mozilla/5.0 (Windows NT 10.0; Win64; x64; rv:155.0) Gecko/20100101 Firefox/155.0","timestamp":"2026-09-13T20:21:48.651Z"} 
[2026-09-13 20:21:58] local.DEBUG: [vite] hot updated: /resources/js/pages/welcome.tsx {"url":"http://localhost:8000/","user_agent":"Mozilla/5.0 (Windows NT 10.0; Win64; x64; rv:155.0) Gecko/20100101 Firefox/155.0","timestamp":"2026-09-13T20:21:57.931Z"} 
[2026-09-13 20:21:58] local.DEBUG: [vite] hot updated: /resources/css/app.css {"url":"http://localhost:8000/","user_agent":"Mozilla/5.0 (Windows NT 10.0; Win64; x64; rv:155.0) Gecko/20100101 Firefox/155.0","timestamp":"2026-09-13T20:21:57.931Z"} 
[2026-09-13 20:22:02] local.DEBUG: [vite] hot updated: /resources/js/pages/welcome.tsx {"url":"http://localhost:8000/","user_agent":"Mozilla/5.0 (Windows NT 10.0; Win64; x64; rv:155.0) Gecko/20100101 Firefox/155.0","timestamp":"2026-09-13T20:22:02.652Z"} 
[2026-09-13 20:22:02] local.DEBUG: [vite] hot updated: /resources/css/app.css {"url":"http://localhost:8000/","user_agent":"Mozilla/5.0 (Windows NT 10.0; Win64; x64; rv:155.0) Gecko/20100101 Firefox/155.0","timestamp":"2026-09-13T20:22:02.652Z"} 
[2026-09-13 20:22:11] local.DEBUG: [vite] hot updated: /resources/js/pages/welcome.tsx {"url":"http://localhost:8000/","user_agent":"Mozilla/5.0 (Windows NT 10.0; Win64; x64; rv:155.0) Gecko/20100101 Firefox/155.0","timestamp":"2026-09-13T20:22:11.150Z"} 
[2026-09-13 20:22:11] local.DEBUG: [vite] hot updated: /resources/css/app.css {"url":"http://localhost:8000/","user_agent":"Mozilla/5.0 (Windows NT 10.0; Win64; x64; rv:155.0) Gecko/20100101 Firefox/155.0","timestamp":"2026-09-13T20:22:11.150Z"} 
[2026-09-13 20:22:27] local.DEBUG: [vite] hot updated: /resources/js/pages/welcome.tsx {"url":"http://localhost:8000/","user_agent":"Mozilla/5.0 (Windows NT 10.0; Win64; x64; rv:155.0) Gecko/20100101 Firefox/155.0","timestamp":"2026-09-13T20:22:27.493Z"} 
[2026-09-13 20:22:27] local.DEBUG: [vite] hot updated: /resources/css/app.css {"url":"http://localhost:8000/","user_agent":"Mozilla/5.0 (Windows NT 10.0; Win64; x64; rv:155.0) Gecko/20100101 Firefox/155.0","timestamp":"2026-09-13T20:22:27.493Z"} 
[2026-09-13 20:22:53] local.DEBUG: [vite] hot updated: /resources/js/pages/welcome.tsx {"url":"http://localhost:8000/","user_agent":"Mozilla/5.0 (Windows NT 10.0; Win64; x64; rv:155.0) Gecko/20100101 Firefox/155.0","timestamp":"2026-09-13T20:22:53.071Z"} 
[2026-09-13 20:22:53] local.DEBUG: [vite] hot updated: /resources/css/app.css {"url":"http://localhost:8000/","user_agent":"Mozilla/5.0 (Windows NT 10.0; Win64; x64; rv:155.0) Gecko/20100101 Firefox/155.0","timestamp":"2026-09-13T20:22:53.071Z"} 
[2026-09-13 20:23:04] local.DEBUG: [vite] hot updated: /resources/js/pages/welcome.tsx {"url":"http://localhost:8000/","user_agent":"Mozilla/5.0 (Windows NT 10.0; Win64; x64; rv:155.0) Gecko/20100101 Firefox/155.0","timestamp":"2026-09-13T20:23:03.840Z"} 
[2026-09-13 20:23:04] local.DEBUG: [vite] hot updated: /resources/css/app.css {"url":"http://localhost:8000/","user_agent":"Mozilla/5.0 (Windows NT 10.0; Win64; x64; rv:155.0) Gecko/20100101 Firefox/155.0","timestamp":"2026-09-13T20:23:03.841Z"} 
[2026-09-13 20:23:14] local.DEBUG: [vite] hot updated: /resources/js/pages/welcome.tsx {"url":"http://localhost:8000/","user_agent":"Mozilla/5.0 (Windows NT 10.0; Win64; x64; rv:155.0) Gecko/20100101 Firefox/155.0","timestamp":"2026-09-13T20:23:14.220Z"} 
[2026-09-13 20:23:14] local.DEBUG: [vite] hot updated: /resources/css/app.css {"url":"http://localhost:8000/","user_agent":"Mozilla/5.0 (Windows NT 10.0; Win64; x64; rv:155.0) Gecko/20100101 Firefox/155.0","timestamp":"2026-09-13T20:23:14.220Z"} 
[2026-09-13 20:23:27] local.DEBUG: [vite] hot updated: /resources/js/pages/welcome.tsx {"url":"http://localhost:8000/","user_agent":"Mozilla/5.0 (Windows NT 10.0; Win64; x64; rv:155.0) Gecko/20100101 Firefox/155.0","timestamp":"2026-09-13T20:23:27.176Z"} 
[2026-09-13 20:23:27] local.DEBUG: [vite] hot updated: /resources/css/app.css {"url":"http://localhost:8000/","user_agent":"Mozilla/5.0 (Windows NT 10.0; Win64; x64; rv:155.0) Gecko/20100101 Firefox/155.0","timestamp":"2026-09-13T20:23:27.176Z"} 
[2026-09-13 20:23:38] local.DEBUG: [vite] hot updated: /resources/js/pages/welcome.tsx {"url":"http://localhost:8000/","user_agent":"Mozilla/5.0 (Windows NT 10.0; Win64; x64; rv:155.0) Gecko/20100101 Firefox/155.0","timestamp":"2026-09-13T20:23:38.323Z"} 
[2026-09-13 20:23:38] local.DEBUG: [vite] hot updated: /resources/css/app.css {"url":"http://localhost:8000/","user_agent":"Mozilla/5.0 (Windows NT 10.0; Win64; x64; rv:155.0) Gecko/20100101 Firefox/155.0","timestamp":"2026-09-13T20:23:38.323Z"} 
[2026-09-13 20:24:33] local.DEBUG: [vite] hot updated: /resources/js/pages/welcome.tsx {"url":"http://localhost:8000/","user_agent":"Mozilla/5.0 (Windows NT 10.0; Win64; x64; rv:155.0) Gecko/20100101 Firefox/155.0","timestamp":"2026-09-13T20:24:32.786Z"} 
[2026-09-13 20:24:33] local.DEBUG: [vite] hot updated: /resources/css/app.css {"url":"http://localhost:8000/","user_agent":"Mozilla/5.0 (Windows NT 10.0; Win64; x64; rv:155.0) Gecko/20100101 Firefox/155.0","timestamp":"2026-09-13T20:24:32.786Z"} 
[2026-09-13 20:25:12] local.DEBUG: [vite] hot updated: /resources/js/pages/welcome.tsx {"url":"http://localhost:8000/","user_agent":"Mozilla/5.0 (Windows NT 10.0; Win64; x64; rv:155.0) Gecko/20100101 Firefox/155.0","timestamp":"2026-09-13T20:25:12.401Z"} 
[2026-09-13 20:25:12] local.DEBUG: [vite] hot updated: /resources/css/app.css {"url":"http://localhost:8000/","user_agent":"Mozilla/5.0 (Windows NT 10.0; Win64; x64; rv:155.0) Gecko/20100101 Firefox/155.0","timestamp":"2026-09-13T20:25:12.401Z"} 
[2026-09-13 20:25:14] local.DEBUG: [vite] hot updated: /resources/js/pages/welcome.tsx {"url":"http://localhost:8000/","user_agent":"Mozilla/5.0 (Windows NT 10.0; Win64; x64; rv:155.0) Gecko/20100101 Firefox/155.0","timestamp":"2026-09-13T20:25:14.623Z"} 
[2026-09-13 20:25:14] local.DEBUG: [vite] hot updated: /resources/css/app.css {"url":"http://localhost:8000/","user_agent":"Mozilla/5.0 (Windows NT 10.0; Win64; x64; rv:155.0) Gecko/20100101 Firefox/155.0","timestamp":"2026-09-13T20:25:14.623Z"} 
[2026-09-13 20:25:16] local.DEBUG: [vite] hot updated: /resources/js/pages/welcome.tsx {"url":"http://localhost:8000/","user_agent":"Mozilla/5.0 (Windows NT 10.0; Win64; x64; rv:155.0) Gecko/20100101 Firefox/155.0","timestamp":"2026-09-13T20:25:16.445Z"} 
[2026-09-13 20:25:16] local.DEBUG: [vite] hot updated: /resources/css/app.css {"url":"http://localhost:8000/","user_agent":"Mozilla/5.0 (Windows NT 10.0; Win64; x64; rv:155.0) Gecko/20100101 Firefox/155.0","timestamp":"2026-09-13T20:25:16.445Z"} 
[2026-09-13 20:25:21] local.DEBUG: [vite] hot updated: /resources/js/pages/welcome.tsx {"url":"http://localhost:8000/","user_agent":"Mozilla/5.0 (Windows NT 10.0; Win64; x64; rv:155.0) Gecko/20100101 Firefox/155.0","timestamp":"2026-09-13T20:25:20.798Z"} 
[2026-09-13 20:25:21] local.DEBUG: [vite] hot updated: /resources/css/app.css {"url":"http://localhost:8000/","user_agent":"Mozilla/5.0 (Windows NT 10.0; Win64; x64; rv:155.0) Gecko/20100101 Firefox/155.0","timestamp":"2026-09-13T20:25:20.798Z"} 
[2026-09-13 20:25:25] local.DEBUG: [vite] hot updated: /resources/js/pages/welcome.tsx {"url":"http://localhost:8000/","user_agent":"Mozilla/5.0 (Windows NT 10.0; Win64; x64; rv:155.0) Gecko/20100101 Firefox/155.0","timestamp":"2026-09-13T20:25:25.510Z"} 
[2026-09-13 20:25:25] local.DEBUG: [vite] hot updated: /resources/css/app.css {"url":"http://localhost:8000/","user_agent":"Mozilla/5.0 (Windows NT 10.0; Win64; x64; rv:155.0) Gecko/20100101 Firefox/155.0","timestamp":"2026-09-13T20:25:25.510Z"} 
[2026-09-13 20:25:57] local.DEBUG: [vite] hot updated: /resources/js/pages/welcome.tsx {"url":"http://localhost:8000/","user_agent":"Mozilla/5.0 (Windows NT 10.0; Win64; x64; rv:155.0) Gecko/20100101 Firefox/155.0","timestamp":"2026-09-13T20:25:56.985Z"} 
[2026-09-13 20:25:57] local.DEBUG: [vite] hot updated: /resources/css/app.css {"url":"http://localhost:8000/","user_agent":"Mozilla/5.0 (Windows NT 10.0; Win64; x64; rv:155.0) Gecko/20100101 Firefox/155.0","timestamp":"2026-09-13T20:25:56.985Z"} 
[2026-09-13 20:26:05] local.DEBUG: [vite] hot updated: /resources/js/pages/welcome.tsx {"url":"http://localhost:8000/","user_agent":"Mozilla/5.0 (Windows NT 10.0; Win64; x64; rv:155.0) Gecko/20100101 Firefox/155.0","timestamp":"2026-09-13T20:26:05.242Z"} 
[2026-09-13 20:26:05] local.DEBUG: [vite] hot updated: /resources/css/app.css {"url":"http://localhost:8000/","user_agent":"Mozilla/5.0 (Windows NT 10.0; Win64; x64; rv:155.0) Gecko/20100101 Firefox/155.0","timestamp":"2026-09-13T20:26:05.242Z"} 
[2026-09-13 20:26:14] local.DEBUG: [vite] hot updated: /resources/js/pages/welcome.tsx {"url":"http://localhost:8000/","user_agent":"Mozilla/5.0 (Windows NT 10.0; Win64; x64; rv:155.0) Gecko/20100101 Firefox/155.0","timestamp":"2026-09-13T20:26:14.125Z"} 
[2026-09-13 20:26:14] local.DEBUG: [vite] hot updated: /resources/css/app.css {"url":"http://localhost:8000/","user_agent":"Mozilla/5.0 (Windows NT 10.0; Win64; x64; rv:155.0) Gecko/20100101 Firefox/155.0","timestamp":"2026-09-13T20:26:14.125Z"} 
[2026-09-13 20:26:26] local.DEBUG: [vite] hot updated: /resources/js/pages/welcome.tsx {"url":"http://localhost:8000/","user_agent":"Mozilla/5.0 (Windows NT 10.0; Win64; x64; rv:155.0) Gecko/20100101 Firefox/155.0","timestamp":"2026-09-13T20:26:26.477Z"} 
[2026-09-13 20:26:26] local.DEBUG: [vite] hot updated: /resources/css/app.css {"url":"http://localhost:8000/","user_agent":"Mozilla/5.0 (Windows NT 10.0; Win64; x64; rv:155.0) Gecko/20100101 Firefox/155.0","timestamp":"2026-09-13T20:26:26.477Z"} 
[2026-09-13 20:26:44] local.DEBUG: [vite] hot updated: /resources/js/pages/welcome.tsx {"url":"http://localhost:8000/","user_agent":"Mozilla/5.0 (Windows NT 10.0; Win64; x64; rv:155.0) Gecko/20100101 Firefox/155.0","timestamp":"2026-09-13T20:26:44.068Z"} 
[2026-09-13 20:26:44] local.DEBUG: [vite] hot updated: /resources/css/app.css {"url":"http://localhost:8000/","user_agent":"Mozilla/5.0 (Windows NT 10.0; Win64; x64; rv:155.0) Gecko/20100101 Firefox/155.0","timestamp":"2026-09-13T20:26:44.068Z"} 
[2026-09-13 20:27:14] local.DEBUG: [vite] hot updated: /resources/js/pages/welcome.tsx {"url":"http://localhost:8000/","user_agent":"Mozilla/5.0 (Windows NT 10.0; Win64; x64; rv:155.0) Gecko/20100101 Firefox/155.0","timestamp":"2026-09-13T20:27:14.314Z"} 
[2026-09-13 20:27:14] local.DEBUG: [vite] hot updated: /resources/css/app.css {"url":"http://localhost:8000/","user_agent":"Mozilla/5.0 (Windows NT 10.0; Win64; x64; rv:155.0) Gecko/20100101 Firefox/155.0","timestamp":"2026-09-13T20:27:14.314Z"} 
[2026-09-13 20:28:54] local.DEBUG: [vite] hot updated: /resources/js/pages/welcome.tsx {"url":"http://localhost:8000/","user_agent":"Mozilla/5.0 (Windows NT 10.0; Win64; x64; rv:155.0) Gecko/20100101 Firefox/155.0","timestamp":"2026-09-13T20:28:54.298Z"} 
[2026-09-13 20:28:54] local.DEBUG: [vite] hot updated: /resources/css/app.css {"url":"http://localhost:8000/","user_agent":"Mozilla/5.0 (Windows NT 10.0; Win64; x64; rv:155.0) Gecko/20100101 Firefox/155.0","timestamp":"2026-09-13T20:28:54.298Z"} 
[2026-09-13 20:28:54] local.ERROR: ReferenceError: LandingBanner01 is not defined http://[::1]:5173/resources/js/pages/welcome.tsx?t=1789331334241 157 13 ReferenceError LandingBanner01 is not defined Welcome@http://[::1]:5173/resources/js/pages/welcome.tsx?t=1789331334241:157:13
react-stack-bottom-frame@http://[::1]:5173/node_modules/.vite/deps/react-dom_client.js?v=024a2c6e:16192:20
renderWithHooks@http://[::1]:5173/node_modules/.vite/deps/react-dom_client.js?v=024a2c6e:4306:42
updateFunctionComponent@http://[::1]:5173/node_modules/.vite/deps/react-dom_client.js?v=024a2c6e:5972:21
beginWork@http://[::1]:5173/node_modules/.vite/deps/react-dom_client.js?v=024a2c6e:7048:20
runWithFiberInDEV@http://[::1]:5173/node_modules/.vite/deps/react-dom_client.js?v=024a2c6e:726:18
performUnitOfWork@http://[::1]:5173/node_modules/.vite/deps/react-dom_client.js?v=024a2c6e:10831:98
workLoopSync@http://[::1]:5173/node_modules/.vite/deps/react-dom_client.js?v=024a2c6e:10692:60
renderRootSync@http://[::1]:5173/node_modules/.vite/deps/react-dom_client.js?v=024a2c6e:10675:13
performWorkOnRoot@http://[::1]:5173/node_modules/.vite/deps/react-dom_client.js?v=024a2c6e:10323:46
performSyncWorkOnRoot@http://[::1]:5173/node_modules/.vite/deps/react-dom_client.js?v=024a2c6e:11448:26
flushSyncWorkAcrossRoots_impl@http://[::1]:5173/node_modules/.vite/deps/react-dom_client.js?v=024a2c6e:11356:122
flushSyncWork$1@http://[::1]:5173/node_modules/.vite/deps/react-dom_client.js?v=024a2c6e:10533:86
scheduleRefresh@http://[::1]:5173/node_modules/.vite/deps/react-dom_client.js?v=024a2c6e:381:11
performReactRefresh/<@http://[::1]:5173/@react-refresh:188:21
performReactRefresh@http://[::1]:5173/@react-refresh:180:30
enqueueUpdate<@http://[::1]:5173/@react-refresh:474:11 {"url":"http://localhost:8000/","user_agent":"Mozilla/5.0 (Windows NT 10.0; Win64; x64; rv:155.0) Gecko/20100101 Firefox/155.0","timestamp":"2026-09-13T20:28:54.317Z"} 
[2026-09-13 20:28:54] local.ERROR: ReferenceError: LandingBanner01 is not defined http://[::1]:5173/resources/js/pages/welcome.tsx?t=1789331334241 157 13 ReferenceError LandingBanner01 is not defined Welcome@http://[::1]:5173/resources/js/pages/welcome.tsx?t=1789331334241:157:13
react-stack-bottom-frame@http://[::1]:5173/node_modules/.vite/deps/react-dom_client.js?v=024a2c6e:16192:20
renderWithHooks@http://[::1]:5173/node_modules/.vite/deps/react-dom_client.js?v=024a2c6e:4306:42
updateFunctionComponent@http://[::1]:5173/node_modules/.vite/deps/react-dom_client.js?v=024a2c6e:5972:21
beginWork@http://[::1]:5173/node_modules/.vite/deps/react-dom_client.js?v=024a2c6e:7048:20
runWithFiberInDEV@http://[::1]:5173/node_modules/.vite/deps/react-dom_client.js?v=024a2c6e:726:18
performUnitOfWork@http://[::1]:5173/node_modules/.vite/deps/react-dom_client.js?v=024a2c6e:10831:98
workLoopSync@http://[::1]:5173/node_modules/.vite/deps/react-dom_client.js?v=024a2c6e:10692:60
renderRootSync@http://[::1]:5173/node_modules/.vite/deps/react-dom_client.js?v=024a2c6e:10675:13
performWorkOnRoot@http://[::1]:5173/node_modules/.vite/deps/react-dom_client.js?v=024a2c6e:10323:46
performSyncWorkOnRoot@http://[::1]:5173/node_modules/.vite/deps/react-dom_client.js?v=024a2c6e:11448:26
flushSyncWorkAcrossRoots_impl@http://[::1]:5173/node_modules/.vite/deps/react-dom_client.js?v=024a2c6e:11356:122
flushSyncWork$1@http://[::1]:5173/node_modules/.vite/deps/react-dom_client.js?v=024a2c6e:10533:86
scheduleRefresh@http://[::1]:5173/node_modules/.vite/deps/react-dom_client.js?v=024a2c6e:381:11
performReactRefresh/<@http://[::1]:5173/@react-refresh:188:21
performReactRefresh@http://[::1]:5173/@react-refresh:180:30
enqueueUpdate<@http://[::1]:5173/@react-refresh:474:11 {"url":"http://localhost:8000/","user_agent":"Mozilla/5.0 (Windows NT 10.0; Win64; x64; rv:155.0) Gecko/20100101 Firefox/155.0","timestamp":"2026-09-13T20:28:54.317Z"} 
[2026-09-13 20:28:54] local.WARNING: %s

%s An error occurred in the <Welcome> component. Consider adding an error boundary to your tree to customize error handling behavior.
Visit https://react.dev/link/error-boundaries to learn more about error boundaries. {"url":"http://localhost:8000/","user_agent":"Mozilla/5.0 (Windows NT 10.0; Win64; x64; rv:155.0) Gecko/20100101 Firefox/155.0","timestamp":"2026-09-13T20:28:54.317Z"} 
[2026-09-13 20:29:25] local.DEBUG: [vite] hot updated: /resources/js/pages/welcome.tsx {"url":"http://localhost:8000/","user_agent":"Mozilla/5.0 (Windows NT 10.0; Win64; x64; rv:155.0) Gecko/20100101 Firefox/155.0","timestamp":"2026-09-13T20:29:20.848Z"} 
[2026-09-13 20:29:25] local.DEBUG: [vite] hot updated: /resources/css/app.css {"url":"http://localhost:8000/","user_agent":"Mozilla/5.0 (Windows NT 10.0; Win64; x64; rv:155.0) Gecko/20100101 Firefox/155.0","timestamp":"2026-09-13T20:29:20.848Z"} 
[2026-09-13 20:29:25] local.DEBUG: [vite] connecting... {"url":"http://localhost:8000/","user_agent":"Mozilla/5.0 (Windows NT 10.0; Win64; x64; rv:155.0) Gecko/20100101 Firefox/155.0","timestamp":"2026-09-13T20:29:25.229Z"} 
[2026-09-13 20:29:25] local.INFO: %cDownload the React DevTools for a better development experience: https://react.dev/link/react-devtools font-weight:bold {"url":"http://localhost:8000/","user_agent":"Mozilla/5.0 (Windows NT 10.0; Win64; x64; rv:155.0) Gecko/20100101 Firefox/155.0","timestamp":"2026-09-13T20:29:25.240Z"} 
[2026-09-13 20:29:25] local.DEBUG: [vite] connected. {"url":"http://localhost:8000/","user_agent":"Mozilla/5.0 (Windows NT 10.0; Win64; x64; rv:155.0) Gecko/20100101 Firefox/155.0","timestamp":"2026-09-13T20:29:25.249Z"} 
[2026-09-13 20:29:37] local.DEBUG: [vite] hot updated: /resources/js/pages/welcome.tsx {"url":"http://localhost:8000/","user_agent":"Mozilla/5.0 (Windows NT 10.0; Win64; x64; rv:155.0) Gecko/20100101 Firefox/155.0","timestamp":"2026-09-13T20:29:37.411Z"} 
[2026-09-13 20:29:37] local.DEBUG: [vite] hot updated: /resources/css/app.css {"url":"http://localhost:8000/","user_agent":"Mozilla/5.0 (Windows NT 10.0; Win64; x64; rv:155.0) Gecko/20100101 Firefox/155.0","timestamp":"2026-09-13T20:29:37.411Z"} 
[2026-09-13 20:30:04] local.DEBUG: [vite] hot updated: /resources/js/pages/welcome.tsx {"url":"http://localhost:8000/","user_agent":"Mozilla/5.0 (Windows NT 10.0; Win64; x64; rv:155.0) Gecko/20100101 Firefox/155.0","timestamp":"2026-09-13T20:30:03.791Z"} 
[2026-09-13 20:30:04] local.DEBUG: [vite] hot updated: /resources/css/app.css {"url":"http://localhost:8000/","user_agent":"Mozilla/5.0 (Windows NT 10.0; Win64; x64; rv:155.0) Gecko/20100101 Firefox/155.0","timestamp":"2026-09-13T20:30:03.791Z"} 
[2026-09-13 20:30:40] local.DEBUG: [vite] hot updated: /resources/js/pages/welcome.tsx {"url":"http://localhost:8000/","user_agent":"Mozilla/5.0 (Windows NT 10.0; Win64; x64; rv:155.0) Gecko/20100101 Firefox/155.0","timestamp":"2026-09-13T20:30:40.373Z"} 
[2026-09-13 20:30:40] local.DEBUG: [vite] hot updated: /resources/css/app.css {"url":"http://localhost:8000/","user_agent":"Mozilla/5.0 (Windows NT 10.0; Win64; x64; rv:155.0) Gecko/20100101 Firefox/155.0","timestamp":"2026-09-13T20:30:40.373Z"} 
[2026-09-13 20:30:53] local.DEBUG: [vite] hot updated: /resources/js/pages/welcome.tsx {"url":"http://localhost:8000/","user_agent":"Mozilla/5.0 (Windows NT 10.0; Win64; x64; rv:155.0) Gecko/20100101 Firefox/155.0","timestamp":"2026-09-13T20:30:53.693Z"} 
[2026-09-13 20:30:53] local.DEBUG: [vite] hot updated: /resources/css/app.css {"url":"http://localhost:8000/","user_agent":"Mozilla/5.0 (Windows NT 10.0; Win64; x64; rv:155.0) Gecko/20100101 Firefox/155.0","timestamp":"2026-09-13T20:30:53.693Z"} 
[2026-09-13 20:30:56] local.DEBUG: [vite] connecting... {"url":"http://localhost:8000/","user_agent":"Mozilla/5.0 (Windows NT 10.0; Win64; x64; rv:155.0) Gecko/20100101 Firefox/155.0","timestamp":"2026-09-13T20:30:55.902Z"} 
[2026-09-13 20:30:56] local.DEBUG: [vite] connected. {"url":"http://localhost:8000/","user_agent":"Mozilla/5.0 (Windows NT 10.0; Win64; x64; rv:155.0) Gecko/20100101 Firefox/155.0","timestamp":"2026-09-13T20:30:55.912Z"} 
[2026-09-13 20:30:56] local.INFO: %cDownload the React DevTools for a better development experience: https://react.dev/link/react-devtools font-weight:bold {"url":"http://localhost:8000/","user_agent":"Mozilla/5.0 (Windows NT 10.0; Win64; x64; rv:155.0) Gecko/20100101 Firefox/155.0","timestamp":"2026-09-13T20:30:55.917Z"} 
[2026-09-13 20:31:02] local.DEBUG: [vite] hot updated: /resources/js/pages/welcome.tsx {"url":"http://localhost:8000/","user_agent":"Mozilla/5.0 (Windows NT 10.0; Win64; x64; rv:155.0) Gecko/20100101 Firefox/155.0","timestamp":"2026-09-13T20:31:02.214Z"} 
[2026-09-13 20:31:02] local.DEBUG: [vite] hot updated: /resources/css/app.css {"url":"http://localhost:8000/","user_agent":"Mozilla/5.0 (Windows NT 10.0; Win64; x64; rv:155.0) Gecko/20100101 Firefox/155.0","timestamp":"2026-09-13T20:31:02.214Z"} 
[2026-09-13 20:31:04] local.DEBUG: [vite] connecting... {"url":"http://localhost:8000/","user_agent":"Mozilla/5.0 (Windows NT 10.0; Win64; x64; rv:155.0) Gecko/20100101 Firefox/155.0","timestamp":"2026-09-13T20:31:03.920Z"} 
[2026-09-13 20:31:04] local.INFO: %cDownload the React DevTools for a better development experience: https://react.dev/link/react-devtools font-weight:bold {"url":"http://localhost:8000/","user_agent":"Mozilla/5.0 (Windows NT 10.0; Win64; x64; rv:155.0) Gecko/20100101 Firefox/155.0","timestamp":"2026-09-13T20:31:03.930Z"} 
[2026-09-13 20:31:04] local.DEBUG: [vite] connected. {"url":"http://localhost:8000/","user_agent":"Mozilla/5.0 (Windows NT 10.0; Win64; x64; rv:155.0) Gecko/20100101 Firefox/155.0","timestamp":"2026-09-13T20:31:03.932Z"} 
[2026-09-13 20:31:29] local.DEBUG: [vite] hot updated: /resources/js/pages/welcome.tsx {"url":"http://localhost:8000/","user_agent":"Mozilla/5.0 (Windows NT 10.0; Win64; x64; rv:155.0) Gecko/20100101 Firefox/155.0","timestamp":"2026-09-13T20:31:25.893Z"} 
[2026-09-13 20:31:29] local.DEBUG: [vite] hot updated: /resources/css/app.css {"url":"http://localhost:8000/","user_agent":"Mozilla/5.0 (Windows NT 10.0; Win64; x64; rv:155.0) Gecko/20100101 Firefox/155.0","timestamp":"2026-09-13T20:31:25.893Z"} 
[2026-09-13 20:31:29] local.DEBUG: [vite] hot updated: /resources/js/pages/welcome.tsx {"url":"http://localhost:8000/","user_agent":"Mozilla/5.0 (Windows NT 10.0; Win64; x64; rv:155.0) Gecko/20100101 Firefox/155.0","timestamp":"2026-09-13T20:31:28.675Z"} 
[2026-09-13 20:31:29] local.DEBUG: [vite] hot updated: /resources/css/app.css {"url":"http://localhost:8000/","user_agent":"Mozilla/5.0 (Windows NT 10.0; Win64; x64; rv:155.0) Gecko/20100101 Firefox/155.0","timestamp":"2026-09-13T20:31:28.675Z"} 
[2026-09-13 20:31:32] local.DEBUG: [vite] connecting... {"url":"http://localhost:8000/","user_agent":"Mozilla/5.0 (Windows NT 10.0; Win64; x64; rv:155.0) Gecko/20100101 Firefox/155.0","timestamp":"2026-09-13T20:31:29.929Z"} 
[2026-09-13 20:31:32] local.INFO: %cDownload the React DevTools for a better development experience: https://react.dev/link/react-devtools font-weight:bold {"url":"http://localhost:8000/","user_agent":"Mozilla/5.0 (Windows NT 10.0; Win64; x64; rv:155.0) Gecko/20100101 Firefox/155.0","timestamp":"2026-09-13T20:31:29.943Z"} 
[2026-09-13 20:31:32] local.DEBUG: [vite] connected. {"url":"http://localhost:8000/","user_agent":"Mozilla/5.0 (Windows NT 10.0; Win64; x64; rv:155.0) Gecko/20100101 Firefox/155.0","timestamp":"2026-09-13T20:31:29.945Z"} 
[2026-09-13 20:32:16] local.DEBUG: [vite] hot updated: /resources/js/pages/welcome.tsx {"url":"http://localhost:8000/","user_agent":"Mozilla/5.0 (Windows NT 10.0; Win64; x64; rv:155.0) Gecko/20100101 Firefox/155.0","timestamp":"2026-09-13T20:32:16.473Z"} 
[2026-09-13 20:32:16] local.DEBUG: [vite] hot updated: /resources/css/app.css {"url":"http://localhost:8000/","user_agent":"Mozilla/5.0 (Windows NT 10.0; Win64; x64; rv:155.0) Gecko/20100101 Firefox/155.0","timestamp":"2026-09-13T20:32:16.473Z"} 
[2026-09-13 20:32:19] local.DEBUG: [vite] hot updated: /resources/js/pages/welcome.tsx {"url":"http://localhost:8000/","user_agent":"Mozilla/5.0 (Windows NT 10.0; Win64; x64; rv:155.0) Gecko/20100101 Firefox/155.0","timestamp":"2026-09-13T20:32:19.339Z"} 
[2026-09-13 20:32:19] local.DEBUG: [vite] hot updated: /resources/css/app.css {"url":"http://localhost:8000/","user_agent":"Mozilla/5.0 (Windows NT 10.0; Win64; x64; rv:155.0) Gecko/20100101 Firefox/155.0","timestamp":"2026-09-13T20:32:19.339Z"} 
[2026-09-13 20:32:35] local.DEBUG: [vite] hot updated: /resources/js/pages/welcome.tsx {"url":"http://localhost:8000/","user_agent":"Mozilla/5.0 (Windows NT 10.0; Win64; x64; rv:155.0) Gecko/20100101 Firefox/155.0","timestamp":"2026-09-13T20:32:35.524Z"} 
[2026-09-13 20:32:35] local.DEBUG: [vite] hot updated: /resources/css/app.css {"url":"http://localhost:8000/","user_agent":"Mozilla/5.0 (Windows NT 10.0; Win64; x64; rv:155.0) Gecko/20100101 Firefox/155.0","timestamp":"2026-09-13T20:32:35.524Z"} 
[2026-09-13 20:32:54] local.DEBUG: [vite] hot updated: /resources/js/pages/welcome.tsx {"url":"http://localhost:8000/","user_agent":"Mozilla/5.0 (Windows NT 10.0; Win64; x64; rv:155.0) Gecko/20100101 Firefox/155.0","timestamp":"2026-09-13T20:32:54.217Z"} 
[2026-09-13 20:32:54] local.DEBUG: [vite] hot updated: /resources/css/app.css {"url":"http://localhost:8000/","user_agent":"Mozilla/5.0 (Windows NT 10.0; Win64; x64; rv:155.0) Gecko/20100101 Firefox/155.0","timestamp":"2026-09-13T20:32:54.217Z"} 
[2026-09-13 20:32:54] local.ERROR: ReferenceError: LandingBanner02 is not defined http://[::1]:5173/resources/js/pages/welcome.tsx?t=1789331574166 205 13 ReferenceError LandingBanner02 is not defined Welcome@http://[::1]:5173/resources/js/pages/welcome.tsx?t=1789331574166:205:13
react-stack-bottom-frame@http://[::1]:5173/node_modules/.vite/deps/react-dom_client.js?v=024a2c6e:16192:20
renderWithHooks@http://[::1]:5173/node_modules/.vite/deps/react-dom_client.js?v=024a2c6e:4306:42
updateFunctionComponent@http://[::1]:5173/node_modules/.vite/deps/react-dom_client.js?v=024a2c6e:5972:21
beginWork@http://[::1]:5173/node_modules/.vite/deps/react-dom_client.js?v=024a2c6e:7048:20
runWithFiberInDEV@http://[::1]:5173/node_modules/.vite/deps/react-dom_client.js?v=024a2c6e:726:18
performUnitOfWork@http://[::1]:5173/node_modules/.vite/deps/react-dom_client.js?v=024a2c6e:10831:98
workLoopSync@http://[::1]:5173/node_modules/.vite/deps/react-dom_client.js?v=024a2c6e:10692:60
renderRootSync@http://[::1]:5173/node_modules/.vite/deps/react-dom_client.js?v=024a2c6e:10675:13
performWorkOnRoot@http://[::1]:5173/node_modules/.vite/deps/react-dom_client.js?v=024a2c6e:10323:46
performSyncWorkOnRoot@http://[::1]:5173/node_modules/.vite/deps/react-dom_client.js?v=024a2c6e:11448:26
flushSyncWorkAcrossRoots_impl@http://[::1]:5173/node_modules/.vite/deps/react-dom_client.js?v=024a2c6e:11356:122
flushSyncWork$1@http://[::1]:5173/node_modules/.vite/deps/react-dom_client.js?v=024a2c6e:10533:86
scheduleRefresh@http://[::1]:5173/node_modules/.vite/deps/react-dom_client.js?v=024a2c6e:381:11
performReactRefresh/<@http://[::1]:5173/@react-refresh:188:21
performReactRefresh@http://[::1]:5173/@react-refresh:180:30
enqueueUpdate<@http://[::1]:5173/@react-refresh:474:11 {"url":"http://localhost:8000/","user_agent":"Mozilla/5.0 (Windows NT 10.0; Win64; x64; rv:155.0) Gecko/20100101 Firefox/155.0","timestamp":"2026-09-13T20:32:54.234Z"} 
[2026-09-13 20:32:54] local.ERROR: ReferenceError: LandingBanner02 is not defined http://[::1]:5173/resources/js/pages/welcome.tsx?t=1789331574166 205 13 ReferenceError LandingBanner02 is not defined Welcome@http://[::1]:5173/resources/js/pages/welcome.tsx?t=1789331574166:205:13
react-stack-bottom-frame@http://[::1]:5173/node_modules/.vite/deps/react-dom_client.js?v=024a2c6e:16192:20
renderWithHooks@http://[::1]:5173/node_modules/.vite/deps/react-dom_client.js?v=024a2c6e:4306:42
updateFunctionComponent@http://[::1]:5173/node_modules/.vite/deps/react-dom_client.js?v=024a2c6e:5972:21
beginWork@http://[::1]:5173/node_modules/.vite/deps/react-dom_client.js?v=024a2c6e:7048:20
runWithFiberInDEV@http://[::1]:5173/node_modules/.vite/deps/react-dom_client.js?v=024a2c6e:726:18
performUnitOfWork@http://[::1]:5173/node_modules/.vite/deps/react-dom_client.js?v=024a2c6e:10831:98
workLoopSync@http://[::1]:5173/node_modules/.vite/deps/react-dom_client.js?v=024a2c6e:10692:60
renderRootSync@http://[::1]:5173/node_modules/.vite/deps/react-dom_client.js?v=024a2c6e:10675:13
performWorkOnRoot@http://[::1]:5173/node_modules/.vite/deps/react-dom_client.js?v=024a2c6e:10323:46
performSyncWorkOnRoot@http://[::1]:5173/node_modules/.vite/deps/react-dom_client.js?v=024a2c6e:11448:26
flushSyncWorkAcrossRoots_impl@http://[::1]:5173/node_modules/.vite/deps/react-dom_client.js?v=024a2c6e:11356:122
flushSyncWork$1@http://[::1]:5173/node_modules/.vite/deps/react-dom_client.js?v=024a2c6e:10533:86
scheduleRefresh@http://[::1]:5173/node_modules/.vite/deps/react-dom_client.js?v=024a2c6e:381:11
performReactRefresh/<@http://[::1]:5173/@react-refresh:188:21
performReactRefresh@http://[::1]:5173/@react-refresh:180:30
enqueueUpdate<@http://[::1]:5173/@react-refresh:474:11 {"url":"http://localhost:8000/","user_agent":"Mozilla/5.0 (Windows NT 10.0; Win64; x64; rv:155.0) Gecko/20100101 Firefox/155.0","timestamp":"2026-09-13T20:32:54.234Z"} 
[2026-09-13 20:32:54] local.WARNING: %s

%s An error occurred in the <Welcome> component. Consider adding an error boundary to your tree to customize error handling behavior.
Visit https://react.dev/link/error-boundaries to learn more about error boundaries. {"url":"http://localhost:8000/","user_agent":"Mozilla/5.0 (Windows NT 10.0; Win64; x64; rv:155.0) Gecko/20100101 Firefox/155.0","timestamp":"2026-09-13T20:32:54.234Z"} 
[2026-09-13 20:33:08] local.DEBUG: [vite] hot updated: /resources/js/pages/welcome.tsx {"url":"http://localhost:8000/","user_agent":"Mozilla/5.0 (Windows NT 10.0; Win64; x64; rv:155.0) Gecko/20100101 Firefox/155.0","timestamp":"2026-09-13T20:33:08.412Z"} 
[2026-09-13 20:33:08] local.DEBUG: [vite] hot updated: /resources/css/app.css {"url":"http://localhost:8000/","user_agent":"Mozilla/5.0 (Windows NT 10.0; Win64; x64; rv:155.0) Gecko/20100101 Firefox/155.0","timestamp":"2026-09-13T20:33:08.412Z"} 
[2026-09-13 20:33:51] local.DEBUG: [vite] hot updated: /resources/js/pages/welcome.tsx {"url":"http://localhost:8000/","user_agent":"Mozilla/5.0 (Windows NT 10.0; Win64; x64; rv:155.0) Gecko/20100101 Firefox/155.0","timestamp":"2026-09-13T20:33:51.011Z"} 
[2026-09-13 20:33:51] local.DEBUG: [vite] hot updated: /resources/css/app.css {"url":"http://localhost:8000/","user_agent":"Mozilla/5.0 (Windows NT 10.0; Win64; x64; rv:155.0) Gecko/20100101 Firefox/155.0","timestamp":"2026-09-13T20:33:51.011Z"} 
[2026-09-13 20:34:13] local.DEBUG: [vite] hot updated: /resources/js/pages/welcome.tsx {"url":"http://localhost:8000/","user_agent":"Mozilla/5.0 (Windows NT 10.0; Win64; x64; rv:155.0) Gecko/20100101 Firefox/155.0","timestamp":"2026-09-13T20:34:11.099Z"} 
[2026-09-13 20:34:13] local.DEBUG: [vite] hot updated: /resources/css/app.css {"url":"http://localhost:8000/","user_agent":"Mozilla/5.0 (Windows NT 10.0; Win64; x64; rv:155.0) Gecko/20100101 Firefox/155.0","timestamp":"2026-09-13T20:34:11.099Z"} 
[2026-09-13 20:34:14] local.DEBUG: [vite] connecting... {"url":"http://localhost:8000/","user_agent":"Mozilla/5.0 (Windows NT 10.0; Win64; x64; rv:155.0) Gecko/20100101 Firefox/155.0","timestamp":"2026-09-13T20:34:13.793Z"} 
[2026-09-13 20:34:14] local.INFO: %cDownload the React DevTools for a better development experience: https://react.dev/link/react-devtools font-weight:bold {"url":"http://localhost:8000/","user_agent":"Mozilla/5.0 (Windows NT 10.0; Win64; x64; rv:155.0) Gecko/20100101 Firefox/155.0","timestamp":"2026-09-13T20:34:13.805Z"} 
[2026-09-13 20:34:14] local.DEBUG: [vite] connected. {"url":"http://localhost:8000/","user_agent":"Mozilla/5.0 (Windows NT 10.0; Win64; x64; rv:155.0) Gecko/20100101 Firefox/155.0","timestamp":"2026-09-13T20:34:13.808Z"} 
[2026-09-13 20:39:28] local.DEBUG: [vite] hot updated: /resources/js/pages/welcome.tsx {"url":"http://localhost:8000/","user_agent":"Mozilla/5.0 (Windows NT 10.0; Win64; x64; rv:155.0) Gecko/20100101 Firefox/155.0","timestamp":"2026-09-13T20:39:27.793Z"} 
[2026-09-13 20:39:28] local.DEBUG: [vite] hot updated: /resources/css/app.css {"url":"http://localhost:8000/","user_agent":"Mozilla/5.0 (Windows NT 10.0; Win64; x64; rv:155.0) Gecko/20100101 Firefox/155.0","timestamp":"2026-09-13T20:39:27.793Z"} 
[2026-09-13 20:39:30] local.DEBUG: [vite] connecting... {"url":"http://localhost:8000/","user_agent":"Mozilla/5.0 (Windows NT 10.0; Win64; x64; rv:155.0) Gecko/20100101 Firefox/155.0","timestamp":"2026-09-13T20:39:30.237Z"} 
[2026-09-13 20:39:30] local.INFO: %cDownload the React DevTools for a better development experience: https://react.dev/link/react-devtools font-weight:bold {"url":"http://localhost:8000/","user_agent":"Mozilla/5.0 (Windows NT 10.0; Win64; x64; rv:155.0) Gecko/20100101 Firefox/155.0","timestamp":"2026-09-13T20:39:30.253Z"} 
[2026-09-13 20:39:30] local.DEBUG: [vite] connected. {"url":"http://localhost:8000/","user_agent":"Mozilla/5.0 (Windows NT 10.0; Win64; x64; rv:155.0) Gecko/20100101 Firefox/155.0","timestamp":"2026-09-13T20:39:30.255Z"} 
[2026-09-13 20:40:11] local.DEBUG: [vite] hot updated: /resources/js/pages/welcome.tsx {"url":"http://localhost:8000/","user_agent":"Mozilla/5.0 (Windows NT 10.0; Win64; x64; rv:155.0) Gecko/20100101 Firefox/155.0","timestamp":"2026-09-13T20:40:11.426Z"} 
[2026-09-13 20:40:11] local.DEBUG: [vite] hot updated: /resources/css/app.css {"url":"http://localhost:8000/","user_agent":"Mozilla/5.0 (Windows NT 10.0; Win64; x64; rv:155.0) Gecko/20100101 Firefox/155.0","timestamp":"2026-09-13T20:40:11.426Z"} 
[2026-09-13 20:40:19] local.DEBUG: [vite] hot updated: /resources/js/pages/welcome.tsx {"url":"http://localhost:8000/","user_agent":"Mozilla/5.0 (Windows NT 10.0; Win64; x64; rv:155.0) Gecko/20100101 Firefox/155.0","timestamp":"2026-09-13T20:40:19.272Z"} 
[2026-09-13 20:40:19] local.DEBUG: [vite] hot updated: /resources/css/app.css {"url":"http://localhost:8000/","user_agent":"Mozilla/5.0 (Windows NT 10.0; Win64; x64; rv:155.0) Gecko/20100101 Firefox/155.0","timestamp":"2026-09-13T20:40:19.272Z"} 
[2026-09-13 20:40:29] local.DEBUG: [vite] hot updated: /resources/js/pages/welcome.tsx {"url":"http://localhost:8000/","user_agent":"Mozilla/5.0 (Windows NT 10.0; Win64; x64; rv:155.0) Gecko/20100101 Firefox/155.0","timestamp":"2026-09-13T20:40:29.370Z"} 
[2026-09-13 20:40:29] local.DEBUG: [vite] hot updated: /resources/css/app.css {"url":"http://localhost:8000/","user_agent":"Mozilla/5.0 (Windows NT 10.0; Win64; x64; rv:155.0) Gecko/20100101 Firefox/155.0","timestamp":"2026-09-13T20:40:29.370Z"} 
[2026-09-13 20:41:16] local.DEBUG: [vite] hot updated: /resources/js/pages/welcome.tsx {"url":"http://localhost:8000/","user_agent":"Mozilla/5.0 (Windows NT 10.0; Win64; x64; rv:155.0) Gecko/20100101 Firefox/155.0","timestamp":"2026-09-13T20:41:16.224Z"} 
[2026-09-13 20:41:16] local.DEBUG: [vite] hot updated: /resources/css/app.css {"url":"http://localhost:8000/","user_agent":"Mozilla/5.0 (Windows NT 10.0; Win64; x64; rv:155.0) Gecko/20100101 Firefox/155.0","timestamp":"2026-09-13T20:41:16.224Z"} 
[2026-09-13 20:41:50] local.DEBUG: [vite] hot updated: /resources/js/pages/welcome.tsx {"url":"http://localhost:8000/","user_agent":"Mozilla/5.0 (Windows NT 10.0; Win64; x64; rv:155.0) Gecko/20100101 Firefox/155.0","timestamp":"2026-09-13T20:41:50.521Z"} 
[2026-09-13 20:41:50] local.DEBUG: [vite] hot updated: /resources/css/app.css {"url":"http://localhost:8000/","user_agent":"Mozilla/5.0 (Windows NT 10.0; Win64; x64; rv:155.0) Gecko/20100101 Firefox/155.0","timestamp":"2026-09-13T20:41:50.521Z"} 
[2026-09-13 20:42:24] local.DEBUG: [vite] hot updated: /resources/js/pages/welcome.tsx {"url":"http://localhost:8000/","user_agent":"Mozilla/5.0 (Windows NT 10.0; Win64; x64; rv:155.0) Gecko/20100101 Firefox/155.0","timestamp":"2026-09-13T20:42:24.267Z"} 
[2026-09-13 20:42:24] local.DEBUG: [vite] hot updated: /resources/css/app.css {"url":"http://localhost:8000/","user_agent":"Mozilla/5.0 (Windows NT 10.0; Win64; x64; rv:155.0) Gecko/20100101 Firefox/155.0","timestamp":"2026-09-13T20:42:24.267Z"} 
[2026-09-13 20:42:39] local.DEBUG: [vite] hot updated: /resources/js/pages/welcome.tsx {"url":"http://localhost:8000/","user_agent":"Mozilla/5.0 (Windows NT 10.0; Win64; x64; rv:155.0) Gecko/20100101 Firefox/155.0","timestamp":"2026-09-13T20:42:39.756Z"} 
[2026-09-13 20:42:39] local.DEBUG: [vite] hot updated: /resources/css/app.css {"url":"http://localhost:8000/","user_agent":"Mozilla/5.0 (Windows NT 10.0; Win64; x64; rv:155.0) Gecko/20100101 Firefox/155.0","timestamp":"2026-09-13T20:42:39.756Z"} 
[2026-09-13 20:42:54] local.DEBUG: [vite] hot updated: /resources/js/pages/welcome.tsx {"url":"http://localhost:8000/","user_agent":"Mozilla/5.0 (Windows NT 10.0; Win64; x64; rv:155.0) Gecko/20100101 Firefox/155.0","timestamp":"2026-09-13T20:42:54.228Z"} 
[2026-09-13 20:42:54] local.DEBUG: [vite] hot updated: /resources/css/app.css {"url":"http://localhost:8000/","user_agent":"Mozilla/5.0 (Windows NT 10.0; Win64; x64; rv:155.0) Gecko/20100101 Firefox/155.0","timestamp":"2026-09-13T20:42:54.228Z"} 
[2026-09-13 20:43:03] local.DEBUG: [vite] hot updated: /resources/js/pages/welcome.tsx {"url":"http://localhost:8000/","user_agent":"Mozilla/5.0 (Windows NT 10.0; Win64; x64; rv:155.0) Gecko/20100101 Firefox/155.0","timestamp":"2026-09-13T20:43:02.910Z"} 
[2026-09-13 20:43:03] local.DEBUG: [vite] hot updated: /resources/css/app.css {"url":"http://localhost:8000/","user_agent":"Mozilla/5.0 (Windows NT 10.0; Win64; x64; rv:155.0) Gecko/20100101 Firefox/155.0","timestamp":"2026-09-13T20:43:02.910Z"} 
[2026-09-13 20:43:05] local.DEBUG: [vite] hot updated: /resources/js/pages/welcome.tsx {"url":"http://localhost:8000/","user_agent":"Mozilla/5.0 (Windows NT 10.0; Win64; x64; rv:155.0) Gecko/20100101 Firefox/155.0","timestamp":"2026-09-13T20:43:05.231Z"} 
[2026-09-13 20:43:05] local.DEBUG: [vite] hot updated: /resources/css/app.css {"url":"http://localhost:8000/","user_agent":"Mozilla/5.0 (Windows NT 10.0; Win64; x64; rv:155.0) Gecko/20100101 Firefox/155.0","timestamp":"2026-09-13T20:43:05.231Z"} 
[2026-09-13 20:43:24] local.DEBUG: [vite] hot updated: /resources/js/pages/welcome.tsx {"url":"http://localhost:8000/","user_agent":"Mozilla/5.0 (Windows NT 10.0; Win64; x64; rv:155.0) Gecko/20100101 Firefox/155.0","timestamp":"2026-09-13T20:43:23.834Z"} 
[2026-09-13 20:43:24] local.DEBUG: [vite] hot updated: /resources/css/app.css {"url":"http://localhost:8000/","user_agent":"Mozilla/5.0 (Windows NT 10.0; Win64; x64; rv:155.0) Gecko/20100101 Firefox/155.0","timestamp":"2026-09-13T20:43:23.834Z"} 
[2026-09-13 20:43:35] local.DEBUG: [vite] hot updated: /resources/js/pages/welcome.tsx {"url":"http://localhost:8000/","user_agent":"Mozilla/5.0 (Windows NT 10.0; Win64; x64; rv:155.0) Gecko/20100101 Firefox/155.0","timestamp":"2026-09-13T20:43:28.135Z"} 
[2026-09-13 20:43:35] local.DEBUG: [vite] hot updated: /resources/css/app.css {"url":"http://localhost:8000/","user_agent":"Mozilla/5.0 (Windows NT 10.0; Win64; x64; rv:155.0) Gecko/20100101 Firefox/155.0","timestamp":"2026-09-13T20:43:28.135Z"} 
[2026-09-13 20:43:35] local.DEBUG: [vite] hot updated: /resources/js/pages/welcome.tsx {"url":"http://localhost:8000/","user_agent":"Mozilla/5.0 (Windows NT 10.0; Win64; x64; rv:155.0) Gecko/20100101 Firefox/155.0","timestamp":"2026-09-13T20:43:30.964Z"} 
[2026-09-13 20:43:35] local.DEBUG: [vite] hot updated: /resources/css/app.css {"url":"http://localhost:8000/","user_agent":"Mozilla/5.0 (Windows NT 10.0; Win64; x64; rv:155.0) Gecko/20100101 Firefox/155.0","timestamp":"2026-09-13T20:43:30.964Z"} 
[2026-09-13 20:45:12] local.DEBUG: [vite] hot updated: /resources/js/pages/welcome.tsx {"url":"http://localhost:8000/","user_agent":"Mozilla/5.0 (Windows NT 10.0; Win64; x64; rv:155.0) Gecko/20100101 Firefox/155.0","timestamp":"2026-09-13T20:45:11.854Z"} 
[2026-09-13 20:45:12] local.DEBUG: [vite] hot updated: /resources/css/app.css {"url":"http://localhost:8000/","user_agent":"Mozilla/5.0 (Windows NT 10.0; Win64; x64; rv:155.0) Gecko/20100101 Firefox/155.0","timestamp":"2026-09-13T20:45:11.854Z"} 
[2026-09-13 20:45:34] local.DEBUG: [vite] hot updated: /resources/js/pages/welcome.tsx {"url":"http://localhost:8000/","user_agent":"Mozilla/5.0 (Windows NT 10.0; Win64; x64; rv:155.0) Gecko/20100101 Firefox/155.0","timestamp":"2026-09-13T20:45:34.075Z"} 
[2026-09-13 20:45:34] local.DEBUG: [vite] hot updated: /resources/css/app.css {"url":"http://localhost:8000/","user_agent":"Mozilla/5.0 (Windows NT 10.0; Win64; x64; rv:155.0) Gecko/20100101 Firefox/155.0","timestamp":"2026-09-13T20:45:34.075Z"} 
[2026-09-13 20:45:49] local.DEBUG: [vite] hot updated: /resources/js/pages/welcome.tsx {"url":"http://localhost:8000/","user_agent":"Mozilla/5.0 (Windows NT 10.0; Win64; x64; rv:155.0) Gecko/20100101 Firefox/155.0","timestamp":"2026-09-13T20:45:48.943Z"} 
[2026-09-13 20:45:49] local.DEBUG: [vite] hot updated: /resources/css/app.css {"url":"http://localhost:8000/","user_agent":"Mozilla/5.0 (Windows NT 10.0; Win64; x64; rv:155.0) Gecko/20100101 Firefox/155.0","timestamp":"2026-09-13T20:45:48.943Z"} 
[2026-09-13 20:46:24] local.DEBUG: [vite] hot updated: /resources/js/pages/welcome.tsx {"url":"http://localhost:8000/","user_agent":"Mozilla/5.0 (Windows NT 10.0; Win64; x64; rv:155.0) Gecko/20100101 Firefox/155.0","timestamp":"2026-09-13T20:46:24.268Z"} 
[2026-09-13 20:46:24] local.DEBUG: [vite] hot updated: /resources/css/app.css {"url":"http://localhost:8000/","user_agent":"Mozilla/5.0 (Windows NT 10.0; Win64; x64; rv:155.0) Gecko/20100101 Firefox/155.0","timestamp":"2026-09-13T20:46:24.268Z"} 
[2026-09-13 20:46:37] local.DEBUG: [vite] hot updated: /resources/js/pages/welcome.tsx {"url":"http://localhost:8000/","user_agent":"Mozilla/5.0 (Windows NT 10.0; Win64; x64; rv:155.0) Gecko/20100101 Firefox/155.0","timestamp":"2026-09-13T20:46:36.998Z"} 
[2026-09-13 20:46:37] local.DEBUG: [vite] hot updated: /resources/css/app.css {"url":"http://localhost:8000/","user_agent":"Mozilla/5.0 (Windows NT 10.0; Win64; x64; rv:155.0) Gecko/20100101 Firefox/155.0","timestamp":"2026-09-13T20:46:36.998Z"} 
[2026-09-13 20:46:53] local.DEBUG: [vite] hot updated: /resources/js/pages/welcome.tsx {"url":"http://localhost:8000/","user_agent":"Mozilla/5.0 (Windows NT 10.0; Win64; x64; rv:155.0) Gecko/20100101 Firefox/155.0","timestamp":"2026-09-13T20:46:52.793Z"} 
[2026-09-13 20:46:53] local.DEBUG: [vite] hot updated: /resources/css/app.css {"url":"http://localhost:8000/","user_agent":"Mozilla/5.0 (Windows NT 10.0; Win64; x64; rv:155.0) Gecko/20100101 Firefox/155.0","timestamp":"2026-09-13T20:46:52.793Z"} 
[2026-09-13 20:49:40] local.DEBUG: [vite] hot updated: /resources/js/pages/welcome.tsx {"url":"http://localhost:8000/","user_agent":"Mozilla/5.0 (Windows NT 10.0; Win64; x64; rv:155.0) Gecko/20100101 Firefox/155.0","timestamp":"2026-09-13T20:49:39.866Z"} 
[2026-09-13 20:49:40] local.DEBUG: [vite] hot updated: /resources/css/app.css {"url":"http://localhost:8000/","user_agent":"Mozilla/5.0 (Windows NT 10.0; Win64; x64; rv:155.0) Gecko/20100101 Firefox/155.0","timestamp":"2026-09-13T20:49:39.866Z"} 
[2026-09-13 20:49:58] local.DEBUG: [vite] hot updated: /resources/js/pages/welcome.tsx {"url":"http://localhost:8000/","user_agent":"Mozilla/5.0 (Windows NT 10.0; Win64; x64; rv:155.0) Gecko/20100101 Firefox/155.0","timestamp":"2026-09-13T20:49:57.812Z"} 
[2026-09-13 20:49:58] local.DEBUG: [vite] hot updated: /resources/css/app.css {"url":"http://localhost:8000/","user_agent":"Mozilla/5.0 (Windows NT 10.0; Win64; x64; rv:155.0) Gecko/20100101 Firefox/155.0","timestamp":"2026-09-13T20:49:57.812Z"} 
[2026-09-13 20:50:22] local.DEBUG: [vite] hot updated: /resources/js/pages/welcome.tsx {"url":"http://localhost:8000/","user_agent":"Mozilla/5.0 (Windows NT 10.0; Win64; x64; rv:155.0) Gecko/20100101 Firefox/155.0","timestamp":"2026-09-13T20:50:22.298Z"} 
[2026-09-13 20:50:22] local.DEBUG: [vite] hot updated: /resources/css/app.css {"url":"http://localhost:8000/","user_agent":"Mozilla/5.0 (Windows NT 10.0; Win64; x64; rv:155.0) Gecko/20100101 Firefox/155.0","timestamp":"2026-09-13T20:50:22.298Z"} 
[2026-09-13 20:50:28] local.DEBUG: [vite] hot updated: /resources/js/pages/welcome.tsx {"url":"http://localhost:8000/","user_agent":"Mozilla/5.0 (Windows NT 10.0; Win64; x64; rv:155.0) Gecko/20100101 Firefox/155.0","timestamp":"2026-09-13T20:50:27.923Z"} 
[2026-09-13 20:50:28] local.DEBUG: [vite] hot updated: /resources/css/app.css {"url":"http://localhost:8000/","user_agent":"Mozilla/5.0 (Windows NT 10.0; Win64; x64; rv:155.0) Gecko/20100101 Firefox/155.0","timestamp":"2026-09-13T20:50:27.923Z"} 
[2026-09-13 20:51:14] local.DEBUG: [vite] hot updated: /resources/js/pages/welcome.tsx {"url":"http://localhost:8000/","user_agent":"Mozilla/5.0 (Windows NT 10.0; Win64; x64; rv:155.0) Gecko/20100101 Firefox/155.0","timestamp":"2026-09-13T20:51:14.487Z"} 
[2026-09-13 20:51:14] local.DEBUG: [vite] hot updated: /resources/css/app.css {"url":"http://localhost:8000/","user_agent":"Mozilla/5.0 (Windows NT 10.0; Win64; x64; rv:155.0) Gecko/20100101 Firefox/155.0","timestamp":"2026-09-13T20:51:14.487Z"} 
[2026-09-13 20:51:30] local.DEBUG: [vite] hot updated: /resources/js/pages/welcome.tsx {"url":"http://localhost:8000/","user_agent":"Mozilla/5.0 (Windows NT 10.0; Win64; x64; rv:155.0) Gecko/20100101 Firefox/155.0","timestamp":"2026-09-13T20:51:29.926Z"} 
[2026-09-13 20:51:30] local.DEBUG: [vite] hot updated: /resources/css/app.css {"url":"http://localhost:8000/","user_agent":"Mozilla/5.0 (Windows NT 10.0; Win64; x64; rv:155.0) Gecko/20100101 Firefox/155.0","timestamp":"2026-09-13T20:51:29.926Z"} 
[2026-09-13 20:51:36] local.DEBUG: [vite] hot updated: /resources/js/pages/welcome.tsx {"url":"http://localhost:8000/","user_agent":"Mozilla/5.0 (Windows NT 10.0; Win64; x64; rv:155.0) Gecko/20100101 Firefox/155.0","timestamp":"2026-09-13T20:51:36.531Z"} 
[2026-09-13 20:51:36] local.DEBUG: [vite] hot updated: /resources/css/app.css {"url":"http://localhost:8000/","user_agent":"Mozilla/5.0 (Windows NT 10.0; Win64; x64; rv:155.0) Gecko/20100101 Firefox/155.0","timestamp":"2026-09-13T20:51:36.531Z"} 
[2026-09-13 20:51:40] local.DEBUG: [vite] hot updated: /resources/js/pages/welcome.tsx {"url":"http://localhost:8000/","user_agent":"Mozilla/5.0 (Windows NT 10.0; Win64; x64; rv:155.0) Gecko/20100101 Firefox/155.0","timestamp":"2026-09-13T20:51:39.974Z"} 
[2026-09-13 20:51:40] local.DEBUG: [vite] hot updated: /resources/css/app.css {"url":"http://localhost:8000/","user_agent":"Mozilla/5.0 (Windows NT 10.0; Win64; x64; rv:155.0) Gecko/20100101 Firefox/155.0","timestamp":"2026-09-13T20:51:39.974Z"} 
[2026-09-13 20:51:42] local.DEBUG: [vite] hot updated: /resources/js/pages/welcome.tsx {"url":"http://localhost:8000/","user_agent":"Mozilla/5.0 (Windows NT 10.0; Win64; x64; rv:155.0) Gecko/20100101 Firefox/155.0","timestamp":"2026-09-13T20:51:41.892Z"} 
[2026-09-13 20:51:42] local.DEBUG: [vite] hot updated: /resources/css/app.css {"url":"http://localhost:8000/","user_agent":"Mozilla/5.0 (Windows NT 10.0; Win64; x64; rv:155.0) Gecko/20100101 Firefox/155.0","timestamp":"2026-09-13T20:51:41.892Z"} 
[2026-09-13 20:52:05] local.DEBUG: [vite] hot updated: /resources/js/pages/welcome.tsx {"url":"http://localhost:8000/","user_agent":"Mozilla/5.0 (Windows NT 10.0; Win64; x64; rv:155.0) Gecko/20100101 Firefox/155.0","timestamp":"2026-09-13T20:52:05.587Z"} 
[2026-09-13 20:52:05] local.DEBUG: [vite] hot updated: /resources/css/app.css {"url":"http://localhost:8000/","user_agent":"Mozilla/5.0 (Windows NT 10.0; Win64; x64; rv:155.0) Gecko/20100101 Firefox/155.0","timestamp":"2026-09-13T20:52:05.587Z"} 
[2026-09-13 20:53:54] local.DEBUG: [vite] hot updated: /resources/js/pages/welcome.tsx {"url":"http://localhost:8000/","user_agent":"Mozilla/5.0 (Windows NT 10.0; Win64; x64; rv:155.0) Gecko/20100101 Firefox/155.0","timestamp":"2026-09-13T20:53:54.686Z"} 
[2026-09-13 20:53:54] local.DEBUG: [vite] hot updated: /resources/css/app.css {"url":"http://localhost:8000/","user_agent":"Mozilla/5.0 (Windows NT 10.0; Win64; x64; rv:155.0) Gecko/20100101 Firefox/155.0","timestamp":"2026-09-13T20:53:54.686Z"} 
[2026-09-13 20:54:05] local.DEBUG: [vite] hot updated: /resources/js/pages/welcome.tsx {"url":"http://localhost:8000/","user_agent":"Mozilla/5.0 (Windows NT 10.0; Win64; x64; rv:155.0) Gecko/20100101 Firefox/155.0","timestamp":"2026-09-13T20:54:05.461Z"} 
[2026-09-13 20:54:05] local.DEBUG: [vite] hot updated: /resources/css/app.css {"url":"http://localhost:8000/","user_agent":"Mozilla/5.0 (Windows NT 10.0; Win64; x64; rv:155.0) Gecko/20100101 Firefox/155.0","timestamp":"2026-09-13T20:54:05.461Z"} 
[2026-09-13 20:54:18] local.DEBUG: [vite] hot updated: /resources/js/pages/welcome.tsx {"url":"http://localhost:8000/","user_agent":"Mozilla/5.0 (Windows NT 10.0; Win64; x64; rv:155.0) Gecko/20100101 Firefox/155.0","timestamp":"2026-09-13T20:54:17.827Z"} 
[2026-09-13 20:54:18] local.DEBUG: [vite] hot updated: /resources/css/app.css {"url":"http://localhost:8000/","user_agent":"Mozilla/5.0 (Windows NT 10.0; Win64; x64; rv:155.0) Gecko/20100101 Firefox/155.0","timestamp":"2026-09-13T20:54:17.827Z"} 
[2026-09-13 20:54:48] local.DEBUG: [vite] hot updated: /resources/js/pages/welcome.tsx {"url":"http://localhost:8000/","user_agent":"Mozilla/5.0 (Windows NT 10.0; Win64; x64; rv:155.0) Gecko/20100101 Firefox/155.0","timestamp":"2026-09-13T20:54:48.220Z"} 
[2026-09-13 20:54:48] local.DEBUG: [vite] hot updated: /resources/css/app.css {"url":"http://localhost:8000/","user_agent":"Mozilla/5.0 (Windows NT 10.0; Win64; x64; rv:155.0) Gecko/20100101 Firefox/155.0","timestamp":"2026-09-13T20:54:48.220Z"} 
[2026-09-13 20:55:02] local.DEBUG: [vite] hot updated: /resources/js/pages/welcome.tsx {"url":"http://localhost:8000/","user_agent":"Mozilla/5.0 (Windows NT 10.0; Win64; x64; rv:155.0) Gecko/20100101 Firefox/155.0","timestamp":"2026-09-13T20:55:02.265Z"} 
[2026-09-13 20:55:02] local.DEBUG: [vite] hot updated: /resources/css/app.css {"url":"http://localhost:8000/","user_agent":"Mozilla/5.0 (Windows NT 10.0; Win64; x64; rv:155.0) Gecko/20100101 Firefox/155.0","timestamp":"2026-09-13T20:55:02.265Z"} 
[2026-09-13 20:55:13] local.DEBUG: [vite] hot updated: /resources/js/pages/welcome.tsx {"url":"http://localhost:8000/","user_agent":"Mozilla/5.0 (Windows NT 10.0; Win64; x64; rv:155.0) Gecko/20100101 Firefox/155.0","timestamp":"2026-09-13T20:55:12.951Z"} 
[2026-09-13 20:55:13] local.DEBUG: [vite] hot updated: /resources/css/app.css {"url":"http://localhost:8000/","user_agent":"Mozilla/5.0 (Windows NT 10.0; Win64; x64; rv:155.0) Gecko/20100101 Firefox/155.0","timestamp":"2026-09-13T20:55:12.951Z"} 
[2026-09-13 20:55:18] local.DEBUG: [vite] hot updated: /resources/js/pages/welcome.tsx {"url":"http://localhost:8000/","user_agent":"Mozilla/5.0 (Windows NT 10.0; Win64; x64; rv:155.0) Gecko/20100101 Firefox/155.0","timestamp":"2026-09-13T20:55:18.547Z"} 
[2026-09-13 20:55:18] local.DEBUG: [vite] hot updated: /resources/css/app.css {"url":"http://localhost:8000/","user_agent":"Mozilla/5.0 (Windows NT 10.0; Win64; x64; rv:155.0) Gecko/20100101 Firefox/155.0","timestamp":"2026-09-13T20:55:18.547Z"} 
[2026-09-13 20:55:23] local.DEBUG: [vite] hot updated: /resources/js/pages/welcome.tsx {"url":"http://localhost:8000/","user_agent":"Mozilla/5.0 (Windows NT 10.0; Win64; x64; rv:155.0) Gecko/20100101 Firefox/155.0","timestamp":"2026-09-13T20:55:23.190Z"} 
[2026-09-13 20:55:23] local.DEBUG: [vite] hot updated: /resources/css/app.css {"url":"http://localhost:8000/","user_agent":"Mozilla/5.0 (Windows NT 10.0; Win64; x64; rv:155.0) Gecko/20100101 Firefox/155.0","timestamp":"2026-09-13T20:55:23.190Z"} 
[2026-09-13 20:55:30] local.DEBUG: [vite] hot updated: /resources/js/pages/welcome.tsx {"url":"http://localhost:8000/","user_agent":"Mozilla/5.0 (Windows NT 10.0; Win64; x64; rv:155.0) Gecko/20100101 Firefox/155.0","timestamp":"2026-09-13T20:55:29.896Z"} 
[2026-09-13 20:55:30] local.DEBUG: [vite] hot updated: /resources/css/app.css {"url":"http://localhost:8000/","user_agent":"Mozilla/5.0 (Windows NT 10.0; Win64; x64; rv:155.0) Gecko/20100101 Firefox/155.0","timestamp":"2026-09-13T20:55:29.896Z"} 
[2026-09-13 20:55:38] local.DEBUG: [vite] hot updated: /resources/js/pages/welcome.tsx {"url":"http://localhost:8000/","user_agent":"Mozilla/5.0 (Windows NT 10.0; Win64; x64; rv:155.0) Gecko/20100101 Firefox/155.0","timestamp":"2026-09-13T20:55:36.176Z"} 
[2026-09-13 20:55:38] local.DEBUG: [vite] hot updated: /resources/css/app.css {"url":"http://localhost:8000/","user_agent":"Mozilla/5.0 (Windows NT 10.0; Win64; x64; rv:155.0) Gecko/20100101 Firefox/155.0","timestamp":"2026-09-13T20:55:36.176Z"} 
[2026-09-13 20:55:39] local.DEBUG: [vite] connecting... {"url":"http://localhost:8000/","user_agent":"Mozilla/5.0 (Windows NT 10.0; Win64; x64; rv:155.0) Gecko/20100101 Firefox/155.0","timestamp":"2026-09-13T20:55:39.006Z"} 
[2026-09-13 20:55:39] local.INFO: %cDownload the React DevTools for a better development experience: https://react.dev/link/react-devtools font-weight:bold {"url":"http://localhost:8000/","user_agent":"Mozilla/5.0 (Windows NT 10.0; Win64; x64; rv:155.0) Gecko/20100101 Firefox/155.0","timestamp":"2026-09-13T20:55:39.015Z"} 
[2026-09-13 20:55:39] local.DEBUG: [vite] connected. {"url":"http://localhost:8000/","user_agent":"Mozilla/5.0 (Windows NT 10.0; Win64; x64; rv:155.0) Gecko/20100101 Firefox/155.0","timestamp":"2026-09-13T20:55:39.024Z"} 
[2026-09-13 20:57:15] local.DEBUG: [vite] hot updated: /resources/js/pages/welcome.tsx {"url":"http://localhost:8000/","user_agent":"Mozilla/5.0 (Windows NT 10.0; Win64; x64; rv:155.0) Gecko/20100101 Firefox/155.0","timestamp":"2026-09-13T20:57:14.497Z"} 
[2026-09-13 20:57:15] local.DEBUG: [vite] hot updated: /resources/css/app.css {"url":"http://localhost:8000/","user_agent":"Mozilla/5.0 (Windows NT 10.0; Win64; x64; rv:155.0) Gecko/20100101 Firefox/155.0","timestamp":"2026-09-13T20:57:14.497Z"} 
[2026-09-13 20:57:35] local.DEBUG: [vite] hot updated: /resources/js/pages/welcome.tsx {"url":"http://localhost:8000/","user_agent":"Mozilla/5.0 (Windows NT 10.0; Win64; x64; rv:155.0) Gecko/20100101 Firefox/155.0","timestamp":"2026-09-13T20:57:35.041Z"} 
[2026-09-13 20:57:35] local.DEBUG: [vite] hot updated: /resources/css/app.css {"url":"http://localhost:8000/","user_agent":"Mozilla/5.0 (Windows NT 10.0; Win64; x64; rv:155.0) Gecko/20100101 Firefox/155.0","timestamp":"2026-09-13T20:57:35.041Z"} 
[2026-09-13 20:57:48] local.DEBUG: [vite] hot updated: /resources/js/pages/welcome.tsx {"url":"http://localhost:8000/","user_agent":"Mozilla/5.0 (Windows NT 10.0; Win64; x64; rv:155.0) Gecko/20100101 Firefox/155.0","timestamp":"2026-09-13T20:57:48.608Z"} 
[2026-09-13 20:57:48] local.DEBUG: [vite] hot updated: /resources/css/app.css {"url":"http://localhost:8000/","user_agent":"Mozilla/5.0 (Windows NT 10.0; Win64; x64; rv:155.0) Gecko/20100101 Firefox/155.0","timestamp":"2026-09-13T20:57:48.608Z"} 
[2026-09-13 20:59:24] local.DEBUG: [vite] hot updated: /resources/js/pages/welcome.tsx {"url":"http://localhost:8000/","user_agent":"Mozilla/5.0 (Windows NT 10.0; Win64; x64; rv:155.0) Gecko/20100101 Firefox/155.0","timestamp":"2026-09-13T20:59:23.864Z"} 
[2026-09-13 20:59:24] local.DEBUG: [vite] hot updated: /resources/css/app.css {"url":"http://localhost:8000/","user_agent":"Mozilla/5.0 (Windows NT 10.0; Win64; x64; rv:155.0) Gecko/20100101 Firefox/155.0","timestamp":"2026-09-13T20:59:23.864Z"} 
[2026-09-13 20:59:38] local.DEBUG: [vite] hot updated: /resources/js/pages/welcome.tsx {"url":"http://localhost:8000/","user_agent":"Mozilla/5.0 (Windows NT 10.0; Win64; x64; rv:155.0) Gecko/20100101 Firefox/155.0","timestamp":"2026-09-13T20:59:38.103Z"} 
[2026-09-13 20:59:38] local.DEBUG: [vite] hot updated: /resources/css/app.css {"url":"http://localhost:8000/","user_agent":"Mozilla/5.0 (Windows NT 10.0; Win64; x64; rv:155.0) Gecko/20100101 Firefox/155.0","timestamp":"2026-09-13T20:59:38.103Z"} 
[2026-09-13 20:59:41] local.DEBUG: [vite] hot updated: /resources/js/pages/welcome.tsx {"url":"http://localhost:8000/","user_agent":"Mozilla/5.0 (Windows NT 10.0; Win64; x64; rv:155.0) Gecko/20100101 Firefox/155.0","timestamp":"2026-09-13T20:59:41.735Z"} 
[2026-09-13 20:59:41] local.DEBUG: [vite] hot updated: /resources/css/app.css {"url":"http://localhost:8000/","user_agent":"Mozilla/5.0 (Windows NT 10.0; Win64; x64; rv:155.0) Gecko/20100101 Firefox/155.0","timestamp":"2026-09-13T20:59:41.735Z"} 
[2026-09-13 21:00:15] local.DEBUG: [vite] hot updated: /resources/js/pages/welcome.tsx {"url":"http://localhost:8000/","user_agent":"Mozilla/5.0 (Windows NT 10.0; Win64; x64; rv:155.0) Gecko/20100101 Firefox/155.0","timestamp":"2026-09-13T21:00:15.056Z"} 
[2026-09-13 21:00:15] local.DEBUG: [vite] hot updated: /resources/css/app.css {"url":"http://localhost:8000/","user_agent":"Mozilla/5.0 (Windows NT 10.0; Win64; x64; rv:155.0) Gecko/20100101 Firefox/155.0","timestamp":"2026-09-13T21:00:15.056Z"} 
[2026-09-13 21:00:52] local.DEBUG: [vite] hot updated: /resources/js/pages/welcome.tsx {"url":"http://localhost:8000/","user_agent":"Mozilla/5.0 (Windows NT 10.0; Win64; x64; rv:155.0) Gecko/20100101 Firefox/155.0","timestamp":"2026-09-13T21:00:47.407Z"} 
[2026-09-13 21:00:52] local.DEBUG: [vite] hot updated: /resources/css/app.css {"url":"http://localhost:8000/","user_agent":"Mozilla/5.0 (Windows NT 10.0; Win64; x64; rv:155.0) Gecko/20100101 Firefox/155.0","timestamp":"2026-09-13T21:00:47.407Z"} 
[2026-09-13 21:00:52] local.DEBUG: [vite] hot updated: /resources/js/pages/welcome.tsx {"url":"http://localhost:8000/","user_agent":"Mozilla/5.0 (Windows NT 10.0; Win64; x64; rv:155.0) Gecko/20100101 Firefox/155.0","timestamp":"2026-09-13T21:00:49.409Z"} 
[2026-09-13 21:00:52] local.DEBUG: [vite] hot updated: /resources/css/app.css {"url":"http://localhost:8000/","user_agent":"Mozilla/5.0 (Windows NT 10.0; Win64; x64; rv:155.0) Gecko/20100101 Firefox/155.0","timestamp":"2026-09-13T21:00:49.409Z"} 
[2026-09-13 21:01:19] local.DEBUG: [vite] hot updated: /resources/js/pages/welcome.tsx {"url":"http://localhost:8000/","user_agent":"Mozilla/5.0 (Windows NT 10.0; Win64; x64; rv:155.0) Gecko/20100101 Firefox/155.0","timestamp":"2026-09-13T21:01:19.583Z"} 
[2026-09-13 21:01:19] local.DEBUG: [vite] hot updated: /resources/css/app.css {"url":"http://localhost:8000/","user_agent":"Mozilla/5.0 (Windows NT 10.0; Win64; x64; rv:155.0) Gecko/20100101 Firefox/155.0","timestamp":"2026-09-13T21:01:19.583Z"} 
[2026-09-13 21:01:22] local.DEBUG: [vite] hot updated: /resources/js/pages/welcome.tsx {"url":"http://localhost:8000/","user_agent":"Mozilla/5.0 (Windows NT 10.0; Win64; x64; rv:155.0) Gecko/20100101 Firefox/155.0","timestamp":"2026-09-13T21:01:22.051Z"} 
[2026-09-13 21:01:22] local.DEBUG: [vite] hot updated: /resources/css/app.css {"url":"http://localhost:8000/","user_agent":"Mozilla/5.0 (Windows NT 10.0; Win64; x64; rv:155.0) Gecko/20100101 Firefox/155.0","timestamp":"2026-09-13T21:01:22.051Z"} 
[2026-09-13 21:01:24] local.DEBUG: [vite] hot updated: /resources/js/pages/welcome.tsx {"url":"http://localhost:8000/","user_agent":"Mozilla/5.0 (Windows NT 10.0; Win64; x64; rv:155.0) Gecko/20100101 Firefox/155.0","timestamp":"2026-09-13T21:01:23.931Z"} 
[2026-09-13 21:01:24] local.DEBUG: [vite] hot updated: /resources/css/app.css {"url":"http://localhost:8000/","user_agent":"Mozilla/5.0 (Windows NT 10.0; Win64; x64; rv:155.0) Gecko/20100101 Firefox/155.0","timestamp":"2026-09-13T21:01:23.931Z"} 
[2026-09-13 21:01:25] local.DEBUG: [vite] hot updated: /resources/js/pages/welcome.tsx {"url":"http://localhost:8000/","user_agent":"Mozilla/5.0 (Windows NT 10.0; Win64; x64; rv:155.0) Gecko/20100101 Firefox/155.0","timestamp":"2026-09-13T21:01:25.605Z"} 
[2026-09-13 21:01:25] local.DEBUG: [vite] hot updated: /resources/css/app.css {"url":"http://localhost:8000/","user_agent":"Mozilla/5.0 (Windows NT 10.0; Win64; x64; rv:155.0) Gecko/20100101 Firefox/155.0","timestamp":"2026-09-13T21:01:25.605Z"} 
[2026-09-13 21:01:27] local.DEBUG: [vite] hot updated: /resources/js/pages/welcome.tsx {"url":"http://localhost:8000/","user_agent":"Mozilla/5.0 (Windows NT 10.0; Win64; x64; rv:155.0) Gecko/20100101 Firefox/155.0","timestamp":"2026-09-13T21:01:27.441Z"} 
[2026-09-13 21:01:27] local.DEBUG: [vite] hot updated: /resources/css/app.css {"url":"http://localhost:8000/","user_agent":"Mozilla/5.0 (Windows NT 10.0; Win64; x64; rv:155.0) Gecko/20100101 Firefox/155.0","timestamp":"2026-09-13T21:01:27.441Z"} 
[2026-09-13 21:01:31] local.DEBUG: [vite] hot updated: /resources/js/pages/welcome.tsx {"url":"http://localhost:8000/","user_agent":"Mozilla/5.0 (Windows NT 10.0; Win64; x64; rv:155.0) Gecko/20100101 Firefox/155.0","timestamp":"2026-09-13T21:01:31.715Z"} 
[2026-09-13 21:01:31] local.DEBUG: [vite] hot updated: /resources/css/app.css {"url":"http://localhost:8000/","user_agent":"Mozilla/5.0 (Windows NT 10.0; Win64; x64; rv:155.0) Gecko/20100101 Firefox/155.0","timestamp":"2026-09-13T21:01:31.715Z"} 
[2026-09-13 21:01:34] local.DEBUG: [vite] hot updated: /resources/js/pages/welcome.tsx {"url":"http://localhost:8000/","user_agent":"Mozilla/5.0 (Windows NT 10.0; Win64; x64; rv:155.0) Gecko/20100101 Firefox/155.0","timestamp":"2026-09-13T21:01:34.179Z"} 
[2026-09-13 21:01:34] local.DEBUG: [vite] hot updated: /resources/css/app.css {"url":"http://localhost:8000/","user_agent":"Mozilla/5.0 (Windows NT 10.0; Win64; x64; rv:155.0) Gecko/20100101 Firefox/155.0","timestamp":"2026-09-13T21:01:34.179Z"} 
[2026-09-13 21:01:41] local.DEBUG: [vite] hot updated: /resources/js/pages/welcome.tsx {"url":"http://localhost:8000/","user_agent":"Mozilla/5.0 (Windows NT 10.0; Win64; x64; rv:155.0) Gecko/20100101 Firefox/155.0","timestamp":"2026-09-13T21:01:41.356Z"} 
[2026-09-13 21:01:41] local.DEBUG: [vite] hot updated: /resources/css/app.css {"url":"http://localhost:8000/","user_agent":"Mozilla/5.0 (Windows NT 10.0; Win64; x64; rv:155.0) Gecko/20100101 Firefox/155.0","timestamp":"2026-09-13T21:01:41.356Z"} 
[2026-09-13 21:01:43] local.DEBUG: [vite] hot updated: /resources/js/pages/welcome.tsx {"url":"http://localhost:8000/","user_agent":"Mozilla/5.0 (Windows NT 10.0; Win64; x64; rv:155.0) Gecko/20100101 Firefox/155.0","timestamp":"2026-09-13T21:01:42.958Z"} 
[2026-09-13 21:01:43] local.DEBUG: [vite] hot updated: /resources/css/app.css {"url":"http://localhost:8000/","user_agent":"Mozilla/5.0 (Windows NT 10.0; Win64; x64; rv:155.0) Gecko/20100101 Firefox/155.0","timestamp":"2026-09-13T21:01:42.958Z"} 
[2026-09-13 21:01:47] local.DEBUG: [vite] hot updated: /resources/js/pages/welcome.tsx {"url":"http://localhost:8000/","user_agent":"Mozilla/5.0 (Windows NT 10.0; Win64; x64; rv:155.0) Gecko/20100101 Firefox/155.0","timestamp":"2026-09-13T21:01:47.075Z"} 
[2026-09-13 21:01:47] local.DEBUG: [vite] hot updated: /resources/css/app.css {"url":"http://localhost:8000/","user_agent":"Mozilla/5.0 (Windows NT 10.0; Win64; x64; rv:155.0) Gecko/20100101 Firefox/155.0","timestamp":"2026-09-13T21:01:47.075Z"} 
[2026-09-13 21:01:49] local.DEBUG: [vite] hot updated: /resources/js/pages/welcome.tsx {"url":"http://localhost:8000/","user_agent":"Mozilla/5.0 (Windows NT 10.0; Win64; x64; rv:155.0) Gecko/20100101 Firefox/155.0","timestamp":"2026-09-13T21:01:48.895Z"} 
[2026-09-13 21:01:49] local.DEBUG: [vite] hot updated: /resources/css/app.css {"url":"http://localhost:8000/","user_agent":"Mozilla/5.0 (Windows NT 10.0; Win64; x64; rv:155.0) Gecko/20100101 Firefox/155.0","timestamp":"2026-09-13T21:01:48.895Z"} 
[2026-09-13 21:01:51] local.DEBUG: [vite] hot updated: /resources/js/pages/welcome.tsx {"url":"http://localhost:8000/","user_agent":"Mozilla/5.0 (Windows NT 10.0; Win64; x64; rv:155.0) Gecko/20100101 Firefox/155.0","timestamp":"2026-09-13T21:01:51.404Z"} 
[2026-09-13 21:01:51] local.DEBUG: [vite] hot updated: /resources/css/app.css {"url":"http://localhost:8000/","user_agent":"Mozilla/5.0 (Windows NT 10.0; Win64; x64; rv:155.0) Gecko/20100101 Firefox/155.0","timestamp":"2026-09-13T21:01:51.404Z"} 
[2026-09-13 21:01:54] local.DEBUG: [vite] hot updated: /resources/js/pages/welcome.tsx {"url":"http://localhost:8000/","user_agent":"Mozilla/5.0 (Windows NT 10.0; Win64; x64; rv:155.0) Gecko/20100101 Firefox/155.0","timestamp":"2026-09-13T21:01:54.366Z"} 
[2026-09-13 21:01:54] local.DEBUG: [vite] hot updated: /resources/css/app.css {"url":"http://localhost:8000/","user_agent":"Mozilla/5.0 (Windows NT 10.0; Win64; x64; rv:155.0) Gecko/20100101 Firefox/155.0","timestamp":"2026-09-13T21:01:54.366Z"} 
[2026-09-13 21:02:02] local.DEBUG: [vite] hot updated: /resources/js/pages/welcome.tsx {"url":"http://localhost:8000/","user_agent":"Mozilla/5.0 (Windows NT 10.0; Win64; x64; rv:155.0) Gecko/20100101 Firefox/155.0","timestamp":"2026-09-13T21:02:01.879Z"} 
[2026-09-13 21:02:02] local.DEBUG: [vite] hot updated: /resources/css/app.css {"url":"http://localhost:8000/","user_agent":"Mozilla/5.0 (Windows NT 10.0; Win64; x64; rv:155.0) Gecko/20100101 Firefox/155.0","timestamp":"2026-09-13T21:02:01.879Z"} 
[2026-09-13 21:02:05] local.DEBUG: [vite] hot updated: /resources/js/pages/welcome.tsx {"url":"http://localhost:8000/","user_agent":"Mozilla/5.0 (Windows NT 10.0; Win64; x64; rv:155.0) Gecko/20100101 Firefox/155.0","timestamp":"2026-09-13T21:02:04.958Z"} 
[2026-09-13 21:02:05] local.DEBUG: [vite] hot updated: /resources/css/app.css {"url":"http://localhost:8000/","user_agent":"Mozilla/5.0 (Windows NT 10.0; Win64; x64; rv:155.0) Gecko/20100101 Firefox/155.0","timestamp":"2026-09-13T21:02:04.958Z"} 
[2026-09-13 21:02:20] local.DEBUG: [vite] hot updated: /resources/js/pages/welcome.tsx {"url":"http://localhost:8000/","user_agent":"Mozilla/5.0 (Windows NT 10.0; Win64; x64; rv:155.0) Gecko/20100101 Firefox/155.0","timestamp":"2026-09-13T21:02:20.660Z"} 
[2026-09-13 21:02:20] local.DEBUG: [vite] hot updated: /resources/css/app.css {"url":"http://localhost:8000/","user_agent":"Mozilla/5.0 (Windows NT 10.0; Win64; x64; rv:155.0) Gecko/20100101 Firefox/155.0","timestamp":"2026-09-13T21:02:20.660Z"} 
[2026-09-13 21:02:23] local.DEBUG: [vite] hot updated: /resources/js/pages/welcome.tsx {"url":"http://localhost:8000/","user_agent":"Mozilla/5.0 (Windows NT 10.0; Win64; x64; rv:155.0) Gecko/20100101 Firefox/155.0","timestamp":"2026-09-13T21:02:23.220Z"} 
[2026-09-13 21:02:23] local.DEBUG: [vite] hot updated: /resources/css/app.css {"url":"http://localhost:8000/","user_agent":"Mozilla/5.0 (Windows NT 10.0; Win64; x64; rv:155.0) Gecko/20100101 Firefox/155.0","timestamp":"2026-09-13T21:02:23.220Z"} 
[2026-09-13 21:02:25] local.DEBUG: [vite] hot updated: /resources/js/pages/welcome.tsx {"url":"http://localhost:8000/","user_agent":"Mozilla/5.0 (Windows NT 10.0; Win64; x64; rv:155.0) Gecko/20100101 Firefox/155.0","timestamp":"2026-09-13T21:02:24.939Z"} 
[2026-09-13 21:02:25] local.DEBUG: [vite] hot updated: /resources/css/app.css {"url":"http://localhost:8000/","user_agent":"Mozilla/5.0 (Windows NT 10.0; Win64; x64; rv:155.0) Gecko/20100101 Firefox/155.0","timestamp":"2026-09-13T21:02:24.939Z"} 
[2026-09-13 21:02:27] local.DEBUG: [vite] hot updated: /resources/js/pages/welcome.tsx {"url":"http://localhost:8000/","user_agent":"Mozilla/5.0 (Windows NT 10.0; Win64; x64; rv:155.0) Gecko/20100101 Firefox/155.0","timestamp":"2026-09-13T21:02:26.837Z"} 
[2026-09-13 21:02:27] local.DEBUG: [vite] hot updated: /resources/css/app.css {"url":"http://localhost:8000/","user_agent":"Mozilla/5.0 (Windows NT 10.0; Win64; x64; rv:155.0) Gecko/20100101 Firefox/155.0","timestamp":"2026-09-13T21:02:26.837Z"} 
[2026-09-13 21:03:21] local.DEBUG: [vite] hot updated: /resources/js/pages/welcome.tsx {"url":"http://localhost:8000/","user_agent":"Mozilla/5.0 (Windows NT 10.0; Win64; x64; rv:155.0) Gecko/20100101 Firefox/155.0","timestamp":"2026-09-13T21:03:21.628Z"} 
[2026-09-13 21:03:21] local.DEBUG: [vite] hot updated: /resources/css/app.css {"url":"http://localhost:8000/","user_agent":"Mozilla/5.0 (Windows NT 10.0; Win64; x64; rv:155.0) Gecko/20100101 Firefox/155.0","timestamp":"2026-09-13T21:03:21.628Z"} 
[2026-09-13 21:03:34] local.DEBUG: [vite] hot updated: /resources/js/pages/welcome.tsx {"url":"http://localhost:8000/","user_agent":"Mozilla/5.0 (Windows NT 10.0; Win64; x64; rv:155.0) Gecko/20100101 Firefox/155.0","timestamp":"2026-09-13T21:03:33.865Z"} 
[2026-09-13 21:03:34] local.DEBUG: [vite] hot updated: /resources/css/app.css {"url":"http://localhost:8000/","user_agent":"Mozilla/5.0 (Windows NT 10.0; Win64; x64; rv:155.0) Gecko/20100101 Firefox/155.0","timestamp":"2026-09-13T21:03:33.865Z"} 
[2026-09-13 21:03:55] local.DEBUG: [vite] hot updated: /resources/js/pages/welcome.tsx {"url":"http://localhost:8000/","user_agent":"Mozilla/5.0 (Windows NT 10.0; Win64; x64; rv:155.0) Gecko/20100101 Firefox/155.0","timestamp":"2026-09-13T21:03:55.346Z"} 
[2026-09-13 21:03:55] local.DEBUG: [vite] hot updated: /resources/css/app.css {"url":"http://localhost:8000/","user_agent":"Mozilla/5.0 (Windows NT 10.0; Win64; x64; rv:155.0) Gecko/20100101 Firefox/155.0","timestamp":"2026-09-13T21:03:55.346Z"} 
[2026-09-13 21:03:59] local.DEBUG: [vite] hot updated: /resources/js/pages/welcome.tsx {"url":"http://localhost:8000/","user_agent":"Mozilla/5.0 (Windows NT 10.0; Win64; x64; rv:155.0) Gecko/20100101 Firefox/155.0","timestamp":"2026-09-13T21:03:59.715Z"} 
[2026-09-13 21:03:59] local.DEBUG: [vite] hot updated: /resources/css/app.css {"url":"http://localhost:8000/","user_agent":"Mozilla/5.0 (Windows NT 10.0; Win64; x64; rv:155.0) Gecko/20100101 Firefox/155.0","timestamp":"2026-09-13T21:03:59.715Z"} 
[2026-09-13 21:04:02] local.DEBUG: [vite] hot updated: /resources/js/pages/welcome.tsx {"url":"http://localhost:8000/","user_agent":"Mozilla/5.0 (Windows NT 10.0; Win64; x64; rv:155.0) Gecko/20100101 Firefox/155.0","timestamp":"2026-09-13T21:04:02.335Z"} 
[2026-09-13 21:04:02] local.DEBUG: [vite] hot updated: /resources/css/app.css {"url":"http://localhost:8000/","user_agent":"Mozilla/5.0 (Windows NT 10.0; Win64; x64; rv:155.0) Gecko/20100101 Firefox/155.0","timestamp":"2026-09-13T21:04:02.335Z"} 
[2026-09-13 21:04:47] local.DEBUG: [vite] hot updated: /resources/js/pages/welcome.tsx {"url":"http://localhost:8000/","user_agent":"Mozilla/5.0 (Windows NT 10.0; Win64; x64; rv:155.0) Gecko/20100101 Firefox/155.0","timestamp":"2026-09-13T21:04:45.034Z"} 
[2026-09-13 21:04:47] local.DEBUG: [vite] hot updated: /resources/css/app.css {"url":"http://localhost:8000/","user_agent":"Mozilla/5.0 (Windows NT 10.0; Win64; x64; rv:155.0) Gecko/20100101 Firefox/155.0","timestamp":"2026-09-13T21:04:45.034Z"} 
[2026-09-13 21:04:47] local.DEBUG: [vite] connecting... {"url":"http://localhost:8000/","user_agent":"Mozilla/5.0 (Windows NT 10.0; Win64; x64; rv:155.0) Gecko/20100101 Firefox/155.0","timestamp":"2026-09-13T21:04:47.716Z"} 
[2026-09-13 21:04:47] local.INFO: %cDownload the React DevTools for a better development experience: https://react.dev/link/react-devtools font-weight:bold {"url":"http://localhost:8000/","user_agent":"Mozilla/5.0 (Windows NT 10.0; Win64; x64; rv:155.0) Gecko/20100101 Firefox/155.0","timestamp":"2026-09-13T21:04:47.740Z"} 
[2026-09-13 21:04:47] local.DEBUG: [vite] connected. {"url":"http://localhost:8000/","user_agent":"Mozilla/5.0 (Windows NT 10.0; Win64; x64; rv:155.0) Gecko/20100101 Firefox/155.0","timestamp":"2026-09-13T21:04:47.748Z"} 
[2026-09-13 21:05:03] local.DEBUG: [vite] hot updated: /resources/js/pages/welcome.tsx {"url":"http://localhost:8000/","user_agent":"Mozilla/5.0 (Windows NT 10.0; Win64; x64; rv:155.0) Gecko/20100101 Firefox/155.0","timestamp":"2026-09-13T21:05:02.973Z"} 
[2026-09-13 21:05:03] local.DEBUG: [vite] hot updated: /resources/css/app.css {"url":"http://localhost:8000/","user_agent":"Mozilla/5.0 (Windows NT 10.0; Win64; x64; rv:155.0) Gecko/20100101 Firefox/155.0","timestamp":"2026-09-13T21:05:02.973Z"} 
[2026-09-13 21:05:15] local.DEBUG: [vite] hot updated: /resources/js/pages/welcome.tsx {"url":"http://localhost:8000/","user_agent":"Mozilla/5.0 (Windows NT 10.0; Win64; x64; rv:155.0) Gecko/20100101 Firefox/155.0","timestamp":"2026-09-13T21:05:14.832Z"} 
[2026-09-13 21:05:15] local.DEBUG: [vite] hot updated: /resources/css/app.css {"url":"http://localhost:8000/","user_agent":"Mozilla/5.0 (Windows NT 10.0; Win64; x64; rv:155.0) Gecko/20100101 Firefox/155.0","timestamp":"2026-09-13T21:05:14.832Z"} 
[2026-09-13 21:07:30] local.DEBUG: [vite] hot updated: /resources/js/pages/welcome.tsx {"url":"http://localhost:8000/","user_agent":"Mozilla/5.0 (Windows NT 10.0; Win64; x64; rv:155.0) Gecko/20100101 Firefox/155.0","timestamp":"2026-09-13T21:07:30.031Z"} 
[2026-09-13 21:07:30] local.DEBUG: [vite] hot updated: /resources/css/app.css {"url":"http://localhost:8000/","user_agent":"Mozilla/5.0 (Windows NT 10.0; Win64; x64; rv:155.0) Gecko/20100101 Firefox/155.0","timestamp":"2026-09-13T21:07:30.031Z"} 
[2026-09-13 21:08:50] local.DEBUG: [vite] hot updated: /resources/js/pages/welcome.tsx {"url":"http://localhost:8000/","user_agent":"Mozilla/5.0 (Windows NT 10.0; Win64; x64; rv:155.0) Gecko/20100101 Firefox/155.0","timestamp":"2026-09-13T21:08:50.225Z"} 
[2026-09-13 21:08:50] local.DEBUG: [vite] hot updated: /resources/css/app.css {"url":"http://localhost:8000/","user_agent":"Mozilla/5.0 (Windows NT 10.0; Win64; x64; rv:155.0) Gecko/20100101 Firefox/155.0","timestamp":"2026-09-13T21:08:50.225Z"} 
[2026-09-13 21:09:14] local.DEBUG: [vite] hot updated: /resources/js/pages/welcome.tsx {"url":"http://localhost:8000/","user_agent":"Mozilla/5.0 (Windows NT 10.0; Win64; x64; rv:155.0) Gecko/20100101 Firefox/155.0","timestamp":"2026-09-13T21:09:08.460Z"} 
[2026-09-13 21:09:14] local.DEBUG: [vite] hot updated: /resources/css/app.css {"url":"http://localhost:8000/","user_agent":"Mozilla/5.0 (Windows NT 10.0; Win64; x64; rv:155.0) Gecko/20100101 Firefox/155.0","timestamp":"2026-09-13T21:09:08.460Z"} 
[2026-09-13 21:09:14] local.DEBUG: [vite] hot updated: /resources/js/pages/welcome.tsx {"url":"http://localhost:8000/","user_agent":"Mozilla/5.0 (Windows NT 10.0; Win64; x64; rv:155.0) Gecko/20100101 Firefox/155.0","timestamp":"2026-09-13T21:09:13.532Z"} 
[2026-09-13 21:09:14] local.DEBUG: [vite] hot updated: /resources/css/app.css {"url":"http://localhost:8000/","user_agent":"Mozilla/5.0 (Windows NT 10.0; Win64; x64; rv:155.0) Gecko/20100101 Firefox/155.0","timestamp":"2026-09-13T21:09:13.532Z"} 
[2026-09-13 21:09:15] local.DEBUG: [vite] hot updated: /resources/js/pages/welcome.tsx {"url":"http://localhost:8000/","user_agent":"Mozilla/5.0 (Windows NT 10.0; Win64; x64; rv:155.0) Gecko/20100101 Firefox/155.0","timestamp":"2026-09-13T21:09:15.031Z"} 
[2026-09-13 21:09:15] local.DEBUG: [vite] hot updated: /resources/css/app.css {"url":"http://localhost:8000/","user_agent":"Mozilla/5.0 (Windows NT 10.0; Win64; x64; rv:155.0) Gecko/20100101 Firefox/155.0","timestamp":"2026-09-13T21:09:15.031Z"} 
[2026-09-13 21:09:26] local.DEBUG: [vite] hot updated: /resources/js/pages/welcome.tsx {"url":"http://localhost:8000/","user_agent":"Mozilla/5.0 (Windows NT 10.0; Win64; x64; rv:155.0) Gecko/20100101 Firefox/155.0","timestamp":"2026-09-13T21:09:26.401Z"} 
[2026-09-13 21:09:26] local.DEBUG: [vite] hot updated: /resources/css/app.css {"url":"http://localhost:8000/","user_agent":"Mozilla/5.0 (Windows NT 10.0; Win64; x64; rv:155.0) Gecko/20100101 Firefox/155.0","timestamp":"2026-09-13T21:09:26.401Z"} 
[2026-09-13 21:09:29] local.DEBUG: [vite] hot updated: /resources/js/pages/welcome.tsx {"url":"http://localhost:8000/","user_agent":"Mozilla/5.0 (Windows NT 10.0; Win64; x64; rv:155.0) Gecko/20100101 Firefox/155.0","timestamp":"2026-09-13T21:09:29.716Z"} 
[2026-09-13 21:09:29] local.DEBUG: [vite] hot updated: /resources/css/app.css {"url":"http://localhost:8000/","user_agent":"Mozilla/5.0 (Windows NT 10.0; Win64; x64; rv:155.0) Gecko/20100101 Firefox/155.0","timestamp":"2026-09-13T21:09:29.717Z"} 
[2026-09-13 21:09:34] local.DEBUG: [vite] hot updated: /resources/js/pages/welcome.tsx {"url":"http://localhost:8000/","user_agent":"Mozilla/5.0 (Windows NT 10.0; Win64; x64; rv:155.0) Gecko/20100101 Firefox/155.0","timestamp":"2026-09-13T21:09:34.106Z"} 
[2026-09-13 21:09:34] local.DEBUG: [vite] hot updated: /resources/css/app.css {"url":"http://localhost:8000/","user_agent":"Mozilla/5.0 (Windows NT 10.0; Win64; x64; rv:155.0) Gecko/20100101 Firefox/155.0","timestamp":"2026-09-13T21:09:34.107Z"} 
[2026-09-13 21:09:39] local.DEBUG: [vite] hot updated: /resources/js/pages/welcome.tsx {"url":"http://localhost:8000/","user_agent":"Mozilla/5.0 (Windows NT 10.0; Win64; x64; rv:155.0) Gecko/20100101 Firefox/155.0","timestamp":"2026-09-13T21:09:39.175Z"} 
[2026-09-13 21:09:39] local.DEBUG: [vite] hot updated: /resources/css/app.css {"url":"http://localhost:8000/","user_agent":"Mozilla/5.0 (Windows NT 10.0; Win64; x64; rv:155.0) Gecko/20100101 Firefox/155.0","timestamp":"2026-09-13T21:09:39.176Z"} 
[2026-09-13 21:09:41] local.DEBUG: [vite] hot updated: /resources/js/pages/welcome.tsx {"url":"http://localhost:8000/","user_agent":"Mozilla/5.0 (Windows NT 10.0; Win64; x64; rv:155.0) Gecko/20100101 Firefox/155.0","timestamp":"2026-09-13T21:09:41.578Z"} 
[2026-09-13 21:09:41] local.DEBUG: [vite] hot updated: /resources/css/app.css {"url":"http://localhost:8000/","user_agent":"Mozilla/5.0 (Windows NT 10.0; Win64; x64; rv:155.0) Gecko/20100101 Firefox/155.0","timestamp":"2026-09-13T21:09:41.578Z"} 
[2026-09-13 21:09:50] local.DEBUG: [vite] hot updated: /resources/js/pages/welcome.tsx {"url":"http://localhost:8000/","user_agent":"Mozilla/5.0 (Windows NT 10.0; Win64; x64; rv:155.0) Gecko/20100101 Firefox/155.0","timestamp":"2026-09-13T21:09:50.493Z"} 
[2026-09-13 21:09:50] local.DEBUG: [vite] hot updated: /resources/css/app.css {"url":"http://localhost:8000/","user_agent":"Mozilla/5.0 (Windows NT 10.0; Win64; x64; rv:155.0) Gecko/20100101 Firefox/155.0","timestamp":"2026-09-13T21:09:50.493Z"} 
[2026-09-13 21:09:54] local.DEBUG: [vite] hot updated: /resources/js/pages/welcome.tsx {"url":"http://localhost:8000/","user_agent":"Mozilla/5.0 (Windows NT 10.0; Win64; x64; rv:155.0) Gecko/20100101 Firefox/155.0","timestamp":"2026-09-13T21:09:54.571Z"} 
[2026-09-13 21:09:54] local.DEBUG: [vite] hot updated: /resources/css/app.css {"url":"http://localhost:8000/","user_agent":"Mozilla/5.0 (Windows NT 10.0; Win64; x64; rv:155.0) Gecko/20100101 Firefox/155.0","timestamp":"2026-09-13T21:09:54.571Z"} 
[2026-09-13 21:10:05] local.DEBUG: [vite] hot updated: /resources/js/pages/welcome.tsx {"url":"http://localhost:8000/","user_agent":"Mozilla/5.0 (Windows NT 10.0; Win64; x64; rv:155.0) Gecko/20100101 Firefox/155.0","timestamp":"2026-09-13T21:10:05.433Z"} 
[2026-09-13 21:10:05] local.DEBUG: [vite] hot updated: /resources/css/app.css {"url":"http://localhost:8000/","user_agent":"Mozilla/5.0 (Windows NT 10.0; Win64; x64; rv:155.0) Gecko/20100101 Firefox/155.0","timestamp":"2026-09-13T21:10:05.434Z"} 
[2026-09-13 21:10:08] local.DEBUG: [vite] hot updated: /resources/js/pages/welcome.tsx {"url":"http://localhost:8000/","user_agent":"Mozilla/5.0 (Windows NT 10.0; Win64; x64; rv:155.0) Gecko/20100101 Firefox/155.0","timestamp":"2026-09-13T21:10:08.198Z"} 
[2026-09-13 21:10:08] local.DEBUG: [vite] hot updated: /resources/css/app.css {"url":"http://localhost:8000/","user_agent":"Mozilla/5.0 (Windows NT 10.0; Win64; x64; rv:155.0) Gecko/20100101 Firefox/155.0","timestamp":"2026-09-13T21:10:08.198Z"} 
[2026-09-13 21:10:36] local.DEBUG: [vite] hot updated: /resources/js/pages/welcome.tsx {"url":"http://localhost:8000/","user_agent":"Mozilla/5.0 (Windows NT 10.0; Win64; x64; rv:155.0) Gecko/20100101 Firefox/155.0","timestamp":"2026-09-13T21:10:33.609Z"} 
[2026-09-13 21:10:36] local.DEBUG: [vite] hot updated: /resources/css/app.css {"url":"http://localhost:8000/","user_agent":"Mozilla/5.0 (Windows NT 10.0; Win64; x64; rv:155.0) Gecko/20100101 Firefox/155.0","timestamp":"2026-09-13T21:10:33.609Z"} 
[2026-09-13 21:10:37] local.DEBUG: [vite] connecting... {"url":"http://localhost:8000/","user_agent":"Mozilla/5.0 (Windows NT 10.0; Win64; x64; rv:155.0) Gecko/20100101 Firefox/155.0","timestamp":"2026-09-13T21:10:37.018Z"} 
[2026-09-13 21:10:37] local.INFO: %cDownload the React DevTools for a better development experience: https://react.dev/link/react-devtools font-weight:bold {"url":"http://localhost:8000/","user_agent":"Mozilla/5.0 (Windows NT 10.0; Win64; x64; rv:155.0) Gecko/20100101 Firefox/155.0","timestamp":"2026-09-13T21:10:37.036Z"} 
[2026-09-13 21:10:37] local.DEBUG: [vite] connected. {"url":"http://localhost:8000/","user_agent":"Mozilla/5.0 (Windows NT 10.0; Win64; x64; rv:155.0) Gecko/20100101 Firefox/155.0","timestamp":"2026-09-13T21:10:37.038Z"} 
[2026-09-13 21:10:44] local.DEBUG: [vite] hot updated: /resources/js/pages/welcome.tsx {"url":"http://localhost:8000/","user_agent":"Mozilla/5.0 (Windows NT 10.0; Win64; x64; rv:155.0) Gecko/20100101 Firefox/155.0","timestamp":"2026-09-13T21:10:43.966Z"} 
[2026-09-13 21:10:44] local.DEBUG: [vite] hot updated: /resources/css/app.css {"url":"http://localhost:8000/","user_agent":"Mozilla/5.0 (Windows NT 10.0; Win64; x64; rv:155.0) Gecko/20100101 Firefox/155.0","timestamp":"2026-09-13T21:10:43.966Z"} 
[2026-09-13 21:11:01] local.DEBUG: [vite] hot updated: /resources/js/pages/welcome.tsx {"url":"http://localhost:8000/","user_agent":"Mozilla/5.0 (Windows NT 10.0; Win64; x64; rv:155.0) Gecko/20100101 Firefox/155.0","timestamp":"2026-09-13T21:11:01.394Z"} 
[2026-09-13 21:11:01] local.DEBUG: [vite] hot updated: /resources/css/app.css {"url":"http://localhost:8000/","user_agent":"Mozilla/5.0 (Windows NT 10.0; Win64; x64; rv:155.0) Gecko/20100101 Firefox/155.0","timestamp":"2026-09-13T21:11:01.394Z"} 
[2026-09-13 21:13:06] local.DEBUG: [vite] hot updated: /resources/js/pages/welcome.tsx {"url":"http://localhost:8000/","user_agent":"Mozilla/5.0 (Windows NT 10.0; Win64; x64; rv:155.0) Gecko/20100101 Firefox/155.0","timestamp":"2026-09-13T21:13:04.700Z"} 
[2026-09-13 21:13:06] local.DEBUG: [vite] hot updated: /resources/css/app.css {"url":"http://localhost:8000/","user_agent":"Mozilla/5.0 (Windows NT 10.0; Win64; x64; rv:155.0) Gecko/20100101 Firefox/155.0","timestamp":"2026-09-13T21:13:04.700Z"} 
[2026-09-13 21:13:54] local.DEBUG: [vite] hot updated: /resources/js/pages/welcome.tsx {"url":"http://localhost:8000/","user_agent":"Mozilla/5.0 (Windows NT 10.0; Win64; x64; rv:155.0) Gecko/20100101 Firefox/155.0","timestamp":"2026-09-13T21:13:54.124Z"} 
[2026-09-13 21:13:54] local.DEBUG: [vite] hot updated: /resources/css/app.css {"url":"http://localhost:8000/","user_agent":"Mozilla/5.0 (Windows NT 10.0; Win64; x64; rv:155.0) Gecko/20100101 Firefox/155.0","timestamp":"2026-09-13T21:13:54.124Z"} 
[2026-09-13 21:14:06] local.DEBUG: [vite] hot updated: /resources/js/pages/welcome.tsx {"url":"http://localhost:8000/","user_agent":"Mozilla/5.0 (Windows NT 10.0; Win64; x64; rv:155.0) Gecko/20100101 Firefox/155.0","timestamp":"2026-09-13T21:14:06.118Z"} 
[2026-09-13 21:14:06] local.DEBUG: [vite] hot updated: /resources/css/app.css {"url":"http://localhost:8000/","user_agent":"Mozilla/5.0 (Windows NT 10.0; Win64; x64; rv:155.0) Gecko/20100101 Firefox/155.0","timestamp":"2026-09-13T21:14:06.118Z"} 
[2026-09-13 21:14:11] local.DEBUG: [vite] hot updated: /resources/js/pages/welcome.tsx {"url":"http://localhost:8000/","user_agent":"Mozilla/5.0 (Windows NT 10.0; Win64; x64; rv:155.0) Gecko/20100101 Firefox/155.0","timestamp":"2026-09-13T21:14:11.708Z"} 
[2026-09-13 21:14:11] local.DEBUG: [vite] hot updated: /resources/css/app.css {"url":"http://localhost:8000/","user_agent":"Mozilla/5.0 (Windows NT 10.0; Win64; x64; rv:155.0) Gecko/20100101 Firefox/155.0","timestamp":"2026-09-13T21:14:11.708Z"} 
[2026-09-13 21:15:34] local.DEBUG: [vite] hot updated: /resources/js/pages/welcome.tsx {"url":"http://localhost:8000/","user_agent":"Mozilla/5.0 (Windows NT 10.0; Win64; x64; rv:155.0) Gecko/20100101 Firefox/155.0","timestamp":"2026-09-13T21:15:33.374Z"} 
[2026-09-13 21:15:34] local.DEBUG: [vite] hot updated: /resources/css/app.css {"url":"http://localhost:8000/","user_agent":"Mozilla/5.0 (Windows NT 10.0; Win64; x64; rv:155.0) Gecko/20100101 Firefox/155.0","timestamp":"2026-09-13T21:15:33.375Z"} 
[2026-09-13 21:16:04] local.DEBUG: [vite] hot updated: /resources/js/pages/welcome.tsx {"url":"http://localhost:8000/","user_agent":"Mozilla/5.0 (Windows NT 10.0; Win64; x64; rv:155.0) Gecko/20100101 Firefox/155.0","timestamp":"2026-09-13T21:16:04.532Z"} 
[2026-09-13 21:16:04] local.DEBUG: [vite] hot updated: /resources/css/app.css {"url":"http://localhost:8000/","user_agent":"Mozilla/5.0 (Windows NT 10.0; Win64; x64; rv:155.0) Gecko/20100101 Firefox/155.0","timestamp":"2026-09-13T21:16:04.532Z"} 
[2026-09-13 21:16:11] local.DEBUG: [vite] hot updated: /resources/js/pages/welcome.tsx {"url":"http://localhost:8000/","user_agent":"Mozilla/5.0 (Windows NT 10.0; Win64; x64; rv:155.0) Gecko/20100101 Firefox/155.0","timestamp":"2026-09-13T21:16:08.134Z"} 
[2026-09-13 21:16:11] local.DEBUG: [vite] hot updated: /resources/css/app.css {"url":"http://localhost:8000/","user_agent":"Mozilla/5.0 (Windows NT 10.0; Win64; x64; rv:155.0) Gecko/20100101 Firefox/155.0","timestamp":"2026-09-13T21:16:08.134Z"} 
[2026-09-13 21:16:11] local.DEBUG: [vite] connecting... {"url":"http://localhost:8000/","user_agent":"Mozilla/5.0 (Windows NT 10.0; Win64; x64; rv:155.0) Gecko/20100101 Firefox/155.0","timestamp":"2026-09-13T21:16:11.655Z"} 
[2026-09-13 21:16:11] local.INFO: %cDownload the React DevTools for a better development experience: https://react.dev/link/react-devtools font-weight:bold {"url":"http://localhost:8000/","user_agent":"Mozilla/5.0 (Windows NT 10.0; Win64; x64; rv:155.0) Gecko/20100101 Firefox/155.0","timestamp":"2026-09-13T21:16:11.665Z"} 
[2026-09-13 21:16:11] local.DEBUG: [vite] connected. {"url":"http://localhost:8000/","user_agent":"Mozilla/5.0 (Windows NT 10.0; Win64; x64; rv:155.0) Gecko/20100101 Firefox/155.0","timestamp":"2026-09-13T21:16:11.671Z"} 
[2026-09-13 21:16:14] local.DEBUG: [vite] hot updated: /resources/js/pages/welcome.tsx {"url":"http://localhost:8000/","user_agent":"Mozilla/5.0 (Windows NT 10.0; Win64; x64; rv:155.0) Gecko/20100101 Firefox/155.0","timestamp":"2026-09-13T21:16:14.032Z"} 
[2026-09-13 21:16:14] local.DEBUG: [vite] hot updated: /resources/css/app.css {"url":"http://localhost:8000/","user_agent":"Mozilla/5.0 (Windows NT 10.0; Win64; x64; rv:155.0) Gecko/20100101 Firefox/155.0","timestamp":"2026-09-13T21:16:14.032Z"} 
[2026-09-13 21:16:22] local.DEBUG: [vite] hot updated: /resources/js/pages/welcome.tsx {"url":"http://localhost:8000/","user_agent":"Mozilla/5.0 (Windows NT 10.0; Win64; x64; rv:155.0) Gecko/20100101 Firefox/155.0","timestamp":"2026-09-13T21:16:21.882Z"} 
[2026-09-13 21:16:22] local.DEBUG: [vite] hot updated: /resources/css/app.css {"url":"http://localhost:8000/","user_agent":"Mozilla/5.0 (Windows NT 10.0; Win64; x64; rv:155.0) Gecko/20100101 Firefox/155.0","timestamp":"2026-09-13T21:16:21.882Z"} 
[2026-09-13 21:16:48] local.DEBUG: [vite] hot updated: /resources/js/pages/welcome.tsx {"url":"http://localhost:8000/","user_agent":"Mozilla/5.0 (Windows NT 10.0; Win64; x64; rv:155.0) Gecko/20100101 Firefox/155.0","timestamp":"2026-09-13T21:16:46.638Z"} 
[2026-09-13 21:16:48] local.DEBUG: [vite] hot updated: /resources/css/app.css {"url":"http://localhost:8000/","user_agent":"Mozilla/5.0 (Windows NT 10.0; Win64; x64; rv:155.0) Gecko/20100101 Firefox/155.0","timestamp":"2026-09-13T21:16:46.638Z"} 
[2026-09-13 21:16:48] local.DEBUG: [vite] connecting... {"url":"http://localhost:8000/","user_agent":"Mozilla/5.0 (Windows NT 10.0; Win64; x64; rv:155.0) Gecko/20100101 Firefox/155.0","timestamp":"2026-09-13T21:16:48.746Z"} 
[2026-09-13 21:16:48] local.INFO: %cDownload the React DevTools for a better development experience: https://react.dev/link/react-devtools font-weight:bold {"url":"http://localhost:8000/","user_agent":"Mozilla/5.0 (Windows NT 10.0; Win64; x64; rv:155.0) Gecko/20100101 Firefox/155.0","timestamp":"2026-09-13T21:16:48.761Z"} 
[2026-09-13 21:16:48] local.DEBUG: [vite] connected. {"url":"http://localhost:8000/","user_agent":"Mozilla/5.0 (Windows NT 10.0; Win64; x64; rv:155.0) Gecko/20100101 Firefox/155.0","timestamp":"2026-09-13T21:16:48.763Z"} 
[2026-09-13 21:17:40] local.DEBUG: [vite] hot updated: /resources/js/pages/welcome.tsx {"url":"http://localhost:8000/","user_agent":"Mozilla/5.0 (Windows NT 10.0; Win64; x64; rv:155.0) Gecko/20100101 Firefox/155.0","timestamp":"2026-09-13T21:17:39.878Z"} 
[2026-09-13 21:17:40] local.DEBUG: [vite] hot updated: /resources/css/app.css {"url":"http://localhost:8000/","user_agent":"Mozilla/5.0 (Windows NT 10.0; Win64; x64; rv:155.0) Gecko/20100101 Firefox/155.0","timestamp":"2026-09-13T21:17:39.878Z"} 
[2026-09-13 21:17:56] local.DEBUG: [vite] hot updated: /resources/js/pages/welcome.tsx {"url":"http://localhost:8000/","user_agent":"Mozilla/5.0 (Windows NT 10.0; Win64; x64; rv:155.0) Gecko/20100101 Firefox/155.0","timestamp":"2026-09-13T21:17:56.253Z"} 
[2026-09-13 21:17:56] local.DEBUG: [vite] hot updated: /resources/css/app.css {"url":"http://localhost:8000/","user_agent":"Mozilla/5.0 (Windows NT 10.0; Win64; x64; rv:155.0) Gecko/20100101 Firefox/155.0","timestamp":"2026-09-13T21:17:56.253Z"} 
[2026-09-13 21:18:11] local.DEBUG: [vite] hot updated: /resources/js/pages/welcome.tsx {"url":"http://localhost:8000/","user_agent":"Mozilla/5.0 (Windows NT 10.0; Win64; x64; rv:155.0) Gecko/20100101 Firefox/155.0","timestamp":"2026-09-13T21:18:10.881Z"} 
[2026-09-13 21:18:11] local.DEBUG: [vite] hot updated: /resources/css/app.css {"url":"http://localhost:8000/","user_agent":"Mozilla/5.0 (Windows NT 10.0; Win64; x64; rv:155.0) Gecko/20100101 Firefox/155.0","timestamp":"2026-09-13T21:18:10.881Z"} 
[2026-09-13 21:18:20] local.DEBUG: [vite] hot updated: /resources/js/pages/welcome.tsx {"url":"http://localhost:8000/","user_agent":"Mozilla/5.0 (Windows NT 10.0; Win64; x64; rv:155.0) Gecko/20100101 Firefox/155.0","timestamp":"2026-09-13T21:18:20.004Z"} 
[2026-09-13 21:18:20] local.DEBUG: [vite] hot updated: /resources/css/app.css {"url":"http://localhost:8000/","user_agent":"Mozilla/5.0 (Windows NT 10.0; Win64; x64; rv:155.0) Gecko/20100101 Firefox/155.0","timestamp":"2026-09-13T21:18:20.004Z"} 
[2026-09-13 21:18:47] local.DEBUG: [vite] hot updated: /resources/js/pages/welcome.tsx {"url":"http://localhost:8000/","user_agent":"Mozilla/5.0 (Windows NT 10.0; Win64; x64; rv:155.0) Gecko/20100101 Firefox/155.0","timestamp":"2026-09-13T21:18:47.124Z"} 
[2026-09-13 21:18:47] local.DEBUG: [vite] hot updated: /resources/css/app.css {"url":"http://localhost:8000/","user_agent":"Mozilla/5.0 (Windows NT 10.0; Win64; x64; rv:155.0) Gecko/20100101 Firefox/155.0","timestamp":"2026-09-13T21:18:47.124Z"} 
[2026-09-13 21:18:54] local.DEBUG: [vite] hot updated: /resources/js/pages/welcome.tsx {"url":"http://localhost:8000/","user_agent":"Mozilla/5.0 (Windows NT 10.0; Win64; x64; rv:155.0) Gecko/20100101 Firefox/155.0","timestamp":"2026-09-13T21:18:54.450Z"} 
[2026-09-13 21:18:54] local.DEBUG: [vite] hot updated: /resources/css/app.css {"url":"http://localhost:8000/","user_agent":"Mozilla/5.0 (Windows NT 10.0; Win64; x64; rv:155.0) Gecko/20100101 Firefox/155.0","timestamp":"2026-09-13T21:18:54.450Z"} 
[2026-09-13 21:19:10] local.DEBUG: [vite] hot updated: /resources/js/pages/welcome.tsx {"url":"http://localhost:8000/","user_agent":"Mozilla/5.0 (Windows NT 10.0; Win64; x64; rv:155.0) Gecko/20100101 Firefox/155.0","timestamp":"2026-09-13T21:19:09.511Z"} 
[2026-09-13 21:19:10] local.DEBUG: [vite] hot updated: /resources/css/app.css {"url":"http://localhost:8000/","user_agent":"Mozilla/5.0 (Windows NT 10.0; Win64; x64; rv:155.0) Gecko/20100101 Firefox/155.0","timestamp":"2026-09-13T21:19:09.511Z"} 
[2026-09-13 21:19:23] local.DEBUG: [vite] hot updated: /resources/js/pages/welcome.tsx {"url":"http://localhost:8000/","user_agent":"Mozilla/5.0 (Windows NT 10.0; Win64; x64; rv:155.0) Gecko/20100101 Firefox/155.0","timestamp":"2026-09-13T21:19:23.421Z"} 
[2026-09-13 21:19:23] local.DEBUG: [vite] hot updated: /resources/css/app.css {"url":"http://localhost:8000/","user_agent":"Mozilla/5.0 (Windows NT 10.0; Win64; x64; rv:155.0) Gecko/20100101 Firefox/155.0","timestamp":"2026-09-13T21:19:23.421Z"} 
[2026-09-13 21:19:29] local.DEBUG: [vite] hot updated: /resources/js/pages/welcome.tsx {"url":"http://localhost:8000/","user_agent":"Mozilla/5.0 (Windows NT 10.0; Win64; x64; rv:155.0) Gecko/20100101 Firefox/155.0","timestamp":"2026-09-13T21:19:29.189Z"} 
[2026-09-13 21:19:29] local.DEBUG: [vite] hot updated: /resources/css/app.css {"url":"http://localhost:8000/","user_agent":"Mozilla/5.0 (Windows NT 10.0; Win64; x64; rv:155.0) Gecko/20100101 Firefox/155.0","timestamp":"2026-09-13T21:19:29.189Z"} 
[2026-09-13 21:19:34] local.DEBUG: [vite] hot updated: /resources/js/pages/welcome.tsx {"url":"http://localhost:8000/","user_agent":"Mozilla/5.0 (Windows NT 10.0; Win64; x64; rv:155.0) Gecko/20100101 Firefox/155.0","timestamp":"2026-09-13T21:19:34.560Z"} 
[2026-09-13 21:19:34] local.DEBUG: [vite] hot updated: /resources/css/app.css {"url":"http://localhost:8000/","user_agent":"Mozilla/5.0 (Windows NT 10.0; Win64; x64; rv:155.0) Gecko/20100101 Firefox/155.0","timestamp":"2026-09-13T21:19:34.560Z"} 
[2026-09-13 21:19:37] local.DEBUG: [vite] hot updated: /resources/js/pages/welcome.tsx {"url":"http://localhost:8000/","user_agent":"Mozilla/5.0 (Windows NT 10.0; Win64; x64; rv:155.0) Gecko/20100101 Firefox/155.0","timestamp":"2026-09-13T21:19:37.249Z"} 
[2026-09-13 21:19:37] local.DEBUG: [vite] hot updated: /resources/css/app.css {"url":"http://localhost:8000/","user_agent":"Mozilla/5.0 (Windows NT 10.0; Win64; x64; rv:155.0) Gecko/20100101 Firefox/155.0","timestamp":"2026-09-13T21:19:37.249Z"} 
[2026-09-13 21:19:42] local.DEBUG: [vite] hot updated: /resources/js/pages/welcome.tsx {"url":"http://localhost:8000/","user_agent":"Mozilla/5.0 (Windows NT 10.0; Win64; x64; rv:155.0) Gecko/20100101 Firefox/155.0","timestamp":"2026-09-13T21:19:42.221Z"} 
[2026-09-13 21:19:42] local.DEBUG: [vite] hot updated: /resources/css/app.css {"url":"http://localhost:8000/","user_agent":"Mozilla/5.0 (Windows NT 10.0; Win64; x64; rv:155.0) Gecko/20100101 Firefox/155.0","timestamp":"2026-09-13T21:19:42.221Z"} 
[2026-09-13 21:20:03] local.DEBUG: [vite] hot updated: /resources/js/pages/welcome.tsx {"url":"http://localhost:8000/","user_agent":"Mozilla/5.0 (Windows NT 10.0; Win64; x64; rv:155.0) Gecko/20100101 Firefox/155.0","timestamp":"2026-09-13T21:20:03.264Z"} 
[2026-09-13 21:20:03] local.DEBUG: [vite] hot updated: /resources/css/app.css {"url":"http://localhost:8000/","user_agent":"Mozilla/5.0 (Windows NT 10.0; Win64; x64; rv:155.0) Gecko/20100101 Firefox/155.0","timestamp":"2026-09-13T21:20:03.264Z"} 
[2026-09-13 21:20:15] local.DEBUG: [vite] hot updated: /resources/js/pages/welcome.tsx {"url":"http://localhost:8000/","user_agent":"Mozilla/5.0 (Windows NT 10.0; Win64; x64; rv:155.0) Gecko/20100101 Firefox/155.0","timestamp":"2026-09-13T21:20:15.590Z"} 
[2026-09-13 21:20:15] local.DEBUG: [vite] hot updated: /resources/css/app.css {"url":"http://localhost:8000/","user_agent":"Mozilla/5.0 (Windows NT 10.0; Win64; x64; rv:155.0) Gecko/20100101 Firefox/155.0","timestamp":"2026-09-13T21:20:15.590Z"} 
[2026-09-13 21:20:17] local.DEBUG: [vite] hot updated: /resources/js/pages/welcome.tsx {"url":"http://localhost:8000/","user_agent":"Mozilla/5.0 (Windows NT 10.0; Win64; x64; rv:155.0) Gecko/20100101 Firefox/155.0","timestamp":"2026-09-13T21:20:17.584Z"} 
[2026-09-13 21:20:17] local.DEBUG: [vite] hot updated: /resources/css/app.css {"url":"http://localhost:8000/","user_agent":"Mozilla/5.0 (Windows NT 10.0; Win64; x64; rv:155.0) Gecko/20100101 Firefox/155.0","timestamp":"2026-09-13T21:20:17.584Z"} 
[2026-09-13 21:20:22] local.DEBUG: [vite] hot updated: /resources/js/pages/welcome.tsx {"url":"http://localhost:8000/","user_agent":"Mozilla/5.0 (Windows NT 10.0; Win64; x64; rv:155.0) Gecko/20100101 Firefox/155.0","timestamp":"2026-09-13T21:20:22.030Z"} 
[2026-09-13 21:20:22] local.DEBUG: [vite] hot updated: /resources/css/app.css {"url":"http://localhost:8000/","user_agent":"Mozilla/5.0 (Windows NT 10.0; Win64; x64; rv:155.0) Gecko/20100101 Firefox/155.0","timestamp":"2026-09-13T21:20:22.030Z"} 
[2026-09-13 21:20:27] local.DEBUG: [vite] hot updated: /resources/js/pages/welcome.tsx {"url":"http://localhost:8000/","user_agent":"Mozilla/5.0 (Windows NT 10.0; Win64; x64; rv:155.0) Gecko/20100101 Firefox/155.0","timestamp":"2026-09-13T21:20:27.716Z"} 
[2026-09-13 21:20:27] local.DEBUG: [vite] hot updated: /resources/css/app.css {"url":"http://localhost:8000/","user_agent":"Mozilla/5.0 (Windows NT 10.0; Win64; x64; rv:155.0) Gecko/20100101 Firefox/155.0","timestamp":"2026-09-13T21:20:27.716Z"} 
[2026-09-13 21:20:52] local.DEBUG: [vite] hot updated: /resources/js/pages/welcome.tsx {"url":"http://localhost:8000/","user_agent":"Mozilla/5.0 (Windows NT 10.0; Win64; x64; rv:155.0) Gecko/20100101 Firefox/155.0","timestamp":"2026-09-13T21:20:52.602Z"} 
[2026-09-13 21:20:52] local.DEBUG: [vite] hot updated: /resources/css/app.css {"url":"http://localhost:8000/","user_agent":"Mozilla/5.0 (Windows NT 10.0; Win64; x64; rv:155.0) Gecko/20100101 Firefox/155.0","timestamp":"2026-09-13T21:20:52.602Z"} 
[2026-09-13 21:21:12] local.DEBUG: [vite] hot updated: /resources/js/pages/welcome.tsx {"url":"http://localhost:8000/","user_agent":"Mozilla/5.0 (Windows NT 10.0; Win64; x64; rv:155.0) Gecko/20100101 Firefox/155.0","timestamp":"2026-09-13T21:21:12.374Z"} 
[2026-09-13 21:21:12] local.DEBUG: [vite] hot updated: /resources/css/app.css {"url":"http://localhost:8000/","user_agent":"Mozilla/5.0 (Windows NT 10.0; Win64; x64; rv:155.0) Gecko/20100101 Firefox/155.0","timestamp":"2026-09-13T21:21:12.374Z"} 
[2026-09-13 21:21:40] local.DEBUG: [vite] hot updated: /resources/js/pages/welcome.tsx {"url":"http://localhost:8000/","user_agent":"Mozilla/5.0 (Windows NT 10.0; Win64; x64; rv:155.0) Gecko/20100101 Firefox/155.0","timestamp":"2026-09-13T21:21:39.983Z"} 
[2026-09-13 21:21:40] local.DEBUG: [vite] hot updated: /resources/css/app.css {"url":"http://localhost:8000/","user_agent":"Mozilla/5.0 (Windows NT 10.0; Win64; x64; rv:155.0) Gecko/20100101 Firefox/155.0","timestamp":"2026-09-13T21:21:39.983Z"} 
[2026-09-13 21:22:00] local.DEBUG: [vite] hot updated: /resources/js/pages/welcome.tsx {"url":"http://localhost:8000/","user_agent":"Mozilla/5.0 (Windows NT 10.0; Win64; x64; rv:155.0) Gecko/20100101 Firefox/155.0","timestamp":"2026-09-13T21:21:59.955Z"} 
[2026-09-13 21:22:00] local.DEBUG: [vite] hot updated: /resources/css/app.css {"url":"http://localhost:8000/","user_agent":"Mozilla/5.0 (Windows NT 10.0; Win64; x64; rv:155.0) Gecko/20100101 Firefox/155.0","timestamp":"2026-09-13T21:21:59.955Z"} 
[2026-09-13 21:22:09] local.DEBUG: [vite] hot updated: /resources/js/pages/welcome.tsx {"url":"http://localhost:8000/","user_agent":"Mozilla/5.0 (Windows NT 10.0; Win64; x64; rv:155.0) Gecko/20100101 Firefox/155.0","timestamp":"2026-09-13T21:22:08.966Z"} 
[2026-09-13 21:22:09] local.DEBUG: [vite] hot updated: /resources/css/app.css {"url":"http://localhost:8000/","user_agent":"Mozilla/5.0 (Windows NT 10.0; Win64; x64; rv:155.0) Gecko/20100101 Firefox/155.0","timestamp":"2026-09-13T21:22:08.966Z"} 
[2026-09-13 21:22:27] local.DEBUG: [vite] hot updated: /resources/js/pages/welcome.tsx {"url":"http://localhost:8000/","user_agent":"Mozilla/5.0 (Windows NT 10.0; Win64; x64; rv:155.0) Gecko/20100101 Firefox/155.0","timestamp":"2026-09-13T21:22:26.894Z"} 
[2026-09-13 21:22:27] local.DEBUG: [vite] hot updated: /resources/css/app.css {"url":"http://localhost:8000/","user_agent":"Mozilla/5.0 (Windows NT 10.0; Win64; x64; rv:155.0) Gecko/20100101 Firefox/155.0","timestamp":"2026-09-13T21:22:26.894Z"} 
[2026-09-13 21:22:54] local.DEBUG: [vite] hot updated: /resources/js/pages/welcome.tsx {"url":"http://localhost:8000/","user_agent":"Mozilla/5.0 (Windows NT 10.0; Win64; x64; rv:155.0) Gecko/20100101 Firefox/155.0","timestamp":"2026-09-13T21:22:54.184Z"} 
[2026-09-13 21:22:54] local.DEBUG: [vite] hot updated: /resources/css/app.css {"url":"http://localhost:8000/","user_agent":"Mozilla/5.0 (Windows NT 10.0; Win64; x64; rv:155.0) Gecko/20100101 Firefox/155.0","timestamp":"2026-09-13T21:22:54.184Z"} 
[2026-09-13 21:23:00] local.DEBUG: [vite] hot updated: /resources/js/pages/welcome.tsx {"url":"http://localhost:8000/","user_agent":"Mozilla/5.0 (Windows NT 10.0; Win64; x64; rv:155.0) Gecko/20100101 Firefox/155.0","timestamp":"2026-09-13T21:23:00.648Z"} 
[2026-09-13 21:23:00] local.DEBUG: [vite] hot updated: /resources/css/app.css {"url":"http://localhost:8000/","user_agent":"Mozilla/5.0 (Windows NT 10.0; Win64; x64; rv:155.0) Gecko/20100101 Firefox/155.0","timestamp":"2026-09-13T21:23:00.648Z"} 
[2026-09-13 21:23:02] local.DEBUG: [vite] connecting... {"url":"http://localhost:8000/","user_agent":"Mozilla/5.0 (Windows NT 10.0; Win64; x64; rv:155.0) Gecko/20100101 Firefox/155.0","timestamp":"2026-09-13T21:23:02.476Z"} 
[2026-09-13 21:23:02] local.INFO: %cDownload the React DevTools for a better development experience: https://react.dev/link/react-devtools font-weight:bold {"url":"http://localhost:8000/","user_agent":"Mozilla/5.0 (Windows NT 10.0; Win64; x64; rv:155.0) Gecko/20100101 Firefox/155.0","timestamp":"2026-09-13T21:23:02.502Z"} 
[2026-09-13 21:23:02] local.DEBUG: [vite] connected. {"url":"http://localhost:8000/","user_agent":"Mozilla/5.0 (Windows NT 10.0; Win64; x64; rv:155.0) Gecko/20100101 Firefox/155.0","timestamp":"2026-09-13T21:23:02.504Z"} 
[2026-09-13 21:23:23] local.DEBUG: [vite] hot updated: /resources/js/pages/welcome.tsx {"url":"http://localhost:8000/","user_agent":"Mozilla/5.0 (Windows NT 10.0; Win64; x64; rv:155.0) Gecko/20100101 Firefox/155.0","timestamp":"2026-09-13T21:23:23.355Z"} 
[2026-09-13 21:23:23] local.DEBUG: [vite] hot updated: /resources/css/app.css {"url":"http://localhost:8000/","user_agent":"Mozilla/5.0 (Windows NT 10.0; Win64; x64; rv:155.0) Gecko/20100101 Firefox/155.0","timestamp":"2026-09-13T21:23:23.355Z"} 
[2026-09-13 21:23:26] local.DEBUG: [vite] hot updated: /resources/js/pages/welcome.tsx {"url":"http://localhost:8000/","user_agent":"Mozilla/5.0 (Windows NT 10.0; Win64; x64; rv:155.0) Gecko/20100101 Firefox/155.0","timestamp":"2026-09-13T21:23:26.420Z"} 
[2026-09-13 21:23:26] local.DEBUG: [vite] hot updated: /resources/css/app.css {"url":"http://localhost:8000/","user_agent":"Mozilla/5.0 (Windows NT 10.0; Win64; x64; rv:155.0) Gecko/20100101 Firefox/155.0","timestamp":"2026-09-13T21:23:26.420Z"} 
[2026-09-13 21:23:28] local.DEBUG: [vite] hot updated: /resources/js/pages/welcome.tsx {"url":"http://localhost:8000/","user_agent":"Mozilla/5.0 (Windows NT 10.0; Win64; x64; rv:155.0) Gecko/20100101 Firefox/155.0","timestamp":"2026-09-13T21:23:28.508Z"} 
[2026-09-13 21:23:28] local.DEBUG: [vite] hot updated: /resources/css/app.css {"url":"http://localhost:8000/","user_agent":"Mozilla/5.0 (Windows NT 10.0; Win64; x64; rv:155.0) Gecko/20100101 Firefox/155.0","timestamp":"2026-09-13T21:23:28.508Z"} 
[2026-09-13 21:23:29] local.DEBUG: [vite] connecting... {"url":"http://localhost:8000/","user_agent":"Mozilla/5.0 (Windows NT 10.0; Win64; x64; rv:155.0) Gecko/20100101 Firefox/155.0","timestamp":"2026-09-13T21:23:29.330Z"} 
[2026-09-13 21:23:29] local.INFO: %cDownload the React DevTools for a better development experience: https://react.dev/link/react-devtools font-weight:bold {"url":"http://localhost:8000/","user_agent":"Mozilla/5.0 (Windows NT 10.0; Win64; x64; rv:155.0) Gecko/20100101 Firefox/155.0","timestamp":"2026-09-13T21:23:29.350Z"} 
[2026-09-13 21:23:29] local.DEBUG: [vite] connected. {"url":"http://localhost:8000/","user_agent":"Mozilla/5.0 (Windows NT 10.0; Win64; x64; rv:155.0) Gecko/20100101 Firefox/155.0","timestamp":"2026-09-13T21:23:29.352Z"} 
[2026-09-13 21:25:52] local.DEBUG: [vite] hot updated: /resources/js/pages/welcome.tsx {"url":"http://localhost:8000/","user_agent":"Mozilla/5.0 (Windows NT 10.0; Win64; x64; rv:155.0) Gecko/20100101 Firefox/155.0","timestamp":"2026-09-13T21:25:51.192Z"} 
[2026-09-13 21:25:52] local.DEBUG: [vite] hot updated: /resources/css/app.css {"url":"http://localhost:8000/","user_agent":"Mozilla/5.0 (Windows NT 10.0; Win64; x64; rv:155.0) Gecko/20100101 Firefox/155.0","timestamp":"2026-09-13T21:25:51.192Z"} 
[2026-09-13 21:28:08] local.DEBUG: [vite] hot updated: /resources/js/pages/welcome.tsx {"url":"http://localhost:8000/","user_agent":"Mozilla/5.0 (Windows NT 10.0; Win64; x64; rv:155.0) Gecko/20100101 Firefox/155.0","timestamp":"2026-09-13T21:28:08.555Z"} 
[2026-09-13 21:28:08] local.DEBUG: [vite] hot updated: /resources/css/app.css {"url":"http://localhost:8000/","user_agent":"Mozilla/5.0 (Windows NT 10.0; Win64; x64; rv:155.0) Gecko/20100101 Firefox/155.0","timestamp":"2026-09-13T21:28:08.555Z"} 
[2026-09-13 21:29:43] local.DEBUG: [vite] hot updated: /resources/js/pages/welcome.tsx {"url":"http://localhost:8000/","user_agent":"Mozilla/5.0 (Windows NT 10.0; Win64; x64; rv:155.0) Gecko/20100101 Firefox/155.0","timestamp":"2026-09-13T21:29:42.017Z"} 
[2026-09-13 21:29:43] local.DEBUG: [vite] hot updated: /resources/css/app.css {"url":"http://localhost:8000/","user_agent":"Mozilla/5.0 (Windows NT 10.0; Win64; x64; rv:155.0) Gecko/20100101 Firefox/155.0","timestamp":"2026-09-13T21:29:42.017Z"} 
[2026-09-13 21:34:08] local.DEBUG: [vite] hot updated: /resources/js/pages/welcome.tsx {"url":"http://localhost:8000/","user_agent":"Mozilla/5.0 (Windows NT 10.0; Win64; x64; rv:155.0) Gecko/20100101 Firefox/155.0","timestamp":"2026-09-13T21:34:07.868Z"} 
[2026-09-13 21:34:08] local.DEBUG: [vite] hot updated: /resources/css/app.css {"url":"http://localhost:8000/","user_agent":"Mozilla/5.0 (Windows NT 10.0; Win64; x64; rv:155.0) Gecko/20100101 Firefox/155.0","timestamp":"2026-09-13T21:34:07.868Z"} 
[2026-09-13 21:35:03] local.DEBUG: [vite] hot updated: /resources/js/pages/welcome.tsx {"url":"http://localhost:8000/","user_agent":"Mozilla/5.0 (Windows NT 10.0; Win64; x64; rv:155.0) Gecko/20100101 Firefox/155.0","timestamp":"2026-09-13T21:35:03.046Z"} 
[2026-09-13 21:35:03] local.DEBUG: [vite] hot updated: /resources/css/app.css {"url":"http://localhost:8000/","user_agent":"Mozilla/5.0 (Windows NT 10.0; Win64; x64; rv:155.0) Gecko/20100101 Firefox/155.0","timestamp":"2026-09-13T21:35:03.046Z"} 
[2026-09-13 21:35:43] local.DEBUG: [vite] hot updated: /resources/js/pages/welcome.tsx {"url":"http://localhost:8000/","user_agent":"Mozilla/5.0 (Windows NT 10.0; Win64; x64; rv:155.0) Gecko/20100101 Firefox/155.0","timestamp":"2026-09-13T21:35:42.710Z"} 
[2026-09-13 21:35:43] local.DEBUG: [vite] hot updated: /resources/css/app.css {"url":"http://localhost:8000/","user_agent":"Mozilla/5.0 (Windows NT 10.0; Win64; x64; rv:155.0) Gecko/20100101 Firefox/155.0","timestamp":"2026-09-13T21:35:42.710Z"} 
[2026-09-13 21:36:46] local.DEBUG: [vite] hot updated: /resources/js/pages/welcome.tsx {"url":"http://localhost:8000/","user_agent":"Mozilla/5.0 (Windows NT 10.0; Win64; x64; rv:155.0) Gecko/20100101 Firefox/155.0","timestamp":"2026-09-13T21:36:45.571Z"} 
[2026-09-13 21:36:46] local.DEBUG: [vite] hot updated: /resources/css/app.css {"url":"http://localhost:8000/","user_agent":"Mozilla/5.0 (Windows NT 10.0; Win64; x64; rv:155.0) Gecko/20100101 Firefox/155.0","timestamp":"2026-09-13T21:36:45.571Z"} 
[2026-09-13 21:36:55] local.DEBUG: [vite] hot updated: /resources/js/pages/welcome.tsx {"url":"http://localhost:8000/","user_agent":"Mozilla/5.0 (Windows NT 10.0; Win64; x64; rv:155.0) Gecko/20100101 Firefox/155.0","timestamp":"2026-09-13T21:36:55.088Z"} 
[2026-09-13 21:36:55] local.DEBUG: [vite] hot updated: /resources/css/app.css {"url":"http://localhost:8000/","user_agent":"Mozilla/5.0 (Windows NT 10.0; Win64; x64; rv:155.0) Gecko/20100101 Firefox/155.0","timestamp":"2026-09-13T21:36:55.089Z"} 
[2026-09-13 21:38:49] local.DEBUG: [vite] hot updated: /resources/js/pages/welcome.tsx {"url":"http://localhost:8000/","user_agent":"Mozilla/5.0 (Windows NT 10.0; Win64; x64; rv:155.0) Gecko/20100101 Firefox/155.0","timestamp":"2026-09-13T21:38:49.405Z"} 
[2026-09-13 21:38:49] local.DEBUG: [vite] hot updated: /resources/css/app.css {"url":"http://localhost:8000/","user_agent":"Mozilla/5.0 (Windows NT 10.0; Win64; x64; rv:155.0) Gecko/20100101 Firefox/155.0","timestamp":"2026-09-13T21:38:49.405Z"} 
[2026-09-13 21:38:56] local.DEBUG: [vite] hot updated: /resources/js/pages/welcome.tsx {"url":"http://localhost:8000/","user_agent":"Mozilla/5.0 (Windows NT 10.0; Win64; x64; rv:155.0) Gecko/20100101 Firefox/155.0","timestamp":"2026-09-13T21:38:55.906Z"} 
[2026-09-13 21:38:56] local.DEBUG: [vite] hot updated: /resources/css/app.css {"url":"http://localhost:8000/","user_agent":"Mozilla/5.0 (Windows NT 10.0; Win64; x64; rv:155.0) Gecko/20100101 Firefox/155.0","timestamp":"2026-09-13T21:38:55.906Z"} 
[2026-09-13 21:38:58] local.DEBUG: [vite] connecting... {"url":"http://localhost:8000/","user_agent":"Mozilla/5.0 (Windows NT 10.0; Win64; x64; rv:155.0) Gecko/20100101 Firefox/155.0","timestamp":"2026-09-13T21:38:58.019Z"} 
[2026-09-13 21:38:58] local.INFO: %cDownload the React DevTools for a better development experience: https://react.dev/link/react-devtools font-weight:bold {"url":"http://localhost:8000/","user_agent":"Mozilla/5.0 (Windows NT 10.0; Win64; x64; rv:155.0) Gecko/20100101 Firefox/155.0","timestamp":"2026-09-13T21:38:58.040Z"} 
[2026-09-13 21:38:58] local.DEBUG: [vite] connected. {"url":"http://localhost:8000/","user_agent":"Mozilla/5.0 (Windows NT 10.0; Win64; x64; rv:155.0) Gecko/20100101 Firefox/155.0","timestamp":"2026-09-13T21:38:58.049Z"} 
[2026-09-13 21:39:22] local.DEBUG: [vite] hot updated: /resources/js/pages/welcome.tsx {"url":"http://localhost:8000/","user_agent":"Mozilla/5.0 (Windows NT 10.0; Win64; x64; rv:155.0) Gecko/20100101 Firefox/155.0","timestamp":"2026-09-13T21:39:20.748Z"} 
[2026-09-13 21:39:22] local.DEBUG: [vite] hot updated: /resources/css/app.css {"url":"http://localhost:8000/","user_agent":"Mozilla/5.0 (Windows NT 10.0; Win64; x64; rv:155.0) Gecko/20100101 Firefox/155.0","timestamp":"2026-09-13T21:39:20.748Z"} 
[2026-09-13 21:39:40] local.DEBUG: [vite] hot updated: /resources/js/pages/welcome.tsx {"url":"http://localhost:8000/","user_agent":"Mozilla/5.0 (Windows NT 10.0; Win64; x64; rv:155.0) Gecko/20100101 Firefox/155.0","timestamp":"2026-09-13T21:39:40.163Z"} 
[2026-09-13 21:39:40] local.DEBUG: [vite] hot updated: /resources/css/app.css {"url":"http://localhost:8000/","user_agent":"Mozilla/5.0 (Windows NT 10.0; Win64; x64; rv:155.0) Gecko/20100101 Firefox/155.0","timestamp":"2026-09-13T21:39:40.163Z"} 
[2026-09-13 21:39:42] local.DEBUG: [vite] hot updated: /resources/js/pages/welcome.tsx {"url":"http://localhost:8000/","user_agent":"Mozilla/5.0 (Windows NT 10.0; Win64; x64; rv:155.0) Gecko/20100101 Firefox/155.0","timestamp":"2026-09-13T21:39:41.898Z"} 
[2026-09-13 21:39:42] local.DEBUG: [vite] hot updated: /resources/css/app.css {"url":"http://localhost:8000/","user_agent":"Mozilla/5.0 (Windows NT 10.0; Win64; x64; rv:155.0) Gecko/20100101 Firefox/155.0","timestamp":"2026-09-13T21:39:41.898Z"} 
[2026-09-13 21:39:55] local.DEBUG: [vite] hot updated: /resources/js/pages/welcome.tsx {"url":"http://localhost:8000/","user_agent":"Mozilla/5.0 (Windows NT 10.0; Win64; x64; rv:155.0) Gecko/20100101 Firefox/155.0","timestamp":"2026-09-13T21:39:54.785Z"} 
[2026-09-13 21:39:55] local.DEBUG: [vite] hot updated: /resources/css/app.css {"url":"http://localhost:8000/","user_agent":"Mozilla/5.0 (Windows NT 10.0; Win64; x64; rv:155.0) Gecko/20100101 Firefox/155.0","timestamp":"2026-09-13T21:39:54.785Z"} 
[2026-09-13 21:39:59] local.DEBUG: [vite] hot updated: /resources/js/pages/welcome.tsx {"url":"http://localhost:8000/","user_agent":"Mozilla/5.0 (Windows NT 10.0; Win64; x64; rv:155.0) Gecko/20100101 Firefox/155.0","timestamp":"2026-09-13T21:39:58.979Z"} 
[2026-09-13 21:39:59] local.DEBUG: [vite] hot updated: /resources/css/app.css {"url":"http://localhost:8000/","user_agent":"Mozilla/5.0 (Windows NT 10.0; Win64; x64; rv:155.0) Gecko/20100101 Firefox/155.0","timestamp":"2026-09-13T21:39:58.979Z"} 
[2026-09-13 21:40:09] local.DEBUG: [vite] hot updated: /resources/js/pages/welcome.tsx {"url":"http://localhost:8000/","user_agent":"Mozilla/5.0 (Windows NT 10.0; Win64; x64; rv:155.0) Gecko/20100101 Firefox/155.0","timestamp":"2026-09-13T21:40:09.238Z"} 
[2026-09-13 21:40:09] local.DEBUG: [vite] hot updated: /resources/css/app.css {"url":"http://localhost:8000/","user_agent":"Mozilla/5.0 (Windows NT 10.0; Win64; x64; rv:155.0) Gecko/20100101 Firefox/155.0","timestamp":"2026-09-13T21:40:09.238Z"} 
[2026-09-13 21:41:18] local.DEBUG: [vite] hot updated: /resources/js/pages/welcome.tsx {"url":"http://localhost:8000/","user_agent":"Mozilla/5.0 (Windows NT 10.0; Win64; x64; rv:155.0) Gecko/20100101 Firefox/155.0","timestamp":"2026-09-13T21:41:17.378Z"} 
[2026-09-13 21:41:18] local.DEBUG: [vite] hot updated: /resources/css/app.css {"url":"http://localhost:8000/","user_agent":"Mozilla/5.0 (Windows NT 10.0; Win64; x64; rv:155.0) Gecko/20100101 Firefox/155.0","timestamp":"2026-09-13T21:41:17.378Z"} 
[2026-09-13 21:41:44] local.ERROR: [vite] TypeError error loading dynamically imported module: http://[::1]:5173/resources/js/pages/welcome.tsx?t=1789335703931 null {"url":"http://localhost:8000/","user_agent":"Mozilla/5.0 (Windows NT 10.0; Win64; x64; rv:155.0) Gecko/20100101 Firefox/155.0","timestamp":"2026-09-13T21:41:43.964Z"} 
[2026-09-13 21:41:44] local.ERROR: [vite] Failed to reload /resources/js/pages/welcome.tsx. This could be due to syntax errors or importing non-existent modules. (see errors above) {"url":"http://localhost:8000/","user_agent":"Mozilla/5.0 (Windows NT 10.0; Win64; x64; rv:155.0) Gecko/20100101 Firefox/155.0","timestamp":"2026-09-13T21:41:43.964Z"} 
[2026-09-13 21:41:44] local.DEBUG: [vite] hot updated: /resources/js/pages/welcome.tsx {"url":"http://localhost:8000/","user_agent":"Mozilla/5.0 (Windows NT 10.0; Win64; x64; rv:155.0) Gecko/20100101 Firefox/155.0","timestamp":"2026-09-13T21:41:43.992Z"} 
[2026-09-13 21:41:44] local.DEBUG: [vite] hot updated: /resources/css/app.css {"url":"http://localhost:8000/","user_agent":"Mozilla/5.0 (Windows NT 10.0; Win64; x64; rv:155.0) Gecko/20100101 Firefox/155.0","timestamp":"2026-09-13T21:41:43.992Z"} 
[2026-09-13 21:42:00] local.ERROR: [vite] TypeError error loading dynamically imported module: http://[::1]:5173/resources/js/pages/welcome.tsx?t=1789335719918 null {"url":"http://localhost:8000/","user_agent":"Mozilla/5.0 (Windows NT 10.0; Win64; x64; rv:155.0) Gecko/20100101 Firefox/155.0","timestamp":"2026-09-13T21:41:59.936Z"} 
[2026-09-13 21:42:00] local.ERROR: [vite] Failed to reload /resources/js/pages/welcome.tsx. This could be due to syntax errors or importing non-existent modules. (see errors above) {"url":"http://localhost:8000/","user_agent":"Mozilla/5.0 (Windows NT 10.0; Win64; x64; rv:155.0) Gecko/20100101 Firefox/155.0","timestamp":"2026-09-13T21:41:59.936Z"} 
[2026-09-13 21:42:00] local.DEBUG: [vite] hot updated: /resources/js/pages/welcome.tsx {"url":"http://localhost:8000/","user_agent":"Mozilla/5.0 (Windows NT 10.0; Win64; x64; rv:155.0) Gecko/20100101 Firefox/155.0","timestamp":"2026-09-13T21:41:59.964Z"} 
[2026-09-13 21:42:00] local.DEBUG: [vite] hot updated: /resources/css/app.css {"url":"http://localhost:8000/","user_agent":"Mozilla/5.0 (Windows NT 10.0; Win64; x64; rv:155.0) Gecko/20100101 Firefox/155.0","timestamp":"2026-09-13T21:41:59.964Z"} 
[2026-09-13 21:42:04] local.ERROR: [vite] TypeError error loading dynamically imported module: http://[::1]:5173/resources/js/pages/welcome.tsx?t=1789335724115 null {"url":"http://localhost:8000/","user_agent":"Mozilla/5.0 (Windows NT 10.0; Win64; x64; rv:155.0) Gecko/20100101 Firefox/155.0","timestamp":"2026-09-13T21:42:04.156Z"} 
[2026-09-13 21:42:04] local.ERROR: [vite] Failed to reload /resources/js/pages/welcome.tsx. This could be due to syntax errors or importing non-existent modules. (see errors above) {"url":"http://localhost:8000/","user_agent":"Mozilla/5.0 (Windows NT 10.0; Win64; x64; rv:155.0) Gecko/20100101 Firefox/155.0","timestamp":"2026-09-13T21:42:04.156Z"} 
[2026-09-13 21:42:04] local.DEBUG: [vite] hot updated: /resources/js/pages/welcome.tsx {"url":"http://localhost:8000/","user_agent":"Mozilla/5.0 (Windows NT 10.0; Win64; x64; rv:155.0) Gecko/20100101 Firefox/155.0","timestamp":"2026-09-13T21:42:04.159Z"} 
[2026-09-13 21:42:04] local.DEBUG: [vite] hot updated: /resources/css/app.css {"url":"http://localhost:8000/","user_agent":"Mozilla/5.0 (Windows NT 10.0; Win64; x64; rv:155.0) Gecko/20100101 Firefox/155.0","timestamp":"2026-09-13T21:42:04.159Z"} 
[2026-09-13 21:42:08] local.DEBUG: [vite] hot updated: /resources/js/pages/welcome.tsx {"url":"http://localhost:8000/","user_agent":"Mozilla/5.0 (Windows NT 10.0; Win64; x64; rv:155.0) Gecko/20100101 Firefox/155.0","timestamp":"2026-09-13T21:42:08.264Z"} 
[2026-09-13 21:42:08] local.DEBUG: [vite] hot updated: /resources/css/app.css {"url":"http://localhost:8000/","user_agent":"Mozilla/5.0 (Windows NT 10.0; Win64; x64; rv:155.0) Gecko/20100101 Firefox/155.0","timestamp":"2026-09-13T21:42:08.264Z"} 
[2026-09-13 21:42:46] local.DEBUG: [vite] hot updated: /resources/js/pages/welcome.tsx {"url":"http://localhost:8000/","user_agent":"Mozilla/5.0 (Windows NT 10.0; Win64; x64; rv:155.0) Gecko/20100101 Firefox/155.0","timestamp":"2026-09-13T21:42:45.672Z"} 
[2026-09-13 21:42:46] local.DEBUG: [vite] hot updated: /resources/css/app.css {"url":"http://localhost:8000/","user_agent":"Mozilla/5.0 (Windows NT 10.0; Win64; x64; rv:155.0) Gecko/20100101 Firefox/155.0","timestamp":"2026-09-13T21:42:45.672Z"} 
[2026-09-13 21:43:10] local.DEBUG: [vite] hot updated: /resources/js/pages/welcome.tsx {"url":"http://localhost:8000/","user_agent":"Mozilla/5.0 (Windows NT 10.0; Win64; x64; rv:155.0) Gecko/20100101 Firefox/155.0","timestamp":"2026-09-13T21:43:09.786Z"} 
[2026-09-13 21:43:10] local.DEBUG: [vite] hot updated: /resources/css/app.css {"url":"http://localhost:8000/","user_agent":"Mozilla/5.0 (Windows NT 10.0; Win64; x64; rv:155.0) Gecko/20100101 Firefox/155.0","timestamp":"2026-09-13T21:43:09.786Z"} 
[2026-09-13 21:43:20] local.DEBUG: [vite] hot updated: /resources/js/pages/welcome.tsx {"url":"http://localhost:8000/","user_agent":"Mozilla/5.0 (Windows NT 10.0; Win64; x64; rv:155.0) Gecko/20100101 Firefox/155.0","timestamp":"2026-09-13T21:43:20.257Z"} 
[2026-09-13 21:43:20] local.DEBUG: [vite] hot updated: /resources/css/app.css {"url":"http://localhost:8000/","user_agent":"Mozilla/5.0 (Windows NT 10.0; Win64; x64; rv:155.0) Gecko/20100101 Firefox/155.0","timestamp":"2026-09-13T21:43:20.257Z"} 
[2026-09-13 21:43:46] local.DEBUG: [vite] hot updated: /resources/js/pages/welcome.tsx {"url":"http://localhost:8000/","user_agent":"Mozilla/5.0 (Windows NT 10.0; Win64; x64; rv:155.0) Gecko/20100101 Firefox/155.0","timestamp":"2026-09-13T21:43:46.710Z"} 
[2026-09-13 21:43:46] local.DEBUG: [vite] hot updated: /resources/css/app.css {"url":"http://localhost:8000/","user_agent":"Mozilla/5.0 (Windows NT 10.0; Win64; x64; rv:155.0) Gecko/20100101 Firefox/155.0","timestamp":"2026-09-13T21:43:46.710Z"} 
[2026-09-13 21:43:48] local.DEBUG: [vite] hot updated: /resources/js/pages/welcome.tsx {"url":"http://localhost:8000/","user_agent":"Mozilla/5.0 (Windows NT 10.0; Win64; x64; rv:155.0) Gecko/20100101 Firefox/155.0","timestamp":"2026-09-13T21:43:48.385Z"} 
[2026-09-13 21:43:48] local.DEBUG: [vite] hot updated: /resources/css/app.css {"url":"http://localhost:8000/","user_agent":"Mozilla/5.0 (Windows NT 10.0; Win64; x64; rv:155.0) Gecko/20100101 Firefox/155.0","timestamp":"2026-09-13T21:43:48.385Z"} 
[2026-09-13 21:44:04] local.DEBUG: [vite] hot updated: /resources/js/pages/welcome.tsx {"url":"http://localhost:8000/","user_agent":"Mozilla/5.0 (Windows NT 10.0; Win64; x64; rv:155.0) Gecko/20100101 Firefox/155.0","timestamp":"2026-09-13T21:44:04.540Z"} 
[2026-09-13 21:44:04] local.DEBUG: [vite] hot updated: /resources/css/app.css {"url":"http://localhost:8000/","user_agent":"Mozilla/5.0 (Windows NT 10.0; Win64; x64; rv:155.0) Gecko/20100101 Firefox/155.0","timestamp":"2026-09-13T21:44:04.540Z"} 
[2026-09-13 21:44:11] local.DEBUG: [vite] hot updated: /resources/js/pages/welcome.tsx {"url":"http://localhost:8000/","user_agent":"Mozilla/5.0 (Windows NT 10.0; Win64; x64; rv:155.0) Gecko/20100101 Firefox/155.0","timestamp":"2026-09-13T21:44:07.796Z"} 
[2026-09-13 21:44:11] local.DEBUG: [vite] hot updated: /resources/css/app.css {"url":"http://localhost:8000/","user_agent":"Mozilla/5.0 (Windows NT 10.0; Win64; x64; rv:155.0) Gecko/20100101 Firefox/155.0","timestamp":"2026-09-13T21:44:07.796Z"} 
[2026-09-13 21:44:12] local.DEBUG: [vite] connecting... {"url":"http://localhost:8000/","user_agent":"Mozilla/5.0 (Windows NT 10.0; Win64; x64; rv:155.0) Gecko/20100101 Firefox/155.0","timestamp":"2026-09-13T21:44:11.786Z"} 
[2026-09-13 21:44:12] local.INFO: %cDownload the React DevTools for a better development experience: https://react.dev/link/react-devtools font-weight:bold {"url":"http://localhost:8000/","user_agent":"Mozilla/5.0 (Windows NT 10.0; Win64; x64; rv:155.0) Gecko/20100101 Firefox/155.0","timestamp":"2026-09-13T21:44:11.805Z"} 
[2026-09-13 21:44:12] local.DEBUG: [vite] connected. {"url":"http://localhost:8000/","user_agent":"Mozilla/5.0 (Windows NT 10.0; Win64; x64; rv:155.0) Gecko/20100101 Firefox/155.0","timestamp":"2026-09-13T21:44:11.807Z"} 
[2026-09-13 21:44:28] local.DEBUG: [vite] hot updated: /resources/js/pages/welcome.tsx {"url":"http://localhost:8000/","user_agent":"Mozilla/5.0 (Windows NT 10.0; Win64; x64; rv:155.0) Gecko/20100101 Firefox/155.0","timestamp":"2026-09-13T21:44:28.364Z"} 
[2026-09-13 21:44:28] local.DEBUG: [vite] hot updated: /resources/css/app.css {"url":"http://localhost:8000/","user_agent":"Mozilla/5.0 (Windows NT 10.0; Win64; x64; rv:155.0) Gecko/20100101 Firefox/155.0","timestamp":"2026-09-13T21:44:28.364Z"} 
[2026-09-13 21:44:38] local.DEBUG: [vite] hot updated: /resources/js/pages/welcome.tsx {"url":"http://localhost:8000/","user_agent":"Mozilla/5.0 (Windows NT 10.0; Win64; x64; rv:155.0) Gecko/20100101 Firefox/155.0","timestamp":"2026-09-13T21:44:38.315Z"} 
[2026-09-13 21:44:38] local.DEBUG: [vite] hot updated: /resources/css/app.css {"url":"http://localhost:8000/","user_agent":"Mozilla/5.0 (Windows NT 10.0; Win64; x64; rv:155.0) Gecko/20100101 Firefox/155.0","timestamp":"2026-09-13T21:44:38.315Z"} 
[2026-09-13 21:44:41] local.DEBUG: [vite] hot updated: /resources/js/pages/welcome.tsx {"url":"http://localhost:8000/","user_agent":"Mozilla/5.0 (Windows NT 10.0; Win64; x64; rv:155.0) Gecko/20100101 Firefox/155.0","timestamp":"2026-09-13T21:44:41.621Z"} 
[2026-09-13 21:44:41] local.DEBUG: [vite] hot updated: /resources/css/app.css {"url":"http://localhost:8000/","user_agent":"Mozilla/5.0 (Windows NT 10.0; Win64; x64; rv:155.0) Gecko/20100101 Firefox/155.0","timestamp":"2026-09-13T21:44:41.621Z"} 
[2026-09-13 21:44:45] local.DEBUG: [vite] hot updated: /resources/js/pages/welcome.tsx {"url":"http://localhost:8000/","user_agent":"Mozilla/5.0 (Windows NT 10.0; Win64; x64; rv:155.0) Gecko/20100101 Firefox/155.0","timestamp":"2026-09-13T21:44:45.600Z"} 
[2026-09-13 21:44:45] local.DEBUG: [vite] hot updated: /resources/css/app.css {"url":"http://localhost:8000/","user_agent":"Mozilla/5.0 (Windows NT 10.0; Win64; x64; rv:155.0) Gecko/20100101 Firefox/155.0","timestamp":"2026-09-13T21:44:45.600Z"} 
[2026-09-13 21:44:48] local.DEBUG: [vite] hot updated: /resources/js/pages/welcome.tsx {"url":"http://localhost:8000/","user_agent":"Mozilla/5.0 (Windows NT 10.0; Win64; x64; rv:155.0) Gecko/20100101 Firefox/155.0","timestamp":"2026-09-13T21:44:47.989Z"} 
[2026-09-13 21:44:48] local.DEBUG: [vite] hot updated: /resources/css/app.css {"url":"http://localhost:8000/","user_agent":"Mozilla/5.0 (Windows NT 10.0; Win64; x64; rv:155.0) Gecko/20100101 Firefox/155.0","timestamp":"2026-09-13T21:44:47.989Z"} 
[2026-09-13 21:44:53] local.DEBUG: [vite] hot updated: /resources/js/pages/welcome.tsx {"url":"http://localhost:8000/","user_agent":"Mozilla/5.0 (Windows NT 10.0; Win64; x64; rv:155.0) Gecko/20100101 Firefox/155.0","timestamp":"2026-09-13T21:44:52.895Z"} 
[2026-09-13 21:44:53] local.DEBUG: [vite] hot updated: /resources/css/app.css {"url":"http://localhost:8000/","user_agent":"Mozilla/5.0 (Windows NT 10.0; Win64; x64; rv:155.0) Gecko/20100101 Firefox/155.0","timestamp":"2026-09-13T21:44:52.895Z"} 
[2026-09-13 21:45:16] local.DEBUG: [vite] hot updated: /resources/js/pages/welcome.tsx {"url":"http://localhost:8000/","user_agent":"Mozilla/5.0 (Windows NT 10.0; Win64; x64; rv:155.0) Gecko/20100101 Firefox/155.0","timestamp":"2026-09-13T21:45:16.664Z"} 
[2026-09-13 21:45:16] local.DEBUG: [vite] hot updated: /resources/css/app.css {"url":"http://localhost:8000/","user_agent":"Mozilla/5.0 (Windows NT 10.0; Win64; x64; rv:155.0) Gecko/20100101 Firefox/155.0","timestamp":"2026-09-13T21:45:16.664Z"} 
[2026-09-13 21:45:21] local.DEBUG: [vite] hot updated: /resources/js/pages/welcome.tsx {"url":"http://localhost:8000/","user_agent":"Mozilla/5.0 (Windows NT 10.0; Win64; x64; rv:155.0) Gecko/20100101 Firefox/155.0","timestamp":"2026-09-13T21:45:21.038Z"} 
[2026-09-13 21:45:21] local.DEBUG: [vite] hot updated: /resources/css/app.css {"url":"http://localhost:8000/","user_agent":"Mozilla/5.0 (Windows NT 10.0; Win64; x64; rv:155.0) Gecko/20100101 Firefox/155.0","timestamp":"2026-09-13T21:45:21.038Z"} 
[2026-09-13 21:45:28] local.DEBUG: [vite] hot updated: /resources/js/pages/welcome.tsx {"url":"http://localhost:8000/","user_agent":"Mozilla/5.0 (Windows NT 10.0; Win64; x64; rv:155.0) Gecko/20100101 Firefox/155.0","timestamp":"2026-09-13T21:45:28.172Z"} 
[2026-09-13 21:45:28] local.DEBUG: [vite] hot updated: /resources/css/app.css {"url":"http://localhost:8000/","user_agent":"Mozilla/5.0 (Windows NT 10.0; Win64; x64; rv:155.0) Gecko/20100101 Firefox/155.0","timestamp":"2026-09-13T21:45:28.172Z"} 
[2026-09-13 21:45:32] local.DEBUG: [vite] hot updated: /resources/js/pages/welcome.tsx {"url":"http://localhost:8000/","user_agent":"Mozilla/5.0 (Windows NT 10.0; Win64; x64; rv:155.0) Gecko/20100101 Firefox/155.0","timestamp":"2026-09-13T21:45:32.243Z"} 
[2026-09-13 21:45:33] local.DEBUG: [vite] hot updated: /resources/css/app.css {"url":"http://localhost:8000/","user_agent":"Mozilla/5.0 (Windows NT 10.0; Win64; x64; rv:155.0) Gecko/20100101 Firefox/155.0","timestamp":"2026-09-13T21:45:32.243Z"} 
[2026-09-13 21:47:15] local.DEBUG: [vite] hot updated: /resources/js/pages/welcome.tsx {"url":"http://localhost:8000/","user_agent":"Mozilla/5.0 (Windows NT 10.0; Win64; x64; rv:155.0) Gecko/20100101 Firefox/155.0","timestamp":"2026-09-13T21:47:15.418Z"} 
[2026-09-13 21:47:15] local.DEBUG: [vite] hot updated: /resources/css/app.css {"url":"http://localhost:8000/","user_agent":"Mozilla/5.0 (Windows NT 10.0; Win64; x64; rv:155.0) Gecko/20100101 Firefox/155.0","timestamp":"2026-09-13T21:47:15.418Z"} 
[2026-09-13 21:47:31] local.DEBUG: [vite] hot updated: /resources/js/pages/welcome.tsx {"url":"http://localhost:8000/","user_agent":"Mozilla/5.0 (Windows NT 10.0; Win64; x64; rv:155.0) Gecko/20100101 Firefox/155.0","timestamp":"2026-09-13T21:47:30.992Z"} 
[2026-09-13 21:47:31] local.DEBUG: [vite] hot updated: /resources/css/app.css {"url":"http://localhost:8000/","user_agent":"Mozilla/5.0 (Windows NT 10.0; Win64; x64; rv:155.0) Gecko/20100101 Firefox/155.0","timestamp":"2026-09-13T21:47:30.992Z"} 
[2026-09-13 21:47:42] local.DEBUG: [vite] hot updated: /resources/js/pages/welcome.tsx {"url":"http://localhost:8000/","user_agent":"Mozilla/5.0 (Windows NT 10.0; Win64; x64; rv:155.0) Gecko/20100101 Firefox/155.0","timestamp":"2026-09-13T21:47:42.156Z"} 
[2026-09-13 21:47:42] local.DEBUG: [vite] hot updated: /resources/css/app.css {"url":"http://localhost:8000/","user_agent":"Mozilla/5.0 (Windows NT 10.0; Win64; x64; rv:155.0) Gecko/20100101 Firefox/155.0","timestamp":"2026-09-13T21:47:42.156Z"} 
[2026-09-13 21:48:12] local.DEBUG: [vite] hot updated: /resources/js/pages/welcome.tsx {"url":"http://localhost:8000/","user_agent":"Mozilla/5.0 (Windows NT 10.0; Win64; x64; rv:155.0) Gecko/20100101 Firefox/155.0","timestamp":"2026-09-13T21:48:12.045Z"} 
[2026-09-13 21:48:12] local.DEBUG: [vite] hot updated: /resources/css/app.css {"url":"http://localhost:8000/","user_agent":"Mozilla/5.0 (Windows NT 10.0; Win64; x64; rv:155.0) Gecko/20100101 Firefox/155.0","timestamp":"2026-09-13T21:48:12.045Z"} 
[2026-09-13 21:48:23] local.DEBUG: [vite] hot updated: /resources/js/pages/welcome.tsx {"url":"http://localhost:8000/","user_agent":"Mozilla/5.0 (Windows NT 10.0; Win64; x64; rv:155.0) Gecko/20100101 Firefox/155.0","timestamp":"2026-09-13T21:48:23.309Z"} 
[2026-09-13 21:48:23] local.DEBUG: [vite] hot updated: /resources/css/app.css {"url":"http://localhost:8000/","user_agent":"Mozilla/5.0 (Windows NT 10.0; Win64; x64; rv:155.0) Gecko/20100101 Firefox/155.0","timestamp":"2026-09-13T21:48:23.309Z"} 
[2026-09-13 21:49:26] local.DEBUG: [vite] hot updated: /resources/js/pages/welcome.tsx {"url":"http://localhost:8000/","user_agent":"Mozilla/5.0 (Windows NT 10.0; Win64; x64; rv:155.0) Gecko/20100101 Firefox/155.0","timestamp":"2026-09-13T21:49:25.057Z"} 
[2026-09-13 21:49:26] local.DEBUG: [vite] hot updated: /resources/css/app.css {"url":"http://localhost:8000/","user_agent":"Mozilla/5.0 (Windows NT 10.0; Win64; x64; rv:155.0) Gecko/20100101 Firefox/155.0","timestamp":"2026-09-13T21:49:25.057Z"} 
[2026-09-13 21:50:01] local.DEBUG: [vite] hot updated: /resources/js/pages/welcome.tsx {"url":"http://localhost:8000/","user_agent":"Mozilla/5.0 (Windows NT 10.0; Win64; x64; rv:155.0) Gecko/20100101 Firefox/155.0","timestamp":"2026-09-13T21:50:01.122Z"} 
[2026-09-13 21:50:01] local.DEBUG: [vite] hot updated: /resources/css/app.css {"url":"http://localhost:8000/","user_agent":"Mozilla/5.0 (Windows NT 10.0; Win64; x64; rv:155.0) Gecko/20100101 Firefox/155.0","timestamp":"2026-09-13T21:50:01.122Z"} 
[2026-09-13 21:50:12] local.DEBUG: [vite] hot updated: /resources/js/pages/welcome.tsx {"url":"http://localhost:8000/","user_agent":"Mozilla/5.0 (Windows NT 10.0; Win64; x64; rv:155.0) Gecko/20100101 Firefox/155.0","timestamp":"2026-09-13T21:50:12.474Z"} 
[2026-09-13 21:50:12] local.DEBUG: [vite] hot updated: /resources/css/app.css {"url":"http://localhost:8000/","user_agent":"Mozilla/5.0 (Windows NT 10.0; Win64; x64; rv:155.0) Gecko/20100101 Firefox/155.0","timestamp":"2026-09-13T21:50:12.474Z"} 
[2026-09-13 21:50:28] local.DEBUG: [vite] hot updated: /resources/js/pages/welcome.tsx {"url":"http://localhost:8000/","user_agent":"Mozilla/5.0 (Windows NT 10.0; Win64; x64; rv:155.0) Gecko/20100101 Firefox/155.0","timestamp":"2026-09-13T21:50:25.682Z"} 
[2026-09-13 21:50:28] local.DEBUG: [vite] hot updated: /resources/css/app.css {"url":"http://localhost:8000/","user_agent":"Mozilla/5.0 (Windows NT 10.0; Win64; x64; rv:155.0) Gecko/20100101 Firefox/155.0","timestamp":"2026-09-13T21:50:25.682Z"} 
[2026-09-13 21:50:28] local.DEBUG: [vite] connecting... {"url":"http://localhost:8000/","user_agent":"Mozilla/5.0 (Windows NT 10.0; Win64; x64; rv:155.0) Gecko/20100101 Firefox/155.0","timestamp":"2026-09-13T21:50:28.460Z"} 
[2026-09-13 21:50:28] local.INFO: %cDownload the React DevTools for a better development experience: https://react.dev/link/react-devtools font-weight:bold {"url":"http://localhost:8000/","user_agent":"Mozilla/5.0 (Windows NT 10.0; Win64; x64; rv:155.0) Gecko/20100101 Firefox/155.0","timestamp":"2026-09-13T21:50:28.466Z"} 
[2026-09-13 21:50:28] local.DEBUG: [vite] connected. {"url":"http://localhost:8000/","user_agent":"Mozilla/5.0 (Windows NT 10.0; Win64; x64; rv:155.0) Gecko/20100101 Firefox/155.0","timestamp":"2026-09-13T21:50:28.474Z"} 
[2026-09-13 21:50:39] local.DEBUG: [vite] hot updated: /resources/js/pages/welcome.tsx {"url":"http://localhost:8000/","user_agent":"Mozilla/5.0 (Windows NT 10.0; Win64; x64; rv:155.0) Gecko/20100101 Firefox/155.0","timestamp":"2026-09-13T21:50:39.190Z"} 
[2026-09-13 21:50:39] local.DEBUG: [vite] hot updated: /resources/css/app.css {"url":"http://localhost:8000/","user_agent":"Mozilla/5.0 (Windows NT 10.0; Win64; x64; rv:155.0) Gecko/20100101 Firefox/155.0","timestamp":"2026-09-13T21:50:39.190Z"} 
[2026-09-13 21:56:38] local.DEBUG: [vite] hot updated: /resources/js/pages/welcome.tsx {"url":"http://localhost:8000/","user_agent":"Mozilla/5.0 (Windows NT 10.0; Win64; x64; rv:155.0) Gecko/20100101 Firefox/155.0","timestamp":"2026-09-13T21:56:37.087Z"} 
[2026-09-13 21:56:38] local.DEBUG: [vite] hot updated: /resources/css/app.css {"url":"http://localhost:8000/","user_agent":"Mozilla/5.0 (Windows NT 10.0; Win64; x64; rv:155.0) Gecko/20100101 Firefox/155.0","timestamp":"2026-09-13T21:56:37.087Z"} 
[2026-09-13 21:56:40] local.DEBUG: [vite] connecting... {"url":"http://localhost:8000/","user_agent":"Mozilla/5.0 (Windows NT 10.0; Win64; x64; rv:155.0) Gecko/20100101 Firefox/155.0","timestamp":"2026-09-13T21:56:40.152Z"} 
[2026-09-13 21:56:40] local.INFO: %cDownload the React DevTools for a better development experience: https://react.dev/link/react-devtools font-weight:bold {"url":"http://localhost:8000/","user_agent":"Mozilla/5.0 (Windows NT 10.0; Win64; x64; rv:155.0) Gecko/20100101 Firefox/155.0","timestamp":"2026-09-13T21:56:40.166Z"} 
[2026-09-13 21:56:40] local.DEBUG: [vite] connected. {"url":"http://localhost:8000/","user_agent":"Mozilla/5.0 (Windows NT 10.0; Win64; x64; rv:155.0) Gecko/20100101 Firefox/155.0","timestamp":"2026-09-13T21:56:40.175Z"} 
[2026-09-13 21:57:57] local.ERROR: [vite] TypeError error loading dynamically imported module: http://[::1]:5173/resources/js/pages/welcome.tsx?t=1789336677013 null {"url":"http://localhost:8000/","user_agent":"Mozilla/5.0 (Windows NT 10.0; Win64; x64; rv:155.0) Gecko/20100101 Firefox/155.0","timestamp":"2026-09-13T21:57:57.070Z"} 
[2026-09-13 21:57:57] local.ERROR: [vite] Failed to reload /resources/js/pages/welcome.tsx. This could be due to syntax errors or importing non-existent modules. (see errors above) {"url":"http://localhost:8000/","user_agent":"Mozilla/5.0 (Windows NT 10.0; Win64; x64; rv:155.0) Gecko/20100101 Firefox/155.0","timestamp":"2026-09-13T21:57:57.070Z"} 
[2026-09-13 21:57:57] local.DEBUG: [vite] hot updated: /resources/js/pages/welcome.tsx {"url":"http://localhost:8000/","user_agent":"Mozilla/5.0 (Windows NT 10.0; Win64; x64; rv:155.0) Gecko/20100101 Firefox/155.0","timestamp":"2026-09-13T21:57:57.070Z"} 
[2026-09-13 21:57:57] local.DEBUG: [vite] hot updated: /resources/css/app.css {"url":"http://localhost:8000/","user_agent":"Mozilla/5.0 (Windows NT 10.0; Win64; x64; rv:155.0) Gecko/20100101 Firefox/155.0","timestamp":"2026-09-13T21:57:57.070Z"} 
[2026-09-13 21:58:01] local.DEBUG: [vite] connecting... {"url":"http://localhost:8000/","user_agent":"Mozilla/5.0 (Windows NT 10.0; Win64; x64; rv:155.0) Gecko/20100101 Firefox/155.0","timestamp":"2026-09-13T21:58:01.431Z"} 
[2026-09-13 21:58:01] local.INFO: %cDownload the React DevTools for a better development experience: https://react.dev/link/react-devtools font-weight:bold {"url":"http://localhost:8000/","user_agent":"Mozilla/5.0 (Windows NT 10.0; Win64; x64; rv:155.0) Gecko/20100101 Firefox/155.0","timestamp":"2026-09-13T21:58:01.438Z"} 
[2026-09-13 21:58:01] local.DEBUG: [vite] connected. {"url":"http://localhost:8000/","user_agent":"Mozilla/5.0 (Windows NT 10.0; Win64; x64; rv:155.0) Gecko/20100101 Firefox/155.0","timestamp":"2026-09-13T21:58:01.445Z"} 
[2026-09-13 21:58:01] local.ERROR: Unhandled Promise Rejection TypeError error loading dynamically imported module: http://[::1]:5173/resources/js/pages/welcome.tsx?t=1789336677013 null {"url":"http://localhost:8000/","user_agent":"Mozilla/5.0 (Windows NT 10.0; Win64; x64; rv:155.0) Gecko/20100101 Firefox/155.0","timestamp":"2026-09-13T21:58:01.459Z"} 
[2026-09-13 21:58:09] local.DEBUG: [vite] connecting... {"url":"http://localhost:8000/","user_agent":"Mozilla/5.0 (Windows NT 10.0; Win64; x64; rv:155.0) Gecko/20100101 Firefox/155.0","timestamp":"2026-09-13T21:58:09.189Z"} 
[2026-09-13 21:58:09] local.INFO: %cDownload the React DevTools for a better development experience: https://react.dev/link/react-devtools font-weight:bold {"url":"http://localhost:8000/","user_agent":"Mozilla/5.0 (Windows NT 10.0; Win64; x64; rv:155.0) Gecko/20100101 Firefox/155.0","timestamp":"2026-09-13T21:58:09.214Z"} 
[2026-09-13 21:58:09] local.DEBUG: [vite] connected. {"url":"http://localhost:8000/","user_agent":"Mozilla/5.0 (Windows NT 10.0; Win64; x64; rv:155.0) Gecko/20100101 Firefox/155.0","timestamp":"2026-09-13T21:58:09.219Z"} 
[2026-09-13 21:58:32] local.DEBUG: [vite] hot updated: /resources/js/pages/welcome.tsx {"url":"http://localhost:8000/","user_agent":"Mozilla/5.0 (Windows NT 10.0; Win64; x64; rv:155.0) Gecko/20100101 Firefox/155.0","timestamp":"2026-09-13T21:58:31.786Z"} 
[2026-09-13 21:58:32] local.DEBUG: [vite] hot updated: /resources/css/app.css {"url":"http://localhost:8000/","user_agent":"Mozilla/5.0 (Windows NT 10.0; Win64; x64; rv:155.0) Gecko/20100101 Firefox/155.0","timestamp":"2026-09-13T21:58:31.786Z"} 
[2026-09-13 21:58:50] local.DEBUG: [vite] hot updated: /resources/js/pages/welcome.tsx {"url":"http://localhost:8000/","user_agent":"Mozilla/5.0 (Windows NT 10.0; Win64; x64; rv:155.0) Gecko/20100101 Firefox/155.0","timestamp":"2026-09-13T21:58:50.154Z"} 
[2026-09-13 21:58:50] local.DEBUG: [vite] hot updated: /resources/css/app.css {"url":"http://localhost:8000/","user_agent":"Mozilla/5.0 (Windows NT 10.0; Win64; x64; rv:155.0) Gecko/20100101 Firefox/155.0","timestamp":"2026-09-13T21:58:50.154Z"} 
[2026-09-13 21:58:53] local.DEBUG: [vite] hot updated: /resources/js/pages/welcome.tsx {"url":"http://localhost:8000/","user_agent":"Mozilla/5.0 (Windows NT 10.0; Win64; x64; rv:155.0) Gecko/20100101 Firefox/155.0","timestamp":"2026-09-13T21:58:53.075Z"} 
[2026-09-13 21:58:53] local.DEBUG: [vite] hot updated: /resources/css/app.css {"url":"http://localhost:8000/","user_agent":"Mozilla/5.0 (Windows NT 10.0; Win64; x64; rv:155.0) Gecko/20100101 Firefox/155.0","timestamp":"2026-09-13T21:58:53.075Z"} 
[2026-09-13 21:58:54] local.DEBUG: [vite] hot updated: /resources/js/pages/welcome.tsx {"url":"http://localhost:8000/","user_agent":"Mozilla/5.0 (Windows NT 10.0; Win64; x64; rv:155.0) Gecko/20100101 Firefox/155.0","timestamp":"2026-09-13T21:58:54.737Z"} 
[2026-09-13 21:58:54] local.DEBUG: [vite] hot updated: /resources/css/app.css {"url":"http://localhost:8000/","user_agent":"Mozilla/5.0 (Windows NT 10.0; Win64; x64; rv:155.0) Gecko/20100101 Firefox/155.0","timestamp":"2026-09-13T21:58:54.737Z"} 
[2026-09-13 21:59:03] local.DEBUG: [vite] hot updated: /resources/js/pages/welcome.tsx {"url":"http://localhost:8000/","user_agent":"Mozilla/5.0 (Windows NT 10.0; Win64; x64; rv:155.0) Gecko/20100101 Firefox/155.0","timestamp":"2026-09-13T21:59:03.338Z"} 
[2026-09-13 21:59:03] local.DEBUG: [vite] hot updated: /resources/css/app.css {"url":"http://localhost:8000/","user_agent":"Mozilla/5.0 (Windows NT 10.0; Win64; x64; rv:155.0) Gecko/20100101 Firefox/155.0","timestamp":"2026-09-13T21:59:03.338Z"} 
[2026-09-13 21:59:16] local.DEBUG: [vite] hot updated: /resources/js/pages/welcome.tsx {"url":"http://localhost:8000/","user_agent":"Mozilla/5.0 (Windows NT 10.0; Win64; x64; rv:155.0) Gecko/20100101 Firefox/155.0","timestamp":"2026-09-13T21:59:16.456Z"} 
[2026-09-13 21:59:16] local.DEBUG: [vite] hot updated: /resources/css/app.css {"url":"http://localhost:8000/","user_agent":"Mozilla/5.0 (Windows NT 10.0; Win64; x64; rv:155.0) Gecko/20100101 Firefox/155.0","timestamp":"2026-09-13T21:59:16.456Z"} 
[2026-09-13 21:59:31] local.DEBUG: [vite] hot updated: /resources/js/pages/welcome.tsx {"url":"http://localhost:8000/","user_agent":"Mozilla/5.0 (Windows NT 10.0; Win64; x64; rv:155.0) Gecko/20100101 Firefox/155.0","timestamp":"2026-09-13T21:59:30.800Z"} 
[2026-09-13 21:59:31] local.DEBUG: [vite] hot updated: /resources/css/app.css {"url":"http://localhost:8000/","user_agent":"Mozilla/5.0 (Windows NT 10.0; Win64; x64; rv:155.0) Gecko/20100101 Firefox/155.0","timestamp":"2026-09-13T21:59:30.800Z"} 
[2026-09-13 21:59:36] local.DEBUG: [vite] hot updated: /resources/js/pages/welcome.tsx {"url":"http://localhost:8000/","user_agent":"Mozilla/5.0 (Windows NT 10.0; Win64; x64; rv:155.0) Gecko/20100101 Firefox/155.0","timestamp":"2026-09-13T21:59:35.960Z"} 
[2026-09-13 21:59:36] local.DEBUG: [vite] hot updated: /resources/css/app.css {"url":"http://localhost:8000/","user_agent":"Mozilla/5.0 (Windows NT 10.0; Win64; x64; rv:155.0) Gecko/20100101 Firefox/155.0","timestamp":"2026-09-13T21:59:35.960Z"} 
[2026-09-13 21:59:44] local.DEBUG: [vite] hot updated: /resources/js/pages/welcome.tsx {"url":"http://localhost:8000/","user_agent":"Mozilla/5.0 (Windows NT 10.0; Win64; x64; rv:155.0) Gecko/20100101 Firefox/155.0","timestamp":"2026-09-13T21:59:44.417Z"} 
[2026-09-13 21:59:44] local.DEBUG: [vite] hot updated: /resources/css/app.css {"url":"http://localhost:8000/","user_agent":"Mozilla/5.0 (Windows NT 10.0; Win64; x64; rv:155.0) Gecko/20100101 Firefox/155.0","timestamp":"2026-09-13T21:59:44.417Z"} 
[2026-09-13 21:59:49] local.DEBUG: [vite] hot updated: /resources/js/pages/welcome.tsx {"url":"http://localhost:8000/","user_agent":"Mozilla/5.0 (Windows NT 10.0; Win64; x64; rv:155.0) Gecko/20100101 Firefox/155.0","timestamp":"2026-09-13T21:59:48.853Z"} 
[2026-09-13 21:59:49] local.DEBUG: [vite] hot updated: /resources/css/app.css {"url":"http://localhost:8000/","user_agent":"Mozilla/5.0 (Windows NT 10.0; Win64; x64; rv:155.0) Gecko/20100101 Firefox/155.0","timestamp":"2026-09-13T21:59:48.853Z"} 
[2026-09-13 22:00:03] local.DEBUG: [vite] hot updated: /resources/js/pages/welcome.tsx {"url":"http://localhost:8000/","user_agent":"Mozilla/5.0 (Windows NT 10.0; Win64; x64; rv:155.0) Gecko/20100101 Firefox/155.0","timestamp":"2026-09-13T22:00:02.884Z"} 
[2026-09-13 22:00:03] local.DEBUG: [vite] hot updated: /resources/css/app.css {"url":"http://localhost:8000/","user_agent":"Mozilla/5.0 (Windows NT 10.0; Win64; x64; rv:155.0) Gecko/20100101 Firefox/155.0","timestamp":"2026-09-13T22:00:02.884Z"} 
[2026-09-13 22:00:06] local.DEBUG: [vite] hot updated: /resources/js/pages/welcome.tsx {"url":"http://localhost:8000/","user_agent":"Mozilla/5.0 (Windows NT 10.0; Win64; x64; rv:155.0) Gecko/20100101 Firefox/155.0","timestamp":"2026-09-13T22:00:06.176Z"} 
[2026-09-13 22:00:06] local.DEBUG: [vite] hot updated: /resources/css/app.css {"url":"http://localhost:8000/","user_agent":"Mozilla/5.0 (Windows NT 10.0; Win64; x64; rv:155.0) Gecko/20100101 Firefox/155.0","timestamp":"2026-09-13T22:00:06.176Z"} 
[2026-09-13 22:00:12] local.DEBUG: [vite] hot updated: /resources/js/pages/welcome.tsx {"url":"http://localhost:8000/","user_agent":"Mozilla/5.0 (Windows NT 10.0; Win64; x64; rv:155.0) Gecko/20100101 Firefox/155.0","timestamp":"2026-09-13T22:00:12.378Z"} 
[2026-09-13 22:00:12] local.DEBUG: [vite] hot updated: /resources/css/app.css {"url":"http://localhost:8000/","user_agent":"Mozilla/5.0 (Windows NT 10.0; Win64; x64; rv:155.0) Gecko/20100101 Firefox/155.0","timestamp":"2026-09-13T22:00:12.378Z"} 
[2026-09-13 22:00:22] local.DEBUG: [vite] hot updated: /resources/js/pages/welcome.tsx {"url":"http://localhost:8000/","user_agent":"Mozilla/5.0 (Windows NT 10.0; Win64; x64; rv:155.0) Gecko/20100101 Firefox/155.0","timestamp":"2026-09-13T22:00:21.827Z"} 
[2026-09-13 22:00:22] local.DEBUG: [vite] hot updated: /resources/css/app.css {"url":"http://localhost:8000/","user_agent":"Mozilla/5.0 (Windows NT 10.0; Win64; x64; rv:155.0) Gecko/20100101 Firefox/155.0","timestamp":"2026-09-13T22:00:21.827Z"} 
[2026-09-13 22:00:42] local.DEBUG: [vite] hot updated: /resources/js/pages/welcome.tsx {"url":"http://localhost:8000/","user_agent":"Mozilla/5.0 (Windows NT 10.0; Win64; x64; rv:155.0) Gecko/20100101 Firefox/155.0","timestamp":"2026-09-13T22:00:42.629Z"} 
[2026-09-13 22:00:42] local.DEBUG: [vite] hot updated: /resources/css/app.css {"url":"http://localhost:8000/","user_agent":"Mozilla/5.0 (Windows NT 10.0; Win64; x64; rv:155.0) Gecko/20100101 Firefox/155.0","timestamp":"2026-09-13T22:00:42.629Z"} 
[2026-09-13 22:02:41] local.DEBUG: [vite] hot updated: /resources/css/app.css {"url":"http://localhost:8000/","user_agent":"Mozilla/5.0 (Windows NT 10.0; Win64; x64; rv:155.0) Gecko/20100101 Firefox/155.0","timestamp":"2026-09-13T22:02:41.425Z"} 
[2026-09-13 22:04:37] local.DEBUG: [vite] hot updated: /resources/js/pages/welcome.tsx {"url":"http://localhost:8000/","user_agent":"Mozilla/5.0 (Windows NT 10.0; Win64; x64; rv:155.0) Gecko/20100101 Firefox/155.0","timestamp":"2026-09-13T22:04:37.014Z"} 
[2026-09-13 22:04:37] local.DEBUG: [vite] hot updated: /resources/css/app.css {"url":"http://localhost:8000/","user_agent":"Mozilla/5.0 (Windows NT 10.0; Win64; x64; rv:155.0) Gecko/20100101 Firefox/155.0","timestamp":"2026-09-13T22:04:37.014Z"} 
[2026-09-13 22:04:44] local.DEBUG: [vite] hot updated: /resources/js/pages/welcome.tsx {"url":"http://localhost:8000/","user_agent":"Mozilla/5.0 (Windows NT 10.0; Win64; x64; rv:155.0) Gecko/20100101 Firefox/155.0","timestamp":"2026-09-13T22:04:42.045Z"} 
[2026-09-13 22:04:44] local.DEBUG: [vite] hot updated: /resources/css/app.css {"url":"http://localhost:8000/","user_agent":"Mozilla/5.0 (Windows NT 10.0; Win64; x64; rv:155.0) Gecko/20100101 Firefox/155.0","timestamp":"2026-09-13T22:04:42.045Z"} 
[2026-09-13 22:04:45] local.DEBUG: [vite] connecting... {"url":"http://localhost:8000/","user_agent":"Mozilla/5.0 (Windows NT 10.0; Win64; x64; rv:155.0) Gecko/20100101 Firefox/155.0","timestamp":"2026-09-13T22:04:44.842Z"} 
[2026-09-13 22:04:45] local.INFO: %cDownload the React DevTools for a better development experience: https://react.dev/link/react-devtools font-weight:bold {"url":"http://localhost:8000/","user_agent":"Mozilla/5.0 (Windows NT 10.0; Win64; x64; rv:155.0) Gecko/20100101 Firefox/155.0","timestamp":"2026-09-13T22:04:44.867Z"} 
[2026-09-13 22:04:45] local.DEBUG: [vite] connected. {"url":"http://localhost:8000/","user_agent":"Mozilla/5.0 (Windows NT 10.0; Win64; x64; rv:155.0) Gecko/20100101 Firefox/155.0","timestamp":"2026-09-13T22:04:44.875Z"} 
[2026-09-13 22:04:48] local.DEBUG: [vite] hot updated: /resources/js/pages/welcome.tsx {"url":"http://localhost:8000/","user_agent":"Mozilla/5.0 (Windows NT 10.0; Win64; x64; rv:155.0) Gecko/20100101 Firefox/155.0","timestamp":"2026-09-13T22:04:48.322Z"} 
[2026-09-13 22:04:48] local.DEBUG: [vite] hot updated: /resources/css/app.css {"url":"http://localhost:8000/","user_agent":"Mozilla/5.0 (Windows NT 10.0; Win64; x64; rv:155.0) Gecko/20100101 Firefox/155.0","timestamp":"2026-09-13T22:04:48.322Z"} 
[2026-09-13 22:04:52] local.DEBUG: [vite] hot updated: /resources/js/pages/welcome.tsx {"url":"http://localhost:8000/","user_agent":"Mozilla/5.0 (Windows NT 10.0; Win64; x64; rv:155.0) Gecko/20100101 Firefox/155.0","timestamp":"2026-09-13T22:04:52.746Z"} 
[2026-09-13 22:04:52] local.DEBUG: [vite] hot updated: /resources/css/app.css {"url":"http://localhost:8000/","user_agent":"Mozilla/5.0 (Windows NT 10.0; Win64; x64; rv:155.0) Gecko/20100101 Firefox/155.0","timestamp":"2026-09-13T22:04:52.746Z"} 
[2026-09-13 22:04:55] local.DEBUG: [vite] hot updated: /resources/js/pages/welcome.tsx {"url":"http://localhost:8000/","user_agent":"Mozilla/5.0 (Windows NT 10.0; Win64; x64; rv:155.0) Gecko/20100101 Firefox/155.0","timestamp":"2026-09-13T22:04:55.771Z"} 
[2026-09-13 22:04:55] local.DEBUG: [vite] hot updated: /resources/css/app.css {"url":"http://localhost:8000/","user_agent":"Mozilla/5.0 (Windows NT 10.0; Win64; x64; rv:155.0) Gecko/20100101 Firefox/155.0","timestamp":"2026-09-13T22:04:55.771Z"} 
[2026-09-13 22:06:30] local.DEBUG: [vite] hot updated: /resources/js/pages/welcome.tsx {"url":"http://localhost:8000/","user_agent":"Mozilla/5.0 (Windows NT 10.0; Win64; x64; rv:155.0) Gecko/20100101 Firefox/155.0","timestamp":"2026-09-13T22:06:30.657Z"} 
[2026-09-13 22:06:30] local.DEBUG: [vite] hot updated: /resources/css/app.css {"url":"http://localhost:8000/","user_agent":"Mozilla/5.0 (Windows NT 10.0; Win64; x64; rv:155.0) Gecko/20100101 Firefox/155.0","timestamp":"2026-09-13T22:06:30.657Z"} 
[2026-09-13 22:06:59] local.DEBUG: [vite] hot updated: /resources/js/pages/welcome.tsx {"url":"http://localhost:8000/","user_agent":"Mozilla/5.0 (Windows NT 10.0; Win64; x64; rv:155.0) Gecko/20100101 Firefox/155.0","timestamp":"2026-09-13T22:06:58.882Z"} 
[2026-09-13 22:06:59] local.DEBUG: [vite] hot updated: /resources/css/app.css {"url":"http://localhost:8000/","user_agent":"Mozilla/5.0 (Windows NT 10.0; Win64; x64; rv:155.0) Gecko/20100101 Firefox/155.0","timestamp":"2026-09-13T22:06:58.882Z"} 
[2026-09-13 22:07:28] local.DEBUG: [vite] hot updated: /resources/js/pages/welcome.tsx {"url":"http://localhost:8000/","user_agent":"Mozilla/5.0 (Windows NT 10.0; Win64; x64; rv:155.0) Gecko/20100101 Firefox/155.0","timestamp":"2026-09-13T22:07:27.802Z"} 
[2026-09-13 22:07:28] local.DEBUG: [vite] hot updated: /resources/css/app.css {"url":"http://localhost:8000/","user_agent":"Mozilla/5.0 (Windows NT 10.0; Win64; x64; rv:155.0) Gecko/20100101 Firefox/155.0","timestamp":"2026-09-13T22:07:27.802Z"} 
[2026-09-13 22:08:44] local.DEBUG: [vite] hot updated: /resources/js/pages/welcome.tsx {"url":"http://localhost:8000/","user_agent":"Mozilla/5.0 (Windows NT 10.0; Win64; x64; rv:155.0) Gecko/20100101 Firefox/155.0","timestamp":"2026-09-13T22:08:44.461Z"} 
[2026-09-13 22:08:44] local.DEBUG: [vite] hot updated: /resources/css/app.css {"url":"http://localhost:8000/","user_agent":"Mozilla/5.0 (Windows NT 10.0; Win64; x64; rv:155.0) Gecko/20100101 Firefox/155.0","timestamp":"2026-09-13T22:08:44.461Z"} 
[2026-09-13 22:09:01] local.DEBUG: [vite] hot updated: /resources/js/pages/welcome.tsx {"url":"http://localhost:8000/","user_agent":"Mozilla/5.0 (Windows NT 10.0; Win64; x64; rv:155.0) Gecko/20100101 Firefox/155.0","timestamp":"2026-09-13T22:09:00.938Z"} 
[2026-09-13 22:09:01] local.DEBUG: [vite] hot updated: /resources/css/app.css {"url":"http://localhost:8000/","user_agent":"Mozilla/5.0 (Windows NT 10.0; Win64; x64; rv:155.0) Gecko/20100101 Firefox/155.0","timestamp":"2026-09-13T22:09:00.938Z"} 
[2026-09-13 22:09:06] local.DEBUG: [vite] hot updated: /resources/js/pages/welcome.tsx {"url":"http://localhost:8000/","user_agent":"Mozilla/5.0 (Windows NT 10.0; Win64; x64; rv:155.0) Gecko/20100101 Firefox/155.0","timestamp":"2026-09-13T22:09:06.408Z"} 
[2026-09-13 22:09:06] local.DEBUG: [vite] hot updated: /resources/css/app.css {"url":"http://localhost:8000/","user_agent":"Mozilla/5.0 (Windows NT 10.0; Win64; x64; rv:155.0) Gecko/20100101 Firefox/155.0","timestamp":"2026-09-13T22:09:06.408Z"} 
[2026-09-13 22:09:12] local.DEBUG: [vite] hot updated: /resources/js/pages/welcome.tsx {"url":"http://localhost:8000/","user_agent":"Mozilla/5.0 (Windows NT 10.0; Win64; x64; rv:155.0) Gecko/20100101 Firefox/155.0","timestamp":"2026-09-13T22:09:12.336Z"} 
[2026-09-13 22:09:12] local.DEBUG: [vite] hot updated: /resources/css/app.css {"url":"http://localhost:8000/","user_agent":"Mozilla/5.0 (Windows NT 10.0; Win64; x64; rv:155.0) Gecko/20100101 Firefox/155.0","timestamp":"2026-09-13T22:09:12.336Z"} 
[2026-09-13 22:09:20] local.DEBUG: [vite] hot updated: /resources/js/pages/welcome.tsx {"url":"http://localhost:8000/","user_agent":"Mozilla/5.0 (Windows NT 10.0; Win64; x64; rv:155.0) Gecko/20100101 Firefox/155.0","timestamp":"2026-09-13T22:09:20.569Z"} 
[2026-09-13 22:09:20] local.DEBUG: [vite] hot updated: /resources/css/app.css {"url":"http://localhost:8000/","user_agent":"Mozilla/5.0 (Windows NT 10.0; Win64; x64; rv:155.0) Gecko/20100101 Firefox/155.0","timestamp":"2026-09-13T22:09:20.569Z"} 
[2026-09-13 22:09:24] local.DEBUG: [vite] hot updated: /resources/js/pages/welcome.tsx {"url":"http://localhost:8000/","user_agent":"Mozilla/5.0 (Windows NT 10.0; Win64; x64; rv:155.0) Gecko/20100101 Firefox/155.0","timestamp":"2026-09-13T22:09:23.989Z"} 
[2026-09-13 22:09:24] local.DEBUG: [vite] hot updated: /resources/css/app.css {"url":"http://localhost:8000/","user_agent":"Mozilla/5.0 (Windows NT 10.0; Win64; x64; rv:155.0) Gecko/20100101 Firefox/155.0","timestamp":"2026-09-13T22:09:23.989Z"} 
[2026-09-13 22:09:30] local.DEBUG: [vite] hot updated: /resources/js/pages/welcome.tsx {"url":"http://localhost:8000/","user_agent":"Mozilla/5.0 (Windows NT 10.0; Win64; x64; rv:155.0) Gecko/20100101 Firefox/155.0","timestamp":"2026-09-13T22:09:30.545Z"} 
[2026-09-13 22:09:30] local.DEBUG: [vite] hot updated: /resources/css/app.css {"url":"http://localhost:8000/","user_agent":"Mozilla/5.0 (Windows NT 10.0; Win64; x64; rv:155.0) Gecko/20100101 Firefox/155.0","timestamp":"2026-09-13T22:09:30.545Z"} 
[2026-09-13 22:09:43] local.DEBUG: [vite] hot updated: /resources/js/pages/welcome.tsx {"url":"http://localhost:8000/","user_agent":"Mozilla/5.0 (Windows NT 10.0; Win64; x64; rv:155.0) Gecko/20100101 Firefox/155.0","timestamp":"2026-09-13T22:09:42.950Z"} 
[2026-09-13 22:09:43] local.DEBUG: [vite] hot updated: /resources/css/app.css {"url":"http://localhost:8000/","user_agent":"Mozilla/5.0 (Windows NT 10.0; Win64; x64; rv:155.0) Gecko/20100101 Firefox/155.0","timestamp":"2026-09-13T22:09:42.950Z"} 
[2026-09-13 22:09:47] local.DEBUG: [vite] hot updated: /resources/js/pages/welcome.tsx {"url":"http://localhost:8000/","user_agent":"Mozilla/5.0 (Windows NT 10.0; Win64; x64; rv:155.0) Gecko/20100101 Firefox/155.0","timestamp":"2026-09-13T22:09:47.415Z"} 
[2026-09-13 22:09:47] local.DEBUG: [vite] hot updated: /resources/css/app.css {"url":"http://localhost:8000/","user_agent":"Mozilla/5.0 (Windows NT 10.0; Win64; x64; rv:155.0) Gecko/20100101 Firefox/155.0","timestamp":"2026-09-13T22:09:47.415Z"} 
[2026-09-13 22:09:50] local.DEBUG: [vite] hot updated: /resources/js/pages/welcome.tsx {"url":"http://localhost:8000/","user_agent":"Mozilla/5.0 (Windows NT 10.0; Win64; x64; rv:155.0) Gecko/20100101 Firefox/155.0","timestamp":"2026-09-13T22:09:49.987Z"} 
[2026-09-13 22:09:50] local.DEBUG: [vite] hot updated: /resources/css/app.css {"url":"http://localhost:8000/","user_agent":"Mozilla/5.0 (Windows NT 10.0; Win64; x64; rv:155.0) Gecko/20100101 Firefox/155.0","timestamp":"2026-09-13T22:09:49.987Z"} 
[2026-09-13 22:10:47] local.DEBUG: [vite] hot updated: /resources/js/pages/welcome.tsx {"url":"http://localhost:8000/","user_agent":"Mozilla/5.0 (Windows NT 10.0; Win64; x64; rv:155.0) Gecko/20100101 Firefox/155.0","timestamp":"2026-09-13T22:10:47.233Z"} 
[2026-09-13 22:10:47] local.DEBUG: [vite] hot updated: /resources/css/app.css {"url":"http://localhost:8000/","user_agent":"Mozilla/5.0 (Windows NT 10.0; Win64; x64; rv:155.0) Gecko/20100101 Firefox/155.0","timestamp":"2026-09-13T22:10:47.233Z"} 
[2026-09-13 22:10:55] local.DEBUG: [vite] hot updated: /resources/js/pages/welcome.tsx {"url":"http://localhost:8000/","user_agent":"Mozilla/5.0 (Windows NT 10.0; Win64; x64; rv:155.0) Gecko/20100101 Firefox/155.0","timestamp":"2026-09-13T22:10:54.769Z"} 
[2026-09-13 22:10:55] local.DEBUG: [vite] hot updated: /resources/css/app.css {"url":"http://localhost:8000/","user_agent":"Mozilla/5.0 (Windows NT 10.0; Win64; x64; rv:155.0) Gecko/20100101 Firefox/155.0","timestamp":"2026-09-13T22:10:54.769Z"} 
[2026-09-13 22:11:08] local.DEBUG: [vite] hot updated: /resources/js/pages/welcome.tsx {"url":"http://localhost:8000/","user_agent":"Mozilla/5.0 (Windows NT 10.0; Win64; x64; rv:155.0) Gecko/20100101 Firefox/155.0","timestamp":"2026-09-13T22:11:07.960Z"} 
[2026-09-13 22:11:08] local.DEBUG: [vite] hot updated: /resources/css/app.css {"url":"http://localhost:8000/","user_agent":"Mozilla/5.0 (Windows NT 10.0; Win64; x64; rv:155.0) Gecko/20100101 Firefox/155.0","timestamp":"2026-09-13T22:11:07.960Z"} 
[2026-09-13 22:11:10] local.DEBUG: [vite] hot updated: /resources/js/pages/welcome.tsx {"url":"http://localhost:8000/","user_agent":"Mozilla/5.0 (Windows NT 10.0; Win64; x64; rv:155.0) Gecko/20100101 Firefox/155.0","timestamp":"2026-09-13T22:11:10.052Z"} 
[2026-09-13 22:11:10] local.DEBUG: [vite] hot updated: /resources/css/app.css {"url":"http://localhost:8000/","user_agent":"Mozilla/5.0 (Windows NT 10.0; Win64; x64; rv:155.0) Gecko/20100101 Firefox/155.0","timestamp":"2026-09-13T22:11:10.052Z"} 
[2026-09-13 22:11:11] local.DEBUG: [vite] hot updated: /resources/js/pages/welcome.tsx {"url":"http://localhost:8000/","user_agent":"Mozilla/5.0 (Windows NT 10.0; Win64; x64; rv:155.0) Gecko/20100101 Firefox/155.0","timestamp":"2026-09-13T22:11:11.140Z"} 
[2026-09-13 22:11:11] local.DEBUG: [vite] hot updated: /resources/css/app.css {"url":"http://localhost:8000/","user_agent":"Mozilla/5.0 (Windows NT 10.0; Win64; x64; rv:155.0) Gecko/20100101 Firefox/155.0","timestamp":"2026-09-13T22:11:11.140Z"} 
[2026-09-13 22:11:14] local.DEBUG: [vite] hot updated: /resources/js/pages/welcome.tsx {"url":"http://localhost:8000/","user_agent":"Mozilla/5.0 (Windows NT 10.0; Win64; x64; rv:155.0) Gecko/20100101 Firefox/155.0","timestamp":"2026-09-13T22:11:14.010Z"} 
[2026-09-13 22:11:14] local.DEBUG: [vite] hot updated: /resources/css/app.css {"url":"http://localhost:8000/","user_agent":"Mozilla/5.0 (Windows NT 10.0; Win64; x64; rv:155.0) Gecko/20100101 Firefox/155.0","timestamp":"2026-09-13T22:11:14.010Z"} 
[2026-09-13 22:13:49] local.DEBUG: [vite] hot updated: /resources/js/pages/welcome.tsx {"url":"http://localhost:8000/","user_agent":"Mozilla/5.0 (Windows NT 10.0; Win64; x64; rv:155.0) Gecko/20100101 Firefox/155.0","timestamp":"2026-09-13T22:13:49.002Z"} 
[2026-09-13 22:13:49] local.DEBUG: [vite] hot updated: /resources/css/app.css {"url":"http://localhost:8000/","user_agent":"Mozilla/5.0 (Windows NT 10.0; Win64; x64; rv:155.0) Gecko/20100101 Firefox/155.0","timestamp":"2026-09-13T22:13:49.002Z"} 
[2026-09-13 22:13:54] local.DEBUG: [vite] hot updated: /resources/js/pages/welcome.tsx {"url":"http://localhost:8000/","user_agent":"Mozilla/5.0 (Windows NT 10.0; Win64; x64; rv:155.0) Gecko/20100101 Firefox/155.0","timestamp":"2026-09-13T22:13:53.876Z"} 
[2026-09-13 22:13:54] local.DEBUG: [vite] hot updated: /resources/css/app.css {"url":"http://localhost:8000/","user_agent":"Mozilla/5.0 (Windows NT 10.0; Win64; x64; rv:155.0) Gecko/20100101 Firefox/155.0","timestamp":"2026-09-13T22:13:53.876Z"} 
[2026-09-13 22:13:56] local.DEBUG: [vite] hot updated: /resources/js/pages/welcome.tsx {"url":"http://localhost:8000/","user_agent":"Mozilla/5.0 (Windows NT 10.0; Win64; x64; rv:155.0) Gecko/20100101 Firefox/155.0","timestamp":"2026-09-13T22:13:56.353Z"} 
[2026-09-13 22:13:56] local.DEBUG: [vite] hot updated: /resources/css/app.css {"url":"http://localhost:8000/","user_agent":"Mozilla/5.0 (Windows NT 10.0; Win64; x64; rv:155.0) Gecko/20100101 Firefox/155.0","timestamp":"2026-09-13T22:13:56.353Z"} 
[2026-09-13 22:14:02] local.DEBUG: [vite] hot updated: /resources/js/pages/welcome.tsx {"url":"http://localhost:8000/","user_agent":"Mozilla/5.0 (Windows NT 10.0; Win64; x64; rv:155.0) Gecko/20100101 Firefox/155.0","timestamp":"2026-09-13T22:14:02.451Z"} 
[2026-09-13 22:14:02] local.DEBUG: [vite] hot updated: /resources/css/app.css {"url":"http://localhost:8000/","user_agent":"Mozilla/5.0 (Windows NT 10.0; Win64; x64; rv:155.0) Gecko/20100101 Firefox/155.0","timestamp":"2026-09-13T22:14:02.451Z"} 
[2026-09-13 22:14:19] local.DEBUG: [vite] hot updated: /resources/js/pages/welcome.tsx {"url":"http://localhost:8000/","user_agent":"Mozilla/5.0 (Windows NT 10.0; Win64; x64; rv:155.0) Gecko/20100101 Firefox/155.0","timestamp":"2026-09-13T22:14:18.925Z"} 
[2026-09-13 22:14:19] local.DEBUG: [vite] hot updated: /resources/css/app.css {"url":"http://localhost:8000/","user_agent":"Mozilla/5.0 (Windows NT 10.0; Win64; x64; rv:155.0) Gecko/20100101 Firefox/155.0","timestamp":"2026-09-13T22:14:18.925Z"} 
[2026-09-13 22:14:31] local.DEBUG: [vite] hot updated: /resources/js/pages/welcome.tsx {"url":"http://localhost:8000/","user_agent":"Mozilla/5.0 (Windows NT 10.0; Win64; x64; rv:155.0) Gecko/20100101 Firefox/155.0","timestamp":"2026-09-13T22:14:31.463Z"} 
[2026-09-13 22:14:31] local.DEBUG: [vite] hot updated: /resources/css/app.css {"url":"http://localhost:8000/","user_agent":"Mozilla/5.0 (Windows NT 10.0; Win64; x64; rv:155.0) Gecko/20100101 Firefox/155.0","timestamp":"2026-09-13T22:14:31.463Z"} 
[2026-09-13 22:14:47] local.DEBUG: [vite] hot updated: /resources/js/pages/welcome.tsx {"url":"http://localhost:8000/","user_agent":"Mozilla/5.0 (Windows NT 10.0; Win64; x64; rv:155.0) Gecko/20100101 Firefox/155.0","timestamp":"2026-09-13T22:14:47.508Z"} 
[2026-09-13 22:14:47] local.DEBUG: [vite] hot updated: /resources/css/app.css {"url":"http://localhost:8000/","user_agent":"Mozilla/5.0 (Windows NT 10.0; Win64; x64; rv:155.0) Gecko/20100101 Firefox/155.0","timestamp":"2026-09-13T22:14:47.508Z"} 
[2026-09-13 22:14:53] local.DEBUG: [vite] hot updated: /resources/js/pages/welcome.tsx {"url":"http://localhost:8000/","user_agent":"Mozilla/5.0 (Windows NT 10.0; Win64; x64; rv:155.0) Gecko/20100101 Firefox/155.0","timestamp":"2026-09-13T22:14:53.068Z"} 
[2026-09-13 22:14:53] local.DEBUG: [vite] hot updated: /resources/css/app.css {"url":"http://localhost:8000/","user_agent":"Mozilla/5.0 (Windows NT 10.0; Win64; x64; rv:155.0) Gecko/20100101 Firefox/155.0","timestamp":"2026-09-13T22:14:53.068Z"} 
[2026-09-13 22:15:11] local.DEBUG: [vite] hot updated: /resources/js/pages/welcome.tsx {"url":"http://localhost:8000/","user_agent":"Mozilla/5.0 (Windows NT 10.0; Win64; x64; rv:155.0) Gecko/20100101 Firefox/155.0","timestamp":"2026-09-13T22:15:11.620Z"} 
[2026-09-13 22:15:11] local.DEBUG: [vite] hot updated: /resources/css/app.css {"url":"http://localhost:8000/","user_agent":"Mozilla/5.0 (Windows NT 10.0; Win64; x64; rv:155.0) Gecko/20100101 Firefox/155.0","timestamp":"2026-09-13T22:15:11.620Z"} 
[2026-09-13 22:16:09] local.DEBUG: [vite] hot updated: /resources/js/pages/welcome.tsx {"url":"http://localhost:8000/","user_agent":"Mozilla/5.0 (Windows NT 10.0; Win64; x64; rv:155.0) Gecko/20100101 Firefox/155.0","timestamp":"2026-09-13T22:16:09.643Z"} 
[2026-09-13 22:16:09] local.DEBUG: [vite] hot updated: /resources/css/app.css {"url":"http://localhost:8000/","user_agent":"Mozilla/5.0 (Windows NT 10.0; Win64; x64; rv:155.0) Gecko/20100101 Firefox/155.0","timestamp":"2026-09-13T22:16:09.643Z"} 
[2026-09-13 22:16:43] local.DEBUG: [vite] hot updated: /resources/js/pages/welcome.tsx {"url":"http://localhost:8000/","user_agent":"Mozilla/5.0 (Windows NT 10.0; Win64; x64; rv:155.0) Gecko/20100101 Firefox/155.0","timestamp":"2026-09-13T22:16:43.012Z"} 
[2026-09-13 22:16:43] local.DEBUG: [vite] hot updated: /resources/css/app.css {"url":"http://localhost:8000/","user_agent":"Mozilla/5.0 (Windows NT 10.0; Win64; x64; rv:155.0) Gecko/20100101 Firefox/155.0","timestamp":"2026-09-13T22:16:43.012Z"} 
[2026-09-13 22:17:54] local.DEBUG: [vite] hot updated: /resources/js/pages/welcome.tsx {"url":"http://localhost:8000/","user_agent":"Mozilla/5.0 (Windows NT 10.0; Win64; x64; rv:155.0) Gecko/20100101 Firefox/155.0","timestamp":"2026-09-13T22:17:54.250Z"} 
[2026-09-13 22:17:54] local.DEBUG: [vite] hot updated: /resources/css/app.css {"url":"http://localhost:8000/","user_agent":"Mozilla/5.0 (Windows NT 10.0; Win64; x64; rv:155.0) Gecko/20100101 Firefox/155.0","timestamp":"2026-09-13T22:17:54.251Z"} 
[2026-09-13 22:19:03] local.DEBUG: [vite] hot updated: /resources/css/app.css {"url":"http://localhost:8000/","user_agent":"Mozilla/5.0 (Windows NT 10.0; Win64; x64; rv:155.0) Gecko/20100101 Firefox/155.0","timestamp":"2026-09-13T22:19:02.964Z"} 
[2026-09-13 22:21:37] local.DEBUG: [vite] hot updated: /resources/js/pages/welcome.tsx {"url":"http://localhost:8000/","user_agent":"Mozilla/5.0 (Windows NT 10.0; Win64; x64; rv:155.0) Gecko/20100101 Firefox/155.0","timestamp":"2026-09-13T22:21:36.758Z"} 
[2026-09-13 22:21:37] local.DEBUG: [vite] hot updated: /resources/css/app.css {"url":"http://localhost:8000/","user_agent":"Mozilla/5.0 (Windows NT 10.0; Win64; x64; rv:155.0) Gecko/20100101 Firefox/155.0","timestamp":"2026-09-13T22:21:36.758Z"} 
[2026-09-13 22:21:40] local.DEBUG: [vite] hot updated: /resources/js/pages/welcome.tsx {"url":"http://localhost:8000/","user_agent":"Mozilla/5.0 (Windows NT 10.0; Win64; x64; rv:155.0) Gecko/20100101 Firefox/155.0","timestamp":"2026-09-13T22:21:40.761Z"} 
[2026-09-13 22:21:40] local.DEBUG: [vite] hot updated: /resources/css/app.css {"url":"http://localhost:8000/","user_agent":"Mozilla/5.0 (Windows NT 10.0; Win64; x64; rv:155.0) Gecko/20100101 Firefox/155.0","timestamp":"2026-09-13T22:21:40.761Z"} 
[2026-09-13 22:21:50] local.DEBUG: [vite] hot updated: /resources/js/pages/welcome.tsx {"url":"http://localhost:8000/","user_agent":"Mozilla/5.0 (Windows NT 10.0; Win64; x64; rv:155.0) Gecko/20100101 Firefox/155.0","timestamp":"2026-09-13T22:21:49.906Z"} 
[2026-09-13 22:21:50] local.DEBUG: [vite] hot updated: /resources/css/app.css {"url":"http://localhost:8000/","user_agent":"Mozilla/5.0 (Windows NT 10.0; Win64; x64; rv:155.0) Gecko/20100101 Firefox/155.0","timestamp":"2026-09-13T22:21:49.906Z"} 
[2026-09-13 22:22:16] local.DEBUG: [vite] hot updated: /resources/js/pages/welcome.tsx {"url":"http://localhost:8000/","user_agent":"Mozilla/5.0 (Windows NT 10.0; Win64; x64; rv:155.0) Gecko/20100101 Firefox/155.0","timestamp":"2026-09-13T22:22:16.518Z"} 
[2026-09-13 22:22:16] local.DEBUG: [vite] hot updated: /resources/css/app.css {"url":"http://localhost:8000/","user_agent":"Mozilla/5.0 (Windows NT 10.0; Win64; x64; rv:155.0) Gecko/20100101 Firefox/155.0","timestamp":"2026-09-13T22:22:16.518Z"} 
[2026-09-13 22:24:39] local.DEBUG: [vite] hot updated: /resources/js/pages/welcome.tsx {"url":"http://localhost:8000/","user_agent":"Mozilla/5.0 (Windows NT 10.0; Win64; x64; rv:155.0) Gecko/20100101 Firefox/155.0","timestamp":"2026-09-13T22:24:38.858Z"} 
[2026-09-13 22:24:39] local.DEBUG: [vite] hot updated: /resources/css/app.css {"url":"http://localhost:8000/","user_agent":"Mozilla/5.0 (Windows NT 10.0; Win64; x64; rv:155.0) Gecko/20100101 Firefox/155.0","timestamp":"2026-09-13T22:24:38.858Z"} 
[2026-09-13 22:24:45] local.DEBUG: [vite] hot updated: /resources/js/pages/welcome.tsx {"url":"http://localhost:8000/","user_agent":"Mozilla/5.0 (Windows NT 10.0; Win64; x64; rv:155.0) Gecko/20100101 Firefox/155.0","timestamp":"2026-09-13T22:24:44.991Z"} 
[2026-09-13 22:24:45] local.DEBUG: [vite] hot updated: /resources/css/app.css {"url":"http://localhost:8000/","user_agent":"Mozilla/5.0 (Windows NT 10.0; Win64; x64; rv:155.0) Gecko/20100101 Firefox/155.0","timestamp":"2026-09-13T22:24:44.991Z"} 
[2026-09-13 22:24:54] local.DEBUG: [vite] hot updated: /resources/js/pages/welcome.tsx {"url":"http://localhost:8000/","user_agent":"Mozilla/5.0 (Windows NT 10.0; Win64; x64; rv:155.0) Gecko/20100101 Firefox/155.0","timestamp":"2026-09-13T22:24:54.649Z"} 
[2026-09-13 22:24:54] local.DEBUG: [vite] hot updated: /resources/css/app.css {"url":"http://localhost:8000/","user_agent":"Mozilla/5.0 (Windows NT 10.0; Win64; x64; rv:155.0) Gecko/20100101 Firefox/155.0","timestamp":"2026-09-13T22:24:54.649Z"} 
[2026-09-13 22:24:57] local.DEBUG: [vite] connecting... {"url":"http://localhost:8000/","user_agent":"Mozilla/5.0 (Windows NT 10.0; Win64; x64; rv:155.0) Gecko/20100101 Firefox/155.0","timestamp":"2026-09-13T22:24:56.907Z"} 
[2026-09-13 22:24:57] local.INFO: %cDownload the React DevTools for a better development experience: https://react.dev/link/react-devtools font-weight:bold {"url":"http://localhost:8000/","user_agent":"Mozilla/5.0 (Windows NT 10.0; Win64; x64; rv:155.0) Gecko/20100101 Firefox/155.0","timestamp":"2026-09-13T22:24:56.918Z"} 
[2026-09-13 22:24:57] local.DEBUG: [vite] connected. {"url":"http://localhost:8000/","user_agent":"Mozilla/5.0 (Windows NT 10.0; Win64; x64; rv:155.0) Gecko/20100101 Firefox/155.0","timestamp":"2026-09-13T22:24:56.928Z"} 
[2026-09-13 22:25:31] local.DEBUG: [vite] hot updated: /resources/js/pages/welcome.tsx {"url":"http://localhost:8000/","user_agent":"Mozilla/5.0 (Windows NT 10.0; Win64; x64; rv:155.0) Gecko/20100101 Firefox/155.0","timestamp":"2026-09-13T22:25:30.037Z"} 
[2026-09-13 22:25:31] local.DEBUG: [vite] hot updated: /resources/css/app.css {"url":"http://localhost:8000/","user_agent":"Mozilla/5.0 (Windows NT 10.0; Win64; x64; rv:155.0) Gecko/20100101 Firefox/155.0","timestamp":"2026-09-13T22:25:30.037Z"} 
[2026-09-13 22:26:34] local.DEBUG: [vite] hot updated: /resources/js/pages/welcome.tsx {"url":"http://localhost:8000/","user_agent":"Mozilla/5.0 (Windows NT 10.0; Win64; x64; rv:155.0) Gecko/20100101 Firefox/155.0","timestamp":"2026-09-13T22:26:34.610Z"} 
[2026-09-13 22:26:34] local.DEBUG: [vite] hot updated: /resources/css/app.css {"url":"http://localhost:8000/","user_agent":"Mozilla/5.0 (Windows NT 10.0; Win64; x64; rv:155.0) Gecko/20100101 Firefox/155.0","timestamp":"2026-09-13T22:26:34.610Z"} 
[2026-09-13 22:26:37] local.DEBUG: [vite] connecting... {"url":"http://localhost:8000/","user_agent":"Mozilla/5.0 (Windows NT 10.0; Win64; x64; rv:155.0) Gecko/20100101 Firefox/155.0","timestamp":"2026-09-13T22:26:36.860Z"} 
[2026-09-13 22:26:37] local.INFO: %cDownload the React DevTools for a better development experience: https://react.dev/link/react-devtools font-weight:bold {"url":"http://localhost:8000/","user_agent":"Mozilla/5.0 (Windows NT 10.0; Win64; x64; rv:155.0) Gecko/20100101 Firefox/155.0","timestamp":"2026-09-13T22:26:36.883Z"} 
[2026-09-13 22:26:37] local.DEBUG: [vite] connected. {"url":"http://localhost:8000/","user_agent":"Mozilla/5.0 (Windows NT 10.0; Win64; x64; rv:155.0) Gecko/20100101 Firefox/155.0","timestamp":"2026-09-13T22:26:36.885Z"} 
[2026-09-13 22:26:43] local.DEBUG: [vite] hot updated: /resources/js/pages/welcome.tsx {"url":"http://localhost:8000/","user_agent":"Mozilla/5.0 (Windows NT 10.0; Win64; x64; rv:155.0) Gecko/20100101 Firefox/155.0","timestamp":"2026-09-13T22:26:43.016Z"} 
[2026-09-13 22:26:43] local.DEBUG: [vite] hot updated: /resources/css/app.css {"url":"http://localhost:8000/","user_agent":"Mozilla/5.0 (Windows NT 10.0; Win64; x64; rv:155.0) Gecko/20100101 Firefox/155.0","timestamp":"2026-09-13T22:26:43.016Z"} 
[2026-09-13 22:26:51] local.DEBUG: [vite] hot updated: /resources/js/pages/welcome.tsx {"url":"http://localhost:8000/","user_agent":"Mozilla/5.0 (Windows NT 10.0; Win64; x64; rv:155.0) Gecko/20100101 Firefox/155.0","timestamp":"2026-09-13T22:26:50.963Z"} 
[2026-09-13 22:26:51] local.DEBUG: [vite] hot updated: /resources/css/app.css {"url":"http://localhost:8000/","user_agent":"Mozilla/5.0 (Windows NT 10.0; Win64; x64; rv:155.0) Gecko/20100101 Firefox/155.0","timestamp":"2026-09-13T22:26:50.963Z"} 
[2026-09-13 22:27:01] local.DEBUG: [vite] hot updated: /resources/js/pages/welcome.tsx {"url":"http://localhost:8000/","user_agent":"Mozilla/5.0 (Windows NT 10.0; Win64; x64; rv:155.0) Gecko/20100101 Firefox/155.0","timestamp":"2026-09-13T22:27:01.313Z"} 
[2026-09-13 22:27:01] local.DEBUG: [vite] hot updated: /resources/css/app.css {"url":"http://localhost:8000/","user_agent":"Mozilla/5.0 (Windows NT 10.0; Win64; x64; rv:155.0) Gecko/20100101 Firefox/155.0","timestamp":"2026-09-13T22:27:01.313Z"} 
[2026-09-13 22:27:06] local.DEBUG: [vite] hot updated: /resources/js/pages/welcome.tsx {"url":"http://localhost:8000/","user_agent":"Mozilla/5.0 (Windows NT 10.0; Win64; x64; rv:155.0) Gecko/20100101 Firefox/155.0","timestamp":"2026-09-13T22:27:06.159Z"} 
[2026-09-13 22:27:06] local.DEBUG: [vite] hot updated: /resources/css/app.css {"url":"http://localhost:8000/","user_agent":"Mozilla/5.0 (Windows NT 10.0; Win64; x64; rv:155.0) Gecko/20100101 Firefox/155.0","timestamp":"2026-09-13T22:27:06.159Z"} 
[2026-09-13 22:27:31] local.DEBUG: [vite] hot updated: /resources/js/pages/welcome.tsx {"url":"http://localhost:8000/","user_agent":"Mozilla/5.0 (Windows NT 10.0; Win64; x64; rv:155.0) Gecko/20100101 Firefox/155.0","timestamp":"2026-09-13T22:27:31.036Z"} 
[2026-09-13 22:27:31] local.DEBUG: [vite] hot updated: /resources/css/app.css {"url":"http://localhost:8000/","user_agent":"Mozilla/5.0 (Windows NT 10.0; Win64; x64; rv:155.0) Gecko/20100101 Firefox/155.0","timestamp":"2026-09-13T22:27:31.036Z"} 
[2026-09-13 22:27:45] local.DEBUG: [vite] hot updated: /resources/js/pages/welcome.tsx {"url":"http://localhost:8000/","user_agent":"Mozilla/5.0 (Windows NT 10.0; Win64; x64; rv:155.0) Gecko/20100101 Firefox/155.0","timestamp":"2026-09-13T22:27:45.375Z"} 
[2026-09-13 22:27:45] local.DEBUG: [vite] hot updated: /resources/css/app.css {"url":"http://localhost:8000/","user_agent":"Mozilla/5.0 (Windows NT 10.0; Win64; x64; rv:155.0) Gecko/20100101 Firefox/155.0","timestamp":"2026-09-13T22:27:45.375Z"} 
[2026-09-13 22:28:06] local.DEBUG: [vite] hot updated: /resources/js/pages/welcome.tsx {"url":"http://localhost:8000/","user_agent":"Mozilla/5.0 (Windows NT 10.0; Win64; x64; rv:155.0) Gecko/20100101 Firefox/155.0","timestamp":"2026-09-13T22:28:06.642Z"} 
[2026-09-13 22:28:06] local.DEBUG: [vite] hot updated: /resources/css/app.css {"url":"http://localhost:8000/","user_agent":"Mozilla/5.0 (Windows NT 10.0; Win64; x64; rv:155.0) Gecko/20100101 Firefox/155.0","timestamp":"2026-09-13T22:28:06.642Z"} 
[2026-09-13 22:29:24] local.DEBUG: [vite] hot updated: /resources/js/pages/welcome.tsx {"url":"http://localhost:8000/","user_agent":"Mozilla/5.0 (Windows NT 10.0; Win64; x64; rv:155.0) Gecko/20100101 Firefox/155.0","timestamp":"2026-09-13T22:29:24.214Z"} 
[2026-09-13 22:29:24] local.DEBUG: [vite] hot updated: /resources/css/app.css {"url":"http://localhost:8000/","user_agent":"Mozilla/5.0 (Windows NT 10.0; Win64; x64; rv:155.0) Gecko/20100101 Firefox/155.0","timestamp":"2026-09-13T22:29:24.214Z"} 
[2026-09-13 22:29:43] local.DEBUG: [vite] hot updated: /resources/js/pages/welcome.tsx {"url":"http://localhost:8000/","user_agent":"Mozilla/5.0 (Windows NT 10.0; Win64; x64; rv:155.0) Gecko/20100101 Firefox/155.0","timestamp":"2026-09-13T22:29:42.922Z"} 
[2026-09-13 22:29:43] local.DEBUG: [vite] hot updated: /resources/css/app.css {"url":"http://localhost:8000/","user_agent":"Mozilla/5.0 (Windows NT 10.0; Win64; x64; rv:155.0) Gecko/20100101 Firefox/155.0","timestamp":"2026-09-13T22:29:42.922Z"} 
[2026-09-13 22:31:36] local.DEBUG: [vite] hot updated: /resources/js/pages/welcome.tsx {"url":"http://localhost:8000/","user_agent":"Mozilla/5.0 (Windows NT 10.0; Win64; x64; rv:155.0) Gecko/20100101 Firefox/155.0","timestamp":"2026-09-13T22:31:36.402Z"} 
[2026-09-13 22:31:36] local.DEBUG: [vite] hot updated: /resources/css/app.css {"url":"http://localhost:8000/","user_agent":"Mozilla/5.0 (Windows NT 10.0; Win64; x64; rv:155.0) Gecko/20100101 Firefox/155.0","timestamp":"2026-09-13T22:31:36.402Z"} 
[2026-09-13 22:36:26] local.DEBUG: [vite] hot updated: /resources/js/pages/welcome.tsx {"url":"http://localhost:8000/","user_agent":"Mozilla/5.0 (Windows NT 10.0; Win64; x64; rv:155.0) Gecko/20100101 Firefox/155.0","timestamp":"2026-09-13T22:36:25.745Z"} 
[2026-09-13 22:36:26] local.DEBUG: [vite] hot updated: /resources/css/app.css {"url":"http://localhost:8000/","user_agent":"Mozilla/5.0 (Windows NT 10.0; Win64; x64; rv:155.0) Gecko/20100101 Firefox/155.0","timestamp":"2026-09-13T22:36:25.746Z"} 
[2026-09-13 22:37:00] local.DEBUG: [vite] hot updated: /resources/js/pages/welcome.tsx {"url":"http://localhost:8000/","user_agent":"Mozilla/5.0 (Windows NT 10.0; Win64; x64; rv:155.0) Gecko/20100101 Firefox/155.0","timestamp":"2026-09-13T22:36:59.812Z"} 
[2026-09-13 22:37:00] local.DEBUG: [vite] hot updated: /resources/css/app.css {"url":"http://localhost:8000/","user_agent":"Mozilla/5.0 (Windows NT 10.0; Win64; x64; rv:155.0) Gecko/20100101 Firefox/155.0","timestamp":"2026-09-13T22:36:59.812Z"} 
[2026-09-13 22:37:48] local.DEBUG: [vite] hot updated: /resources/js/pages/welcome.tsx {"url":"http://localhost:8000/","user_agent":"Mozilla/5.0 (Windows NT 10.0; Win64; x64; rv:155.0) Gecko/20100101 Firefox/155.0","timestamp":"2026-09-13T22:37:48.363Z"} 
[2026-09-13 22:37:48] local.DEBUG: [vite] hot updated: /resources/css/app.css {"url":"http://localhost:8000/","user_agent":"Mozilla/5.0 (Windows NT 10.0; Win64; x64; rv:155.0) Gecko/20100101 Firefox/155.0","timestamp":"2026-09-13T22:37:48.363Z"} 
[2026-09-13 22:38:03] local.DEBUG: [vite] hot updated: /resources/js/pages/welcome.tsx {"url":"http://localhost:8000/","user_agent":"Mozilla/5.0 (Windows NT 10.0; Win64; x64; rv:155.0) Gecko/20100101 Firefox/155.0","timestamp":"2026-09-13T22:38:02.850Z"} 
[2026-09-13 22:38:03] local.DEBUG: [vite] hot updated: /resources/css/app.css {"url":"http://localhost:8000/","user_agent":"Mozilla/5.0 (Windows NT 10.0; Win64; x64; rv:155.0) Gecko/20100101 Firefox/155.0","timestamp":"2026-09-13T22:38:02.850Z"} 
[2026-09-13 22:38:18] local.DEBUG: [vite] hot updated: /resources/js/pages/welcome.tsx {"url":"http://localhost:8000/","user_agent":"Mozilla/5.0 (Windows NT 10.0; Win64; x64; rv:155.0) Gecko/20100101 Firefox/155.0","timestamp":"2026-09-13T22:38:18.596Z"} 
[2026-09-13 22:38:18] local.DEBUG: [vite] hot updated: /resources/css/app.css {"url":"http://localhost:8000/","user_agent":"Mozilla/5.0 (Windows NT 10.0; Win64; x64; rv:155.0) Gecko/20100101 Firefox/155.0","timestamp":"2026-09-13T22:38:18.596Z"} 
[2026-09-13 22:43:49] local.DEBUG: [vite] hot updated: /resources/js/layouts/ecovolts-layout.tsx {"url":"http://localhost:8000/","user_agent":"Mozilla/5.0 (Windows NT 10.0; Win64; x64; rv:155.0) Gecko/20100101 Firefox/155.0","timestamp":"2026-09-13T22:43:46.793Z"} 
[2026-09-13 22:43:49] local.DEBUG: [vite] hot updated: /resources/css/app.css {"url":"http://localhost:8000/","user_agent":"Mozilla/5.0 (Windows NT 10.0; Win64; x64; rv:155.0) Gecko/20100101 Firefox/155.0","timestamp":"2026-09-13T22:43:46.793Z"} 
[2026-09-13 22:44:02] local.DEBUG: [vite] hot updated: /resources/js/layouts/ecovolts-layout.tsx {"url":"http://localhost:8000/","user_agent":"Mozilla/5.0 (Windows NT 10.0; Win64; x64; rv:155.0) Gecko/20100101 Firefox/155.0","timestamp":"2026-09-13T22:44:01.800Z"} 
[2026-09-13 22:44:02] local.DEBUG: [vite] hot updated: /resources/css/app.css {"url":"http://localhost:8000/","user_agent":"Mozilla/5.0 (Windows NT 10.0; Win64; x64; rv:155.0) Gecko/20100101 Firefox/155.0","timestamp":"2026-09-13T22:44:01.800Z"} 
[2026-09-13 22:44:19] local.DEBUG: [vite] hot updated: /resources/js/layouts/ecovolts-layout.tsx {"url":"http://localhost:8000/","user_agent":"Mozilla/5.0 (Windows NT 10.0; Win64; x64; rv:155.0) Gecko/20100101 Firefox/155.0","timestamp":"2026-09-13T22:44:19.343Z"} 
[2026-09-13 22:44:19] local.DEBUG: [vite] hot updated: /resources/css/app.css {"url":"http://localhost:8000/","user_agent":"Mozilla/5.0 (Windows NT 10.0; Win64; x64; rv:155.0) Gecko/20100101 Firefox/155.0","timestamp":"2026-09-13T22:44:19.343Z"} 
[2026-09-13 22:44:23] local.DEBUG: [vite] connecting... {"url":"http://localhost:8000/","user_agent":"Mozilla/5.0 (Windows NT 10.0; Win64; x64; rv:155.0) Gecko/20100101 Firefox/155.0","timestamp":"2026-09-13T22:44:23.307Z"} 
[2026-09-13 22:44:23] local.INFO: %cDownload the React DevTools for a better development experience: https://react.dev/link/react-devtools font-weight:bold {"url":"http://localhost:8000/","user_agent":"Mozilla/5.0 (Windows NT 10.0; Win64; x64; rv:155.0) Gecko/20100101 Firefox/155.0","timestamp":"2026-09-13T22:44:23.319Z"} 
[2026-09-13 22:44:23] local.DEBUG: [vite] connected. {"url":"http://localhost:8000/","user_agent":"Mozilla/5.0 (Windows NT 10.0; Win64; x64; rv:155.0) Gecko/20100101 Firefox/155.0","timestamp":"2026-09-13T22:44:23.328Z"} 
[2026-09-13 22:44:30] local.DEBUG: [vite] hot updated: /resources/js/layouts/ecovolts-layout.tsx {"url":"http://localhost:8000/","user_agent":"Mozilla/5.0 (Windows NT 10.0; Win64; x64; rv:155.0) Gecko/20100101 Firefox/155.0","timestamp":"2026-09-13T22:44:30.370Z"} 
[2026-09-13 22:44:30] local.DEBUG: [vite] hot updated: /resources/css/app.css {"url":"http://localhost:8000/","user_agent":"Mozilla/5.0 (Windows NT 10.0; Win64; x64; rv:155.0) Gecko/20100101 Firefox/155.0","timestamp":"2026-09-13T22:44:30.370Z"} 
[2026-09-13 22:44:34] local.DEBUG: [vite] hot updated: /resources/js/layouts/ecovolts-layout.tsx {"url":"http://localhost:8000/","user_agent":"Mozilla/5.0 (Windows NT 10.0; Win64; x64; rv:155.0) Gecko/20100101 Firefox/155.0","timestamp":"2026-09-13T22:44:34.457Z"} 
[2026-09-13 22:44:34] local.DEBUG: [vite] hot updated: /resources/css/app.css {"url":"http://localhost:8000/","user_agent":"Mozilla/5.0 (Windows NT 10.0; Win64; x64; rv:155.0) Gecko/20100101 Firefox/155.0","timestamp":"2026-09-13T22:44:34.457Z"} 
[2026-09-13 22:46:21] local.DEBUG: [vite] hot updated: /resources/js/layouts/ecovolts-layout.tsx {"url":"http://localhost:8000/","user_agent":"Mozilla/5.0 (Windows NT 10.0; Win64; x64; rv:155.0) Gecko/20100101 Firefox/155.0","timestamp":"2026-09-13T22:46:21.362Z"} 
[2026-09-13 22:46:21] local.DEBUG: [vite] hot updated: /resources/css/app.css {"url":"http://localhost:8000/","user_agent":"Mozilla/5.0 (Windows NT 10.0; Win64; x64; rv:155.0) Gecko/20100101 Firefox/155.0","timestamp":"2026-09-13T22:46:21.362Z"} 
[2026-09-13 22:47:14] local.DEBUG: [vite] hot updated: /resources/js/layouts/ecovolts-layout.tsx {"url":"http://localhost:8000/","user_agent":"Mozilla/5.0 (Windows NT 10.0; Win64; x64; rv:155.0) Gecko/20100101 Firefox/155.0","timestamp":"2026-09-13T22:47:12.066Z"} 
[2026-09-13 22:47:14] local.DEBUG: [vite] hot updated: /resources/css/app.css {"url":"http://localhost:8000/","user_agent":"Mozilla/5.0 (Windows NT 10.0; Win64; x64; rv:155.0) Gecko/20100101 Firefox/155.0","timestamp":"2026-09-13T22:47:12.066Z"} 
[2026-09-13 22:47:14] local.DEBUG: [vite] hot updated: /resources/js/layouts/ecovolts-layout.tsx {"url":"http://localhost:8000/","user_agent":"Mozilla/5.0 (Windows NT 10.0; Win64; x64; rv:155.0) Gecko/20100101 Firefox/155.0","timestamp":"2026-09-13T22:47:12.066Z"} 
[2026-09-13 22:47:14] local.DEBUG: [vite] hot updated: /resources/css/app.css {"url":"http://localhost:8000/","user_agent":"Mozilla/5.0 (Windows NT 10.0; Win64; x64; rv:155.0) Gecko/20100101 Firefox/155.0","timestamp":"2026-09-13T22:47:12.066Z"} 
[2026-09-13 22:47:15] local.DEBUG: [vite] connecting... {"url":"http://localhost:8000/","user_agent":"Mozilla/5.0 (Windows NT 10.0; Win64; x64; rv:155.0) Gecko/20100101 Firefox/155.0","timestamp":"2026-09-13T22:47:14.751Z"} 
[2026-09-13 22:47:15] local.INFO: %cDownload the React DevTools for a better development experience: https://react.dev/link/react-devtools font-weight:bold {"url":"http://localhost:8000/","user_agent":"Mozilla/5.0 (Windows NT 10.0; Win64; x64; rv:155.0) Gecko/20100101 Firefox/155.0","timestamp":"2026-09-13T22:47:14.770Z"} 
[2026-09-13 22:47:15] local.DEBUG: [vite] connected. {"url":"http://localhost:8000/","user_agent":"Mozilla/5.0 (Windows NT 10.0; Win64; x64; rv:155.0) Gecko/20100101 Firefox/155.0","timestamp":"2026-09-13T22:47:14.774Z"} 
[2026-09-13 22:47:22] local.DEBUG: [vite] hot updated: /resources/js/layouts/ecovolts-layout.tsx {"url":"http://localhost:8000/","user_agent":"Mozilla/5.0 (Windows NT 10.0; Win64; x64; rv:155.0) Gecko/20100101 Firefox/155.0","timestamp":"2026-09-13T22:47:22.420Z"} 
[2026-09-13 22:47:22] local.DEBUG: [vite] hot updated: /resources/css/app.css {"url":"http://localhost:8000/","user_agent":"Mozilla/5.0 (Windows NT 10.0; Win64; x64; rv:155.0) Gecko/20100101 Firefox/155.0","timestamp":"2026-09-13T22:47:22.420Z"} 
[2026-09-13 22:47:49] local.DEBUG: [vite] hot updated: /resources/js/pages/welcome.tsx {"url":"http://localhost:8000/","user_agent":"Mozilla/5.0 (Windows NT 10.0; Win64; x64; rv:155.0) Gecko/20100101 Firefox/155.0","timestamp":"2026-09-13T22:47:49.098Z"} 
[2026-09-13 22:47:49] local.DEBUG: [vite] hot updated: /resources/css/app.css {"url":"http://localhost:8000/","user_agent":"Mozilla/5.0 (Windows NT 10.0; Win64; x64; rv:155.0) Gecko/20100101 Firefox/155.0","timestamp":"2026-09-13T22:47:49.098Z"} 
[2026-09-13 23:06:57] local.DEBUG: [vite] hot updated: /resources/js/pages/welcome.tsx {"url":"http://localhost:8000/","user_agent":"Mozilla/5.0 (Windows NT 10.0; Win64; x64; rv:155.0) Gecko/20100101 Firefox/155.0","timestamp":"2026-09-13T23:06:57.338Z"} 
[2026-09-13 23:06:57] local.DEBUG: [vite] hot updated: /resources/css/app.css {"url":"http://localhost:8000/","user_agent":"Mozilla/5.0 (Windows NT 10.0; Win64; x64; rv:155.0) Gecko/20100101 Firefox/155.0","timestamp":"2026-09-13T23:06:57.338Z"} 
[2026-09-13 23:08:25] local.DEBUG: [vite] hot updated: /resources/js/pages/welcome.tsx {"url":"http://localhost:8000/","user_agent":"Mozilla/5.0 (Windows NT 10.0; Win64; x64; rv:155.0) Gecko/20100101 Firefox/155.0","timestamp":"2026-09-13T23:08:23.952Z"} 
[2026-09-13 23:08:25] local.DEBUG: [vite] hot updated: /resources/css/app.css {"url":"http://localhost:8000/","user_agent":"Mozilla/5.0 (Windows NT 10.0; Win64; x64; rv:155.0) Gecko/20100101 Firefox/155.0","timestamp":"2026-09-13T23:08:23.952Z"} 
[2026-09-13 23:08:41] local.DEBUG: [vite] hot updated: /resources/js/pages/welcome.tsx {"url":"http://localhost:8000/","user_agent":"Mozilla/5.0 (Windows NT 10.0; Win64; x64; rv:155.0) Gecko/20100101 Firefox/155.0","timestamp":"2026-09-13T23:08:40.694Z"} 
[2026-09-13 23:08:41] local.DEBUG: [vite] hot updated: /resources/css/app.css {"url":"http://localhost:8000/","user_agent":"Mozilla/5.0 (Windows NT 10.0; Win64; x64; rv:155.0) Gecko/20100101 Firefox/155.0","timestamp":"2026-09-13T23:08:40.694Z"} 
[2026-09-13 23:08:41] local.DEBUG: [vite] hot updated: /resources/js/pages/welcome.tsx {"url":"http://localhost:8000/","user_agent":"Mozilla/5.0 (Windows NT 10.0; Win64; x64; rv:155.0) Gecko/20100101 Firefox/155.0","timestamp":"2026-09-13T23:08:41.154Z"} 
[2026-09-13 23:08:41] local.DEBUG: [vite] hot updated: /resources/css/app.css {"url":"http://localhost:8000/","user_agent":"Mozilla/5.0 (Windows NT 10.0; Win64; x64; rv:155.0) Gecko/20100101 Firefox/155.0","timestamp":"2026-09-13T23:08:41.154Z"} 
[2026-09-13 23:08:44] local.DEBUG: [vite] connecting... {"url":"http://localhost:8000/","user_agent":"Mozilla/5.0 (Windows NT 10.0; Win64; x64; rv:155.0) Gecko/20100101 Firefox/155.0","timestamp":"2026-09-13T23:08:44.133Z"} 
[2026-09-13 23:08:44] local.INFO: %cDownload the React DevTools for a better development experience: https://react.dev/link/react-devtools font-weight:bold {"url":"http://localhost:8000/","user_agent":"Mozilla/5.0 (Windows NT 10.0; Win64; x64; rv:155.0) Gecko/20100101 Firefox/155.0","timestamp":"2026-09-13T23:08:44.145Z"} 
[2026-09-13 23:08:44] local.DEBUG: [vite] connected. {"url":"http://localhost:8000/","user_agent":"Mozilla/5.0 (Windows NT 10.0; Win64; x64; rv:155.0) Gecko/20100101 Firefox/155.0","timestamp":"2026-09-13T23:08:44.154Z"} 
[2026-09-13 23:08:58] local.DEBUG: [vite] hot updated: /resources/js/pages/welcome.tsx {"url":"http://localhost:8000/","user_agent":"Mozilla/5.0 (Windows NT 10.0; Win64; x64; rv:155.0) Gecko/20100101 Firefox/155.0","timestamp":"2026-09-13T23:08:57.636Z"} 
[2026-09-13 23:08:58] local.DEBUG: [vite] hot updated: /resources/css/app.css {"url":"http://localhost:8000/","user_agent":"Mozilla/5.0 (Windows NT 10.0; Win64; x64; rv:155.0) Gecko/20100101 Firefox/155.0","timestamp":"2026-09-13T23:08:57.636Z"} 
[2026-09-13 23:09:00] local.DEBUG: [vite] connecting... {"url":"http://localhost:8000/","user_agent":"Mozilla/5.0 (Windows NT 10.0; Win64; x64; rv:155.0) Gecko/20100101 Firefox/155.0","timestamp":"2026-09-13T23:09:00.297Z"} 
[2026-09-13 23:09:00] local.INFO: %cDownload the React DevTools for a better development experience: https://react.dev/link/react-devtools font-weight:bold {"url":"http://localhost:8000/","user_agent":"Mozilla/5.0 (Windows NT 10.0; Win64; x64; rv:155.0) Gecko/20100101 Firefox/155.0","timestamp":"2026-09-13T23:09:00.314Z"} 
[2026-09-13 23:09:00] local.DEBUG: [vite] connected. {"url":"http://localhost:8000/","user_agent":"Mozilla/5.0 (Windows NT 10.0; Win64; x64; rv:155.0) Gecko/20100101 Firefox/155.0","timestamp":"2026-09-13T23:09:00.316Z"} 
[2026-09-13 23:10:18] local.DEBUG: [vite] hot updated: /resources/js/pages/welcome.tsx {"url":"http://localhost:8000/","user_agent":"Mozilla/5.0 (Windows NT 10.0; Win64; x64; rv:155.0) Gecko/20100101 Firefox/155.0","timestamp":"2026-09-13T23:10:18.002Z"} 
[2026-09-13 23:10:18] local.DEBUG: [vite] hot updated: /resources/css/app.css {"url":"http://localhost:8000/","user_agent":"Mozilla/5.0 (Windows NT 10.0; Win64; x64; rv:155.0) Gecko/20100101 Firefox/155.0","timestamp":"2026-09-13T23:10:18.002Z"} 
[2026-09-13 23:10:21] local.DEBUG: [vite] connecting... {"url":"http://localhost:8000/","user_agent":"Mozilla/5.0 (Windows NT 10.0; Win64; x64; rv:155.0) Gecko/20100101 Firefox/155.0","timestamp":"2026-09-13T23:10:20.745Z"} 
[2026-09-13 23:10:21] local.INFO: %cDownload the React DevTools for a better development experience: https://react.dev/link/react-devtools font-weight:bold {"url":"http://localhost:8000/","user_agent":"Mozilla/5.0 (Windows NT 10.0; Win64; x64; rv:155.0) Gecko/20100101 Firefox/155.0","timestamp":"2026-09-13T23:10:20.766Z"} 
[2026-09-13 23:10:21] local.DEBUG: [vite] connected. {"url":"http://localhost:8000/","user_agent":"Mozilla/5.0 (Windows NT 10.0; Win64; x64; rv:155.0) Gecko/20100101 Firefox/155.0","timestamp":"2026-09-13T23:10:20.769Z"} 
[2026-09-13 23:11:19] local.DEBUG: [vite] hot updated: /resources/js/pages/welcome.tsx {"url":"http://localhost:8000/","user_agent":"Mozilla/5.0 (Windows NT 10.0; Win64; x64; rv:155.0) Gecko/20100101 Firefox/155.0","timestamp":"2026-09-13T23:11:18.377Z"} 
[2026-09-13 23:11:19] local.DEBUG: [vite] hot updated: /resources/css/app.css {"url":"http://localhost:8000/","user_agent":"Mozilla/5.0 (Windows NT 10.0; Win64; x64; rv:155.0) Gecko/20100101 Firefox/155.0","timestamp":"2026-09-13T23:11:18.377Z"} 
[2026-09-13 23:11:41] local.DEBUG: [vite] hot updated: /resources/js/pages/welcome.tsx {"url":"http://localhost:8000/","user_agent":"Mozilla/5.0 (Windows NT 10.0; Win64; x64; rv:155.0) Gecko/20100101 Firefox/155.0","timestamp":"2026-09-13T23:11:41.195Z"} 
[2026-09-13 23:11:41] local.DEBUG: [vite] hot updated: /resources/css/app.css {"url":"http://localhost:8000/","user_agent":"Mozilla/5.0 (Windows NT 10.0; Win64; x64; rv:155.0) Gecko/20100101 Firefox/155.0","timestamp":"2026-09-13T23:11:41.195Z"} 
[2026-09-13 23:12:04] local.DEBUG: [vite] hot updated: /resources/js/pages/welcome.tsx {"url":"http://localhost:8000/","user_agent":"Mozilla/5.0 (Windows NT 10.0; Win64; x64; rv:155.0) Gecko/20100101 Firefox/155.0","timestamp":"2026-09-13T23:12:04.625Z"} 
[2026-09-13 23:12:04] local.DEBUG: [vite] hot updated: /resources/css/app.css {"url":"http://localhost:8000/","user_agent":"Mozilla/5.0 (Windows NT 10.0; Win64; x64; rv:155.0) Gecko/20100101 Firefox/155.0","timestamp":"2026-09-13T23:12:04.625Z"} 
[2026-09-13 23:12:16] local.DEBUG: [vite] hot updated: /resources/js/pages/welcome.tsx {"url":"http://localhost:8000/","user_agent":"Mozilla/5.0 (Windows NT 10.0; Win64; x64; rv:155.0) Gecko/20100101 Firefox/155.0","timestamp":"2026-09-13T23:12:16.721Z"} 
[2026-09-13 23:12:16] local.DEBUG: [vite] hot updated: /resources/css/app.css {"url":"http://localhost:8000/","user_agent":"Mozilla/5.0 (Windows NT 10.0; Win64; x64; rv:155.0) Gecko/20100101 Firefox/155.0","timestamp":"2026-09-13T23:12:16.722Z"} 
[2026-09-13 23:12:22] local.DEBUG: [vite] hot updated: /resources/js/pages/welcome.tsx {"url":"http://localhost:8000/","user_agent":"Mozilla/5.0 (Windows NT 10.0; Win64; x64; rv:155.0) Gecko/20100101 Firefox/155.0","timestamp":"2026-09-13T23:12:21.966Z"} 
[2026-09-13 23:12:22] local.DEBUG: [vite] hot updated: /resources/css/app.css {"url":"http://localhost:8000/","user_agent":"Mozilla/5.0 (Windows NT 10.0; Win64; x64; rv:155.0) Gecko/20100101 Firefox/155.0","timestamp":"2026-09-13T23:12:21.966Z"} 
[2026-09-13 23:12:30] local.DEBUG: [vite] hot updated: /resources/js/pages/welcome.tsx {"url":"http://localhost:8000/","user_agent":"Mozilla/5.0 (Windows NT 10.0; Win64; x64; rv:155.0) Gecko/20100101 Firefox/155.0","timestamp":"2026-09-13T23:12:30.483Z"} 
[2026-09-13 23:12:30] local.DEBUG: [vite] hot updated: /resources/css/app.css {"url":"http://localhost:8000/","user_agent":"Mozilla/5.0 (Windows NT 10.0; Win64; x64; rv:155.0) Gecko/20100101 Firefox/155.0","timestamp":"2026-09-13T23:12:30.483Z"} 
[2026-09-13 23:12:38] local.DEBUG: [vite] hot updated: /resources/js/pages/welcome.tsx {"url":"http://localhost:8000/","user_agent":"Mozilla/5.0 (Windows NT 10.0; Win64; x64; rv:155.0) Gecko/20100101 Firefox/155.0","timestamp":"2026-09-13T23:12:38.503Z"} 
[2026-09-13 23:12:38] local.DEBUG: [vite] hot updated: /resources/css/app.css {"url":"http://localhost:8000/","user_agent":"Mozilla/5.0 (Windows NT 10.0; Win64; x64; rv:155.0) Gecko/20100101 Firefox/155.0","timestamp":"2026-09-13T23:12:38.503Z"} 
[2026-09-13 23:12:55] local.DEBUG: [vite] hot updated: /resources/js/pages/welcome.tsx {"url":"http://localhost:8000/","user_agent":"Mozilla/5.0 (Windows NT 10.0; Win64; x64; rv:155.0) Gecko/20100101 Firefox/155.0","timestamp":"2026-09-13T23:12:55.056Z"} 
[2026-09-13 23:12:55] local.DEBUG: [vite] hot updated: /resources/css/app.css {"url":"http://localhost:8000/","user_agent":"Mozilla/5.0 (Windows NT 10.0; Win64; x64; rv:155.0) Gecko/20100101 Firefox/155.0","timestamp":"2026-09-13T23:12:55.056Z"} 
[2026-09-13 23:12:59] local.DEBUG: [vite] hot updated: /resources/js/pages/welcome.tsx {"url":"http://localhost:8000/","user_agent":"Mozilla/5.0 (Windows NT 10.0; Win64; x64; rv:155.0) Gecko/20100101 Firefox/155.0","timestamp":"2026-09-13T23:12:59.741Z"} 
[2026-09-13 23:12:59] local.DEBUG: [vite] hot updated: /resources/css/app.css {"url":"http://localhost:8000/","user_agent":"Mozilla/5.0 (Windows NT 10.0; Win64; x64; rv:155.0) Gecko/20100101 Firefox/155.0","timestamp":"2026-09-13T23:12:59.741Z"} 
[2026-09-13 23:13:06] local.DEBUG: [vite] hot updated: /resources/js/pages/welcome.tsx {"url":"http://localhost:8000/","user_agent":"Mozilla/5.0 (Windows NT 10.0; Win64; x64; rv:155.0) Gecko/20100101 Firefox/155.0","timestamp":"2026-09-13T23:13:06.066Z"} 
[2026-09-13 23:13:06] local.DEBUG: [vite] hot updated: /resources/css/app.css {"url":"http://localhost:8000/","user_agent":"Mozilla/5.0 (Windows NT 10.0; Win64; x64; rv:155.0) Gecko/20100101 Firefox/155.0","timestamp":"2026-09-13T23:13:06.066Z"} 
[2026-09-13 23:13:09] local.DEBUG: [vite] hot updated: /resources/js/pages/welcome.tsx {"url":"http://localhost:8000/","user_agent":"Mozilla/5.0 (Windows NT 10.0; Win64; x64; rv:155.0) Gecko/20100101 Firefox/155.0","timestamp":"2026-09-13T23:13:09.251Z"} 
[2026-09-13 23:13:09] local.DEBUG: [vite] hot updated: /resources/css/app.css {"url":"http://localhost:8000/","user_agent":"Mozilla/5.0 (Windows NT 10.0; Win64; x64; rv:155.0) Gecko/20100101 Firefox/155.0","timestamp":"2026-09-13T23:13:09.251Z"} 
[2026-09-13 23:13:37] local.DEBUG: [vite] hot updated: /resources/js/pages/welcome.tsx {"url":"http://localhost:8000/","user_agent":"Mozilla/5.0 (Windows NT 10.0; Win64; x64; rv:155.0) Gecko/20100101 Firefox/155.0","timestamp":"2026-09-13T23:13:36.605Z"} 
[2026-09-13 23:13:37] local.DEBUG: [vite] hot updated: /resources/css/app.css {"url":"http://localhost:8000/","user_agent":"Mozilla/5.0 (Windows NT 10.0; Win64; x64; rv:155.0) Gecko/20100101 Firefox/155.0","timestamp":"2026-09-13T23:13:36.605Z"} 
[2026-09-13 23:13:41] local.DEBUG: [vite] hot updated: /resources/js/pages/welcome.tsx {"url":"http://localhost:8000/","user_agent":"Mozilla/5.0 (Windows NT 10.0; Win64; x64; rv:155.0) Gecko/20100101 Firefox/155.0","timestamp":"2026-09-13T23:13:40.807Z"} 
[2026-09-13 23:13:41] local.DEBUG: [vite] hot updated: /resources/css/app.css {"url":"http://localhost:8000/","user_agent":"Mozilla/5.0 (Windows NT 10.0; Win64; x64; rv:155.0) Gecko/20100101 Firefox/155.0","timestamp":"2026-09-13T23:13:40.807Z"} 
[2026-09-13 23:13:44] local.DEBUG: [vite] hot updated: /resources/js/pages/welcome.tsx {"url":"http://localhost:8000/","user_agent":"Mozilla/5.0 (Windows NT 10.0; Win64; x64; rv:155.0) Gecko/20100101 Firefox/155.0","timestamp":"2026-09-13T23:13:44.044Z"} 
[2026-09-13 23:13:44] local.DEBUG: [vite] hot updated: /resources/css/app.css {"url":"http://localhost:8000/","user_agent":"Mozilla/5.0 (Windows NT 10.0; Win64; x64; rv:155.0) Gecko/20100101 Firefox/155.0","timestamp":"2026-09-13T23:13:44.044Z"} 
[2026-09-13 23:13:46] local.DEBUG: [vite] hot updated: /resources/js/pages/welcome.tsx {"url":"http://localhost:8000/","user_agent":"Mozilla/5.0 (Windows NT 10.0; Win64; x64; rv:155.0) Gecko/20100101 Firefox/155.0","timestamp":"2026-09-13T23:13:46.259Z"} 
[2026-09-13 23:13:46] local.DEBUG: [vite] hot updated: /resources/css/app.css {"url":"http://localhost:8000/","user_agent":"Mozilla/5.0 (Windows NT 10.0; Win64; x64; rv:155.0) Gecko/20100101 Firefox/155.0","timestamp":"2026-09-13T23:13:46.259Z"} 
[2026-09-13 23:14:22] local.DEBUG: [vite] hot updated: /resources/js/pages/welcome.tsx {"url":"http://localhost:8000/","user_agent":"Mozilla/5.0 (Windows NT 10.0; Win64; x64; rv:155.0) Gecko/20100101 Firefox/155.0","timestamp":"2026-09-13T23:14:22.528Z"} 
[2026-09-13 23:14:22] local.DEBUG: [vite] hot updated: /resources/css/app.css {"url":"http://localhost:8000/","user_agent":"Mozilla/5.0 (Windows NT 10.0; Win64; x64; rv:155.0) Gecko/20100101 Firefox/155.0","timestamp":"2026-09-13T23:14:22.528Z"} 
[2026-09-13 23:14:25] local.DEBUG: [vite] hot updated: /resources/js/pages/welcome.tsx {"url":"http://localhost:8000/","user_agent":"Mozilla/5.0 (Windows NT 10.0; Win64; x64; rv:155.0) Gecko/20100101 Firefox/155.0","timestamp":"2026-09-13T23:14:25.750Z"} 
[2026-09-13 23:14:25] local.DEBUG: [vite] hot updated: /resources/css/app.css {"url":"http://localhost:8000/","user_agent":"Mozilla/5.0 (Windows NT 10.0; Win64; x64; rv:155.0) Gecko/20100101 Firefox/155.0","timestamp":"2026-09-13T23:14:25.750Z"} 
[2026-09-13 23:15:29] local.DEBUG: [vite] hot updated: /resources/js/pages/welcome.tsx {"url":"http://localhost:8000/","user_agent":"Mozilla/5.0 (Windows NT 10.0; Win64; x64; rv:155.0) Gecko/20100101 Firefox/155.0","timestamp":"2026-09-13T23:15:29.212Z"} 
[2026-09-13 23:15:29] local.DEBUG: [vite] hot updated: /resources/css/app.css {"url":"http://localhost:8000/","user_agent":"Mozilla/5.0 (Windows NT 10.0; Win64; x64; rv:155.0) Gecko/20100101 Firefox/155.0","timestamp":"2026-09-13T23:15:29.212Z"} 
[2026-09-13 23:15:42] local.DEBUG: [vite] hot updated: /resources/js/pages/welcome.tsx {"url":"http://localhost:8000/","user_agent":"Mozilla/5.0 (Windows NT 10.0; Win64; x64; rv:155.0) Gecko/20100101 Firefox/155.0","timestamp":"2026-09-13T23:15:41.992Z"} 
[2026-09-13 23:15:42] local.DEBUG: [vite] hot updated: /resources/css/app.css {"url":"http://localhost:8000/","user_agent":"Mozilla/5.0 (Windows NT 10.0; Win64; x64; rv:155.0) Gecko/20100101 Firefox/155.0","timestamp":"2026-09-13T23:15:41.992Z"} 
[2026-09-13 23:16:47] local.DEBUG: [vite] hot updated: /resources/js/pages/welcome.tsx {"url":"http://localhost:8000/","user_agent":"Mozilla/5.0 (Windows NT 10.0; Win64; x64; rv:155.0) Gecko/20100101 Firefox/155.0","timestamp":"2026-09-13T23:16:44.809Z"} 
[2026-09-13 23:16:47] local.DEBUG: [vite] hot updated: /resources/css/app.css {"url":"http://localhost:8000/","user_agent":"Mozilla/5.0 (Windows NT 10.0; Win64; x64; rv:155.0) Gecko/20100101 Firefox/155.0","timestamp":"2026-09-13T23:16:44.809Z"} 
[2026-09-13 23:16:48] local.DEBUG: [vite] connecting... {"url":"http://localhost:8000/","user_agent":"Mozilla/5.0 (Windows NT 10.0; Win64; x64; rv:155.0) Gecko/20100101 Firefox/155.0","timestamp":"2026-09-13T23:16:48.027Z"} 
[2026-09-13 23:16:48] local.INFO: %cDownload the React DevTools for a better development experience: https://react.dev/link/react-devtools font-weight:bold {"url":"http://localhost:8000/","user_agent":"Mozilla/5.0 (Windows NT 10.0; Win64; x64; rv:155.0) Gecko/20100101 Firefox/155.0","timestamp":"2026-09-13T23:16:48.034Z"} 
[2026-09-13 23:16:48] local.DEBUG: [vite] connected. {"url":"http://localhost:8000/","user_agent":"Mozilla/5.0 (Windows NT 10.0; Win64; x64; rv:155.0) Gecko/20100101 Firefox/155.0","timestamp":"2026-09-13T23:16:48.043Z"} 
[2026-09-13 23:16:59] local.DEBUG: [vite] hot updated: /resources/js/pages/welcome.tsx {"url":"http://localhost:8000/","user_agent":"Mozilla/5.0 (Windows NT 10.0; Win64; x64; rv:155.0) Gecko/20100101 Firefox/155.0","timestamp":"2026-09-13T23:16:59.138Z"} 
[2026-09-13 23:16:59] local.DEBUG: [vite] hot updated: /resources/css/app.css {"url":"http://localhost:8000/","user_agent":"Mozilla/5.0 (Windows NT 10.0; Win64; x64; rv:155.0) Gecko/20100101 Firefox/155.0","timestamp":"2026-09-13T23:16:59.138Z"} 
[2026-09-13 23:17:40] local.DEBUG: [vite] hot updated: /resources/js/pages/welcome.tsx {"url":"http://localhost:8000/","user_agent":"Mozilla/5.0 (Windows NT 10.0; Win64; x64; rv:155.0) Gecko/20100101 Firefox/155.0","timestamp":"2026-09-13T23:17:38.664Z"} 
[2026-09-13 23:17:40] local.DEBUG: [vite] hot updated: /resources/css/app.css {"url":"http://localhost:8000/","user_agent":"Mozilla/5.0 (Windows NT 10.0; Win64; x64; rv:155.0) Gecko/20100101 Firefox/155.0","timestamp":"2026-09-13T23:17:38.664Z"} 
[2026-09-13 23:17:44] local.DEBUG: [vite] connecting... {"url":"http://localhost:8000/","user_agent":"Mozilla/5.0 (Windows NT 10.0; Win64; x64; rv:155.0) Gecko/20100101 Firefox/155.0","timestamp":"2026-09-13T23:17:40.426Z"} 
[2026-09-13 23:17:44] local.INFO: %cDownload the React DevTools for a better development experience: https://react.dev/link/react-devtools font-weight:bold {"url":"http://localhost:8000/","user_agent":"Mozilla/5.0 (Windows NT 10.0; Win64; x64; rv:155.0) Gecko/20100101 Firefox/155.0","timestamp":"2026-09-13T23:17:40.451Z"} 
[2026-09-13 23:17:44] local.DEBUG: [vite] connected. {"url":"http://localhost:8000/","user_agent":"Mozilla/5.0 (Windows NT 10.0; Win64; x64; rv:155.0) Gecko/20100101 Firefox/155.0","timestamp":"2026-09-13T23:17:40.454Z"} 
[2026-09-13 23:17:49] local.DEBUG: [vite] hot updated: /resources/js/pages/welcome.tsx {"url":"http://localhost:8000/","user_agent":"Mozilla/5.0 (Windows NT 10.0; Win64; x64; rv:155.0) Gecko/20100101 Firefox/155.0","timestamp":"2026-09-13T23:17:49.472Z"} 
[2026-09-13 23:17:49] local.DEBUG: [vite] hot updated: /resources/css/app.css {"url":"http://localhost:8000/","user_agent":"Mozilla/5.0 (Windows NT 10.0; Win64; x64; rv:155.0) Gecko/20100101 Firefox/155.0","timestamp":"2026-09-13T23:17:49.472Z"} 
[2026-09-13 23:18:02] local.DEBUG: [vite] hot updated: /resources/js/pages/welcome.tsx {"url":"http://localhost:8000/","user_agent":"Mozilla/5.0 (Windows NT 10.0; Win64; x64; rv:155.0) Gecko/20100101 Firefox/155.0","timestamp":"2026-09-13T23:18:01.522Z"} 
[2026-09-13 23:18:02] local.DEBUG: [vite] hot updated: /resources/css/app.css {"url":"http://localhost:8000/","user_agent":"Mozilla/5.0 (Windows NT 10.0; Win64; x64; rv:155.0) Gecko/20100101 Firefox/155.0","timestamp":"2026-09-13T23:18:01.522Z"} 
[2026-09-13 23:18:13] local.DEBUG: [vite] hot updated: /resources/js/pages/welcome.tsx {"url":"http://localhost:8000/","user_agent":"Mozilla/5.0 (Windows NT 10.0; Win64; x64; rv:155.0) Gecko/20100101 Firefox/155.0","timestamp":"2026-09-13T23:18:12.849Z"} 
[2026-09-13 23:18:13] local.DEBUG: [vite] hot updated: /resources/css/app.css {"url":"http://localhost:8000/","user_agent":"Mozilla/5.0 (Windows NT 10.0; Win64; x64; rv:155.0) Gecko/20100101 Firefox/155.0","timestamp":"2026-09-13T23:18:12.849Z"} 
[2026-09-13 23:18:18] local.DEBUG: [vite] hot updated: /resources/js/pages/welcome.tsx {"url":"http://localhost:8000/","user_agent":"Mozilla/5.0 (Windows NT 10.0; Win64; x64; rv:155.0) Gecko/20100101 Firefox/155.0","timestamp":"2026-09-13T23:18:17.839Z"} 
[2026-09-13 23:18:18] local.DEBUG: [vite] hot updated: /resources/css/app.css {"url":"http://localhost:8000/","user_agent":"Mozilla/5.0 (Windows NT 10.0; Win64; x64; rv:155.0) Gecko/20100101 Firefox/155.0","timestamp":"2026-09-13T23:18:17.839Z"} 
[2026-09-13 23:18:26] local.DEBUG: [vite] hot updated: /resources/js/pages/welcome.tsx {"url":"http://localhost:8000/","user_agent":"Mozilla/5.0 (Windows NT 10.0; Win64; x64; rv:155.0) Gecko/20100101 Firefox/155.0","timestamp":"2026-09-13T23:18:25.860Z"} 
[2026-09-13 23:18:26] local.DEBUG: [vite] hot updated: /resources/css/app.css {"url":"http://localhost:8000/","user_agent":"Mozilla/5.0 (Windows NT 10.0; Win64; x64; rv:155.0) Gecko/20100101 Firefox/155.0","timestamp":"2026-09-13T23:18:25.860Z"} 
[2026-09-13 23:19:00] local.DEBUG: [vite] hot updated: /resources/js/pages/welcome.tsx {"url":"http://localhost:8000/","user_agent":"Mozilla/5.0 (Windows NT 10.0; Win64; x64; rv:155.0) Gecko/20100101 Firefox/155.0","timestamp":"2026-09-13T23:18:58.398Z"} 
[2026-09-13 23:19:00] local.DEBUG: [vite] hot updated: /resources/css/app.css {"url":"http://localhost:8000/","user_agent":"Mozilla/5.0 (Windows NT 10.0; Win64; x64; rv:155.0) Gecko/20100101 Firefox/155.0","timestamp":"2026-09-13T23:18:58.398Z"} 
[2026-09-13 23:19:03] local.DEBUG: [vite] connecting... {"url":"http://localhost:8000/","user_agent":"Mozilla/5.0 (Windows NT 10.0; Win64; x64; rv:155.0) Gecko/20100101 Firefox/155.0","timestamp":"2026-09-13T23:19:00.345Z"} 
[2026-09-13 23:19:03] local.INFO: %cDownload the React DevTools for a better development experience: https://react.dev/link/react-devtools font-weight:bold {"url":"http://localhost:8000/","user_agent":"Mozilla/5.0 (Windows NT 10.0; Win64; x64; rv:155.0) Gecko/20100101 Firefox/155.0","timestamp":"2026-09-13T23:19:00.371Z"} 
[2026-09-13 23:19:03] local.DEBUG: [vite] connected. {"url":"http://localhost:8000/","user_agent":"Mozilla/5.0 (Windows NT 10.0; Win64; x64; rv:155.0) Gecko/20100101 Firefox/155.0","timestamp":"2026-09-13T23:19:00.374Z"} 
[2026-09-13 23:19:20] local.DEBUG: [vite] hot updated: /resources/js/pages/welcome.tsx {"url":"http://localhost:8000/","user_agent":"Mozilla/5.0 (Windows NT 10.0; Win64; x64; rv:155.0) Gecko/20100101 Firefox/155.0","timestamp":"2026-09-13T23:19:18.765Z"} 
[2026-09-13 23:19:20] local.DEBUG: [vite] hot updated: /resources/css/app.css {"url":"http://localhost:8000/","user_agent":"Mozilla/5.0 (Windows NT 10.0; Win64; x64; rv:155.0) Gecko/20100101 Firefox/155.0","timestamp":"2026-09-13T23:19:18.765Z"} 
[2026-09-13 23:19:21] local.DEBUG: [vite] connecting... {"url":"http://localhost:8000/","user_agent":"Mozilla/5.0 (Windows NT 10.0; Win64; x64; rv:155.0) Gecko/20100101 Firefox/155.0","timestamp":"2026-09-13T23:19:20.422Z"} 
[2026-09-13 23:19:21] local.INFO: %cDownload the React DevTools for a better development experience: https://react.dev/link/react-devtools font-weight:bold {"url":"http://localhost:8000/","user_agent":"Mozilla/5.0 (Windows NT 10.0; Win64; x64; rv:155.0) Gecko/20100101 Firefox/155.0","timestamp":"2026-09-13T23:19:20.446Z"} 
[2026-09-13 23:19:21] local.DEBUG: [vite] connected. {"url":"http://localhost:8000/","user_agent":"Mozilla/5.0 (Windows NT 10.0; Win64; x64; rv:155.0) Gecko/20100101 Firefox/155.0","timestamp":"2026-09-13T23:19:20.448Z"} 
[2026-09-13 23:19:36] local.DEBUG: [vite] hot updated: /resources/js/pages/welcome.tsx {"url":"http://localhost:8000/","user_agent":"Mozilla/5.0 (Windows NT 10.0; Win64; x64; rv:155.0) Gecko/20100101 Firefox/155.0","timestamp":"2026-09-13T23:19:36.661Z"} 
[2026-09-13 23:19:36] local.DEBUG: [vite] hot updated: /resources/css/app.css {"url":"http://localhost:8000/","user_agent":"Mozilla/5.0 (Windows NT 10.0; Win64; x64; rv:155.0) Gecko/20100101 Firefox/155.0","timestamp":"2026-09-13T23:19:36.661Z"} 
[2026-09-13 23:20:50] local.DEBUG: [vite] hot updated: /resources/js/pages/welcome.tsx {"url":"http://localhost:8000/","user_agent":"Mozilla/5.0 (Windows NT 10.0; Win64; x64; rv:155.0) Gecko/20100101 Firefox/155.0","timestamp":"2026-09-13T23:20:48.475Z"} 
[2026-09-13 23:20:50] local.DEBUG: [vite] hot updated: /resources/css/app.css {"url":"http://localhost:8000/","user_agent":"Mozilla/5.0 (Windows NT 10.0; Win64; x64; rv:155.0) Gecko/20100101 Firefox/155.0","timestamp":"2026-09-13T23:20:48.475Z"} 
[2026-09-13 23:20:51] local.DEBUG: [vite] connecting... {"url":"http://localhost:8000/","user_agent":"Mozilla/5.0 (Windows NT 10.0; Win64; x64; rv:155.0) Gecko/20100101 Firefox/155.0","timestamp":"2026-09-13T23:20:51.231Z"} 
[2026-09-13 23:20:51] local.INFO: %cDownload the React DevTools for a better development experience: https://react.dev/link/react-devtools font-weight:bold {"url":"http://localhost:8000/","user_agent":"Mozilla/5.0 (Windows NT 10.0; Win64; x64; rv:155.0) Gecko/20100101 Firefox/155.0","timestamp":"2026-09-13T23:20:51.257Z"} 
[2026-09-13 23:20:51] local.DEBUG: [vite] connected. {"url":"http://localhost:8000/","user_agent":"Mozilla/5.0 (Windows NT 10.0; Win64; x64; rv:155.0) Gecko/20100101 Firefox/155.0","timestamp":"2026-09-13T23:20:51.259Z"} 
[2026-09-13 23:21:19] local.DEBUG: [vite] hot updated: /resources/js/pages/welcome.tsx {"url":"http://localhost:8000/","user_agent":"Mozilla/5.0 (Windows NT 10.0; Win64; x64; rv:155.0) Gecko/20100101 Firefox/155.0","timestamp":"2026-09-13T23:21:17.881Z"} 
[2026-09-13 23:21:19] local.DEBUG: [vite] hot updated: /resources/css/app.css {"url":"http://localhost:8000/","user_agent":"Mozilla/5.0 (Windows NT 10.0; Win64; x64; rv:155.0) Gecko/20100101 Firefox/155.0","timestamp":"2026-09-13T23:21:17.881Z"} 
[2026-09-13 23:21:39] local.DEBUG: [vite] hot updated: /resources/js/pages/welcome.tsx {"url":"http://localhost:8000/","user_agent":"Mozilla/5.0 (Windows NT 10.0; Win64; x64; rv:155.0) Gecko/20100101 Firefox/155.0","timestamp":"2026-09-13T23:21:39.242Z"} 
[2026-09-13 23:21:39] local.DEBUG: [vite] hot updated: /resources/css/app.css {"url":"http://localhost:8000/","user_agent":"Mozilla/5.0 (Windows NT 10.0; Win64; x64; rv:155.0) Gecko/20100101 Firefox/155.0","timestamp":"2026-09-13T23:21:39.242Z"} 
[2026-09-13 23:21:56] local.DEBUG: [vite] hot updated: /resources/js/pages/welcome.tsx {"url":"http://localhost:8000/","user_agent":"Mozilla/5.0 (Windows NT 10.0; Win64; x64; rv:155.0) Gecko/20100101 Firefox/155.0","timestamp":"2026-09-13T23:21:56.505Z"} 
[2026-09-13 23:21:56] local.DEBUG: [vite] hot updated: /resources/css/app.css {"url":"http://localhost:8000/","user_agent":"Mozilla/5.0 (Windows NT 10.0; Win64; x64; rv:155.0) Gecko/20100101 Firefox/155.0","timestamp":"2026-09-13T23:21:56.505Z"} 
[2026-09-13 23:23:27] local.DEBUG: [vite] hot updated: /resources/js/pages/welcome.tsx {"url":"http://localhost:8000/","user_agent":"Mozilla/5.0 (Windows NT 10.0; Win64; x64; rv:155.0) Gecko/20100101 Firefox/155.0","timestamp":"2026-09-13T23:23:22.429Z"} 
[2026-09-13 23:23:27] local.DEBUG: [vite] hot updated: /resources/css/app.css {"url":"http://localhost:8000/","user_agent":"Mozilla/5.0 (Windows NT 10.0; Win64; x64; rv:155.0) Gecko/20100101 Firefox/155.0","timestamp":"2026-09-13T23:23:22.430Z"} 
[2026-09-13 23:23:27] local.DEBUG: [vite] hot updated: /resources/js/pages/welcome.tsx {"url":"http://localhost:8000/","user_agent":"Mozilla/5.0 (Windows NT 10.0; Win64; x64; rv:155.0) Gecko/20100101 Firefox/155.0","timestamp":"2026-09-13T23:23:27.535Z"} 
[2026-09-13 23:23:27] local.DEBUG: [vite] hot updated: /resources/css/app.css {"url":"http://localhost:8000/","user_agent":"Mozilla/5.0 (Windows NT 10.0; Win64; x64; rv:155.0) Gecko/20100101 Firefox/155.0","timestamp":"2026-09-13T23:23:27.535Z"} 
[2026-09-13 23:23:34] local.DEBUG: [vite] hot updated: /resources/js/pages/welcome.tsx {"url":"http://localhost:8000/","user_agent":"Mozilla/5.0 (Windows NT 10.0; Win64; x64; rv:155.0) Gecko/20100101 Firefox/155.0","timestamp":"2026-09-13T23:23:34.594Z"} 
[2026-09-13 23:23:34] local.DEBUG: [vite] hot updated: /resources/css/app.css {"url":"http://localhost:8000/","user_agent":"Mozilla/5.0 (Windows NT 10.0; Win64; x64; rv:155.0) Gecko/20100101 Firefox/155.0","timestamp":"2026-09-13T23:23:34.594Z"} 
[2026-09-13 23:23:36] local.DEBUG: [vite] connecting... {"url":"http://localhost:8000/","user_agent":"Mozilla/5.0 (Windows NT 10.0; Win64; x64; rv:155.0) Gecko/20100101 Firefox/155.0","timestamp":"2026-09-13T23:23:36.492Z"} 
[2026-09-13 23:23:36] local.INFO: %cDownload the React DevTools for a better development experience: https://react.dev/link/react-devtools font-weight:bold {"url":"http://localhost:8000/","user_agent":"Mozilla/5.0 (Windows NT 10.0; Win64; x64; rv:155.0) Gecko/20100101 Firefox/155.0","timestamp":"2026-09-13T23:23:36.512Z"} 
[2026-09-13 23:23:36] local.DEBUG: [vite] connected. {"url":"http://localhost:8000/","user_agent":"Mozilla/5.0 (Windows NT 10.0; Win64; x64; rv:155.0) Gecko/20100101 Firefox/155.0","timestamp":"2026-09-13T23:23:36.515Z"} 
[2026-09-13 23:24:45] local.DEBUG: [vite] hot updated: /resources/js/pages/welcome.tsx {"url":"http://localhost:8000/","user_agent":"Mozilla/5.0 (Windows NT 10.0; Win64; x64; rv:155.0) Gecko/20100101 Firefox/155.0","timestamp":"2026-09-13T23:24:45.087Z"} 
[2026-09-13 23:24:45] local.DEBUG: [vite] hot updated: /resources/css/app.css {"url":"http://localhost:8000/","user_agent":"Mozilla/5.0 (Windows NT 10.0; Win64; x64; rv:155.0) Gecko/20100101 Firefox/155.0","timestamp":"2026-09-13T23:24:45.087Z"} 
[2026-09-13 23:25:08] local.DEBUG: [vite] hot updated: /resources/js/pages/welcome.tsx {"url":"http://localhost:8000/","user_agent":"Mozilla/5.0 (Windows NT 10.0; Win64; x64; rv:155.0) Gecko/20100101 Firefox/155.0","timestamp":"2026-09-13T23:25:07.884Z"} 
[2026-09-13 23:25:08] local.DEBUG: [vite] hot updated: /resources/css/app.css {"url":"http://localhost:8000/","user_agent":"Mozilla/5.0 (Windows NT 10.0; Win64; x64; rv:155.0) Gecko/20100101 Firefox/155.0","timestamp":"2026-09-13T23:25:07.884Z"} 
[2026-09-13 23:25:20] local.DEBUG: [vite] hot updated: /resources/js/pages/welcome.tsx {"url":"http://localhost:8000/","user_agent":"Mozilla/5.0 (Windows NT 10.0; Win64; x64; rv:155.0) Gecko/20100101 Firefox/155.0","timestamp":"2026-09-13T23:25:20.043Z"} 
[2026-09-13 23:25:20] local.DEBUG: [vite] hot updated: /resources/css/app.css {"url":"http://localhost:8000/","user_agent":"Mozilla/5.0 (Windows NT 10.0; Win64; x64; rv:155.0) Gecko/20100101 Firefox/155.0","timestamp":"2026-09-13T23:25:20.043Z"} 
[2026-09-13 23:27:48] local.DEBUG: [vite] hot updated: /resources/js/pages/welcome.tsx {"url":"http://localhost:8000/","user_agent":"Mozilla/5.0 (Windows NT 10.0; Win64; x64; rv:155.0) Gecko/20100101 Firefox/155.0","timestamp":"2026-09-13T23:27:47.882Z"} 
[2026-09-13 23:27:48] local.DEBUG: [vite] hot updated: /resources/css/app.css {"url":"http://localhost:8000/","user_agent":"Mozilla/5.0 (Windows NT 10.0; Win64; x64; rv:155.0) Gecko/20100101 Firefox/155.0","timestamp":"2026-09-13T23:27:47.882Z"} 
[2026-09-13 23:27:51] local.DEBUG: [vite] hot updated: /resources/js/pages/welcome.tsx {"url":"http://localhost:8000/","user_agent":"Mozilla/5.0 (Windows NT 10.0; Win64; x64; rv:155.0) Gecko/20100101 Firefox/155.0","timestamp":"2026-09-13T23:27:51.548Z"} 
[2026-09-13 23:27:51] local.DEBUG: [vite] hot updated: /resources/css/app.css {"url":"http://localhost:8000/","user_agent":"Mozilla/5.0 (Windows NT 10.0; Win64; x64; rv:155.0) Gecko/20100101 Firefox/155.0","timestamp":"2026-09-13T23:27:51.548Z"} 
[2026-09-13 23:27:58] local.DEBUG: [vite] hot updated: /resources/js/pages/welcome.tsx {"url":"http://localhost:8000/","user_agent":"Mozilla/5.0 (Windows NT 10.0; Win64; x64; rv:155.0) Gecko/20100101 Firefox/155.0","timestamp":"2026-09-13T23:27:58.291Z"} 
[2026-09-13 23:27:58] local.DEBUG: [vite] hot updated: /resources/css/app.css {"url":"http://localhost:8000/","user_agent":"Mozilla/5.0 (Windows NT 10.0; Win64; x64; rv:155.0) Gecko/20100101 Firefox/155.0","timestamp":"2026-09-13T23:27:58.291Z"} 
[2026-09-13 23:28:00] local.DEBUG: [vite] hot updated: /resources/js/pages/welcome.tsx {"url":"http://localhost:8000/","user_agent":"Mozilla/5.0 (Windows NT 10.0; Win64; x64; rv:155.0) Gecko/20100101 Firefox/155.0","timestamp":"2026-09-13T23:28:00.310Z"} 
[2026-09-13 23:28:00] local.DEBUG: [vite] hot updated: /resources/css/app.css {"url":"http://localhost:8000/","user_agent":"Mozilla/5.0 (Windows NT 10.0; Win64; x64; rv:155.0) Gecko/20100101 Firefox/155.0","timestamp":"2026-09-13T23:28:00.310Z"} 
[2026-09-13 23:28:03] local.DEBUG: [vite] hot updated: /resources/js/pages/welcome.tsx {"url":"http://localhost:8000/","user_agent":"Mozilla/5.0 (Windows NT 10.0; Win64; x64; rv:155.0) Gecko/20100101 Firefox/155.0","timestamp":"2026-09-13T23:28:03.107Z"} 
[2026-09-13 23:28:03] local.DEBUG: [vite] hot updated: /resources/css/app.css {"url":"http://localhost:8000/","user_agent":"Mozilla/5.0 (Windows NT 10.0; Win64; x64; rv:155.0) Gecko/20100101 Firefox/155.0","timestamp":"2026-09-13T23:28:03.107Z"} 
[2026-09-13 23:29:16] local.DEBUG: [vite] hot updated: /resources/css/app.css {"url":"http://localhost:8000/","user_agent":"Mozilla/5.0 (Windows NT 10.0; Win64; x64; rv:155.0) Gecko/20100101 Firefox/155.0","timestamp":"2026-09-13T23:29:16.532Z"} 
[2026-09-13 23:30:10] local.DEBUG: [vite] hot updated: /resources/js/pages/welcome.tsx {"url":"http://localhost:8000/","user_agent":"Mozilla/5.0 (Windows NT 10.0; Win64; x64; rv:155.0) Gecko/20100101 Firefox/155.0","timestamp":"2026-09-13T23:30:10.415Z"} 
[2026-09-13 23:30:10] local.DEBUG: [vite] hot updated: /resources/css/app.css {"url":"http://localhost:8000/","user_agent":"Mozilla/5.0 (Windows NT 10.0; Win64; x64; rv:155.0) Gecko/20100101 Firefox/155.0","timestamp":"2026-09-13T23:30:10.415Z"} 
[2026-09-13 23:30:13] local.DEBUG: [vite] connecting... {"url":"http://localhost:8000/","user_agent":"Mozilla/5.0 (Windows NT 10.0; Win64; x64; rv:155.0) Gecko/20100101 Firefox/155.0","timestamp":"2026-09-13T23:30:13.227Z"} 
[2026-09-13 23:30:13] local.INFO: %cDownload the React DevTools for a better development experience: https://react.dev/link/react-devtools font-weight:bold {"url":"http://localhost:8000/","user_agent":"Mozilla/5.0 (Windows NT 10.0; Win64; x64; rv:155.0) Gecko/20100101 Firefox/155.0","timestamp":"2026-09-13T23:30:13.252Z"} 
[2026-09-13 23:30:13] local.DEBUG: [vite] connected. {"url":"http://localhost:8000/","user_agent":"Mozilla/5.0 (Windows NT 10.0; Win64; x64; rv:155.0) Gecko/20100101 Firefox/155.0","timestamp":"2026-09-13T23:30:13.261Z"} 
[2026-09-13 23:36:33] local.DEBUG: [vite] hot updated: /resources/js/pages/welcome.tsx {"url":"http://localhost:8000/","user_agent":"Mozilla/5.0 (Windows NT 10.0; Win64; x64; rv:155.0) Gecko/20100101 Firefox/155.0","timestamp":"2026-09-13T23:36:33.629Z"} 
[2026-09-13 23:36:33] local.DEBUG: [vite] hot updated: /resources/css/app.css {"url":"http://localhost:8000/","user_agent":"Mozilla/5.0 (Windows NT 10.0; Win64; x64; rv:155.0) Gecko/20100101 Firefox/155.0","timestamp":"2026-09-13T23:36:33.629Z"} 
[2026-09-13 23:36:47] local.DEBUG: [vite] hot updated: /resources/js/pages/welcome.tsx {"url":"http://localhost:8000/","user_agent":"Mozilla/5.0 (Windows NT 10.0; Win64; x64; rv:155.0) Gecko/20100101 Firefox/155.0","timestamp":"2026-09-13T23:36:47.545Z"} 
[2026-09-13 23:36:47] local.DEBUG: [vite] hot updated: /resources/css/app.css {"url":"http://localhost:8000/","user_agent":"Mozilla/5.0 (Windows NT 10.0; Win64; x64; rv:155.0) Gecko/20100101 Firefox/155.0","timestamp":"2026-09-13T23:36:47.545Z"} 
[2026-09-13 23:38:51] local.DEBUG: [vite] hot updated: /resources/css/app.css {"url":"http://localhost:8000/","user_agent":"Mozilla/5.0 (Windows NT 10.0; Win64; x64; rv:155.0) Gecko/20100101 Firefox/155.0","timestamp":"2026-09-13T23:38:50.800Z"} 
[2026-09-13 23:39:05] local.DEBUG: [vite] hot updated: /resources/js/pages/welcome.tsx {"url":"http://localhost:8000/","user_agent":"Mozilla/5.0 (Windows NT 10.0; Win64; x64; rv:155.0) Gecko/20100101 Firefox/155.0","timestamp":"2026-09-13T23:39:05.137Z"} 
[2026-09-13 23:39:05] local.DEBUG: [vite] hot updated: /resources/css/app.css {"url":"http://localhost:8000/","user_agent":"Mozilla/5.0 (Windows NT 10.0; Win64; x64; rv:155.0) Gecko/20100101 Firefox/155.0","timestamp":"2026-09-13T23:39:05.137Z"} 
[2026-09-13 23:39:31] local.DEBUG: [vite] hot updated: /resources/css/app.css {"url":"http://localhost:8000/","user_agent":"Mozilla/5.0 (Windows NT 10.0; Win64; x64; rv:155.0) Gecko/20100101 Firefox/155.0","timestamp":"2026-09-13T23:39:31.543Z"} 
[2026-09-13 23:39:33] local.DEBUG: [vite] hot updated: /resources/css/app.css {"url":"http://localhost:8000/","user_agent":"Mozilla/5.0 (Windows NT 10.0; Win64; x64; rv:155.0) Gecko/20100101 Firefox/155.0","timestamp":"2026-09-13T23:39:33.468Z"} 
[2026-09-13 23:39:35] local.DEBUG: [vite] hot updated: /resources/css/app.css {"url":"http://localhost:8000/","user_agent":"Mozilla/5.0 (Windows NT 10.0; Win64; x64; rv:155.0) Gecko/20100101 Firefox/155.0","timestamp":"2026-09-13T23:39:34.939Z"} 
[2026-09-13 23:39:36] local.DEBUG: [vite] hot updated: /resources/css/app.css {"url":"http://localhost:8000/","user_agent":"Mozilla/5.0 (Windows NT 10.0; Win64; x64; rv:155.0) Gecko/20100101 Firefox/155.0","timestamp":"2026-09-13T23:39:36.666Z"} 
[2026-09-13 23:39:40] local.DEBUG: [vite] hot updated: /resources/css/app.css {"url":"http://localhost:8000/","user_agent":"Mozilla/5.0 (Windows NT 10.0; Win64; x64; rv:155.0) Gecko/20100101 Firefox/155.0","timestamp":"2026-09-13T23:39:40.067Z"} 
[2026-09-13 23:39:51] local.DEBUG: [vite] hot updated: /resources/css/app.css {"url":"http://localhost:8000/","user_agent":"Mozilla/5.0 (Windows NT 10.0; Win64; x64; rv:155.0) Gecko/20100101 Firefox/155.0","timestamp":"2026-09-13T23:39:51.367Z"} 
[2026-09-13 23:39:54] local.DEBUG: [vite] hot updated: /resources/css/app.css {"url":"http://localhost:8000/","user_agent":"Mozilla/5.0 (Windows NT 10.0; Win64; x64; rv:155.0) Gecko/20100101 Firefox/155.0","timestamp":"2026-09-13T23:39:54.318Z"} 
[2026-09-13 23:39:59] local.DEBUG: [vite] hot updated: /resources/css/app.css {"url":"http://localhost:8000/","user_agent":"Mozilla/5.0 (Windows NT 10.0; Win64; x64; rv:155.0) Gecko/20100101 Firefox/155.0","timestamp":"2026-09-13T23:39:59.085Z"} 
[2026-09-13 23:40:10] local.DEBUG: [vite] hot updated: /resources/css/app.css {"url":"http://localhost:8000/","user_agent":"Mozilla/5.0 (Windows NT 10.0; Win64; x64; rv:155.0) Gecko/20100101 Firefox/155.0","timestamp":"2026-09-13T23:40:10.225Z"} 
[2026-09-13 23:40:19] local.DEBUG: [vite] hot updated: /resources/css/app.css {"url":"http://localhost:8000/","user_agent":"Mozilla/5.0 (Windows NT 10.0; Win64; x64; rv:155.0) Gecko/20100101 Firefox/155.0","timestamp":"2026-09-13T23:40:19.172Z"} 
[2026-09-13 23:40:21] local.DEBUG: [vite] hot updated: /resources/css/app.css {"url":"http://localhost:8000/","user_agent":"Mozilla/5.0 (Windows NT 10.0; Win64; x64; rv:155.0) Gecko/20100101 Firefox/155.0","timestamp":"2026-09-13T23:40:20.776Z"} 
[2026-09-13 23:40:22] local.DEBUG: [vite] hot updated: /resources/css/app.css {"url":"http://localhost:8000/","user_agent":"Mozilla/5.0 (Windows NT 10.0; Win64; x64; rv:155.0) Gecko/20100101 Firefox/155.0","timestamp":"2026-09-13T23:40:22.465Z"} 
[2026-09-13 23:40:43] local.DEBUG: [vite] hot updated: /resources/css/app.css {"url":"http://localhost:8000/","user_agent":"Mozilla/5.0 (Windows NT 10.0; Win64; x64; rv:155.0) Gecko/20100101 Firefox/155.0","timestamp":"2026-09-13T23:40:43.122Z"} 
[2026-09-13 23:40:44] local.DEBUG: [vite] hot updated: /resources/css/app.css {"url":"http://localhost:8000/","user_agent":"Mozilla/5.0 (Windows NT 10.0; Win64; x64; rv:155.0) Gecko/20100101 Firefox/155.0","timestamp":"2026-09-13T23:40:44.583Z"} 
[2026-09-13 23:40:47] local.DEBUG: [vite] hot updated: /resources/css/app.css {"url":"http://localhost:8000/","user_agent":"Mozilla/5.0 (Windows NT 10.0; Win64; x64; rv:155.0) Gecko/20100101 Firefox/155.0","timestamp":"2026-09-13T23:40:47.059Z"} 
[2026-09-13 23:40:53] local.DEBUG: [vite] hot updated: /resources/css/app.css {"url":"http://localhost:8000/","user_agent":"Mozilla/5.0 (Windows NT 10.0; Win64; x64; rv:155.0) Gecko/20100101 Firefox/155.0","timestamp":"2026-09-13T23:40:53.517Z"} 
[2026-09-13 23:40:55] local.DEBUG: [vite] hot updated: /resources/css/app.css {"url":"http://localhost:8000/","user_agent":"Mozilla/5.0 (Windows NT 10.0; Win64; x64; rv:155.0) Gecko/20100101 Firefox/155.0","timestamp":"2026-09-13T23:40:55.036Z"} 
[2026-09-13 23:40:58] local.DEBUG: [vite] hot updated: /resources/css/app.css {"url":"http://localhost:8000/","user_agent":"Mozilla/5.0 (Windows NT 10.0; Win64; x64; rv:155.0) Gecko/20100101 Firefox/155.0","timestamp":"2026-09-13T23:40:57.792Z"} 
[2026-09-13 23:41:05] local.DEBUG: [vite] hot updated: /resources/css/app.css {"url":"http://localhost:8000/","user_agent":"Mozilla/5.0 (Windows NT 10.0; Win64; x64; rv:155.0) Gecko/20100101 Firefox/155.0","timestamp":"2026-09-13T23:41:05.537Z"} 
[2026-09-13 23:41:08] local.DEBUG: [vite] hot updated: /resources/css/app.css {"url":"http://localhost:8000/","user_agent":"Mozilla/5.0 (Windows NT 10.0; Win64; x64; rv:155.0) Gecko/20100101 Firefox/155.0","timestamp":"2026-09-13T23:41:08.185Z"} 
[2026-09-13 23:41:11] local.DEBUG: [vite] hot updated: /resources/css/app.css {"url":"http://localhost:8000/","user_agent":"Mozilla/5.0 (Windows NT 10.0; Win64; x64; rv:155.0) Gecko/20100101 Firefox/155.0","timestamp":"2026-09-13T23:41:10.849Z"} 
[2026-09-13 23:41:12] local.DEBUG: [vite] hot updated: /resources/css/app.css {"url":"http://localhost:8000/","user_agent":"Mozilla/5.0 (Windows NT 10.0; Win64; x64; rv:155.0) Gecko/20100101 Firefox/155.0","timestamp":"2026-09-13T23:41:12.423Z"} 
[2026-09-13 23:41:14] local.DEBUG: [vite] hot updated: /resources/css/app.css {"url":"http://localhost:8000/","user_agent":"Mozilla/5.0 (Windows NT 10.0; Win64; x64; rv:155.0) Gecko/20100101 Firefox/155.0","timestamp":"2026-09-13T23:41:14.038Z"} 
[2026-09-13 23:41:16] local.DEBUG: [vite] hot updated: /resources/css/app.css {"url":"http://localhost:8000/","user_agent":"Mozilla/5.0 (Windows NT 10.0; Win64; x64; rv:155.0) Gecko/20100101 Firefox/155.0","timestamp":"2026-09-13T23:41:15.913Z"} 
[2026-09-13 23:41:46] local.DEBUG: [vite] hot updated: /resources/css/app.css {"url":"http://localhost:8000/","user_agent":"Mozilla/5.0 (Windows NT 10.0; Win64; x64; rv:155.0) Gecko/20100101 Firefox/155.0","timestamp":"2026-09-13T23:41:46.179Z"} 
[2026-09-13 23:41:49] local.DEBUG: [vite] hot updated: /resources/css/app.css {"url":"http://localhost:8000/","user_agent":"Mozilla/5.0 (Windows NT 10.0; Win64; x64; rv:155.0) Gecko/20100101 Firefox/155.0","timestamp":"2026-09-13T23:41:48.832Z"} 
[2026-09-13 23:41:51] local.DEBUG: [vite] hot updated: /resources/css/app.css {"url":"http://localhost:8000/","user_agent":"Mozilla/5.0 (Windows NT 10.0; Win64; x64; rv:155.0) Gecko/20100101 Firefox/155.0","timestamp":"2026-09-13T23:41:51.311Z"} 
[2026-09-13 23:41:52] local.DEBUG: [vite] hot updated: /resources/css/app.css {"url":"http://localhost:8000/","user_agent":"Mozilla/5.0 (Windows NT 10.0; Win64; x64; rv:155.0) Gecko/20100101 Firefox/155.0","timestamp":"2026-09-13T23:41:52.397Z"} 
[2026-09-13 23:41:54] local.DEBUG: [vite] hot updated: /resources/css/app.css {"url":"http://localhost:8000/","user_agent":"Mozilla/5.0 (Windows NT 10.0; Win64; x64; rv:155.0) Gecko/20100101 Firefox/155.0","timestamp":"2026-09-13T23:41:54.135Z"} 
[2026-09-13 23:41:55] local.DEBUG: [vite] hot updated: /resources/css/app.css {"url":"http://localhost:8000/","user_agent":"Mozilla/5.0 (Windows NT 10.0; Win64; x64; rv:155.0) Gecko/20100101 Firefox/155.0","timestamp":"2026-09-13T23:41:55.390Z"} 
[2026-09-13 23:41:56] local.DEBUG: [vite] hot updated: /resources/css/app.css {"url":"http://localhost:8000/","user_agent":"Mozilla/5.0 (Windows NT 10.0; Win64; x64; rv:155.0) Gecko/20100101 Firefox/155.0","timestamp":"2026-09-13T23:41:55.813Z"} 
[2026-09-13 23:41:56] local.DEBUG: [vite] hot updated: /resources/css/app.css {"url":"http://localhost:8000/","user_agent":"Mozilla/5.0 (Windows NT 10.0; Win64; x64; rv:155.0) Gecko/20100101 Firefox/155.0","timestamp":"2026-09-13T23:41:56.429Z"} 
[2026-09-13 23:42:03] local.DEBUG: [vite] hot updated: /resources/css/app.css {"url":"http://localhost:8000/","user_agent":"Mozilla/5.0 (Windows NT 10.0; Win64; x64; rv:155.0) Gecko/20100101 Firefox/155.0","timestamp":"2026-09-13T23:42:03.447Z"} 
[2026-09-13 23:42:05] local.DEBUG: [vite] hot updated: /resources/css/app.css {"url":"http://localhost:8000/","user_agent":"Mozilla/5.0 (Windows NT 10.0; Win64; x64; rv:155.0) Gecko/20100101 Firefox/155.0","timestamp":"2026-09-13T23:42:04.931Z"} 
[2026-09-13 23:42:06] local.DEBUG: [vite] hot updated: /resources/css/app.css {"url":"http://localhost:8000/","user_agent":"Mozilla/5.0 (Windows NT 10.0; Win64; x64; rv:155.0) Gecko/20100101 Firefox/155.0","timestamp":"2026-09-13T23:42:06.080Z"} 
[2026-09-13 23:42:07] local.DEBUG: [vite] hot updated: /resources/css/app.css {"url":"http://localhost:8000/","user_agent":"Mozilla/5.0 (Windows NT 10.0; Win64; x64; rv:155.0) Gecko/20100101 Firefox/155.0","timestamp":"2026-09-13T23:42:06.813Z"} 
[2026-09-13 23:42:09] local.DEBUG: [vite] hot updated: /resources/css/app.css {"url":"http://localhost:8000/","user_agent":"Mozilla/5.0 (Windows NT 10.0; Win64; x64; rv:155.0) Gecko/20100101 Firefox/155.0","timestamp":"2026-09-13T23:42:09.211Z"} 
[2026-09-13 23:42:11] local.DEBUG: [vite] hot updated: /resources/css/app.css {"url":"http://localhost:8000/","user_agent":"Mozilla/5.0 (Windows NT 10.0; Win64; x64; rv:155.0) Gecko/20100101 Firefox/155.0","timestamp":"2026-09-13T23:42:10.912Z"} 
[2026-09-13 23:42:15] local.DEBUG: [vite] hot updated: /resources/css/app.css {"url":"http://localhost:8000/","user_agent":"Mozilla/5.0 (Windows NT 10.0; Win64; x64; rv:155.0) Gecko/20100101 Firefox/155.0","timestamp":"2026-09-13T23:42:14.862Z"} 
[2026-09-13 23:42:20] local.DEBUG: [vite] hot updated: /resources/css/app.css {"url":"http://localhost:8000/","user_agent":"Mozilla/5.0 (Windows NT 10.0; Win64; x64; rv:155.0) Gecko/20100101 Firefox/155.0","timestamp":"2026-09-13T23:42:20.246Z"} 
[2026-09-13 23:42:24] local.DEBUG: [vite] hot updated: /resources/css/app.css {"url":"http://localhost:8000/","user_agent":"Mozilla/5.0 (Windows NT 10.0; Win64; x64; rv:155.0) Gecko/20100101 Firefox/155.0","timestamp":"2026-09-13T23:42:24.178Z"} 
[2026-09-13 23:42:39] local.DEBUG: [vite] hot updated: /resources/css/app.css {"url":"http://localhost:8000/","user_agent":"Mozilla/5.0 (Windows NT 10.0; Win64; x64; rv:155.0) Gecko/20100101 Firefox/155.0","timestamp":"2026-09-13T23:42:39.620Z"} 
[2026-09-13 23:42:47] local.DEBUG: [vite] hot updated: /resources/css/app.css {"url":"http://localhost:8000/","user_agent":"Mozilla/5.0 (Windows NT 10.0; Win64; x64; rv:155.0) Gecko/20100101 Firefox/155.0","timestamp":"2026-09-13T23:42:47.258Z"} 
[2026-09-13 23:42:49] local.DEBUG: [vite] hot updated: /resources/css/app.css {"url":"http://localhost:8000/","user_agent":"Mozilla/5.0 (Windows NT 10.0; Win64; x64; rv:155.0) Gecko/20100101 Firefox/155.0","timestamp":"2026-09-13T23:42:49.358Z"} 
[2026-09-13 23:42:53] local.DEBUG: [vite] hot updated: /resources/css/app.css {"url":"http://localhost:8000/","user_agent":"Mozilla/5.0 (Windows NT 10.0; Win64; x64; rv:155.0) Gecko/20100101 Firefox/155.0","timestamp":"2026-09-13T23:42:52.825Z"} 
[2026-09-13 23:43:11] local.DEBUG: [vite] hot updated: /resources/css/app.css {"url":"http://localhost:8000/","user_agent":"Mozilla/5.0 (Windows NT 10.0; Win64; x64; rv:155.0) Gecko/20100101 Firefox/155.0","timestamp":"2026-09-13T23:43:11.163Z"} 
[2026-09-13 23:43:19] local.DEBUG: [vite] hot updated: /resources/css/app.css {"url":"http://localhost:8000/","user_agent":"Mozilla/5.0 (Windows NT 10.0; Win64; x64; rv:155.0) Gecko/20100101 Firefox/155.0","timestamp":"2026-09-13T23:43:19.421Z"} 
[2026-09-13 23:43:26] local.DEBUG: [vite] hot updated: /resources/css/app.css {"url":"http://localhost:8000/","user_agent":"Mozilla/5.0 (Windows NT 10.0; Win64; x64; rv:155.0) Gecko/20100101 Firefox/155.0","timestamp":"2026-09-13T23:43:26.199Z"} 
[2026-09-13 23:43:58] local.DEBUG: [vite] hot updated: /resources/css/app.css {"url":"http://localhost:8000/","user_agent":"Mozilla/5.0 (Windows NT 10.0; Win64; x64; rv:155.0) Gecko/20100101 Firefox/155.0","timestamp":"2026-09-13T23:43:58.539Z"} 
[2026-09-13 23:44:20] local.DEBUG: [vite] hot updated: /resources/css/app.css {"url":"http://localhost:8000/","user_agent":"Mozilla/5.0 (Windows NT 10.0; Win64; x64; rv:155.0) Gecko/20100101 Firefox/155.0","timestamp":"2026-09-13T23:44:20.386Z"} 
[2026-09-13 23:45:24] local.DEBUG: [vite] hot updated: /resources/css/app.css {"url":"http://localhost:8000/","user_agent":"Mozilla/5.0 (Windows NT 10.0; Win64; x64; rv:155.0) Gecko/20100101 Firefox/155.0","timestamp":"2026-09-13T23:45:24.444Z"} 
[2026-09-13 23:45:26] local.DEBUG: [vite] hot updated: /resources/css/app.css {"url":"http://localhost:8000/","user_agent":"Mozilla/5.0 (Windows NT 10.0; Win64; x64; rv:155.0) Gecko/20100101 Firefox/155.0","timestamp":"2026-09-13T23:45:26.659Z"} 
[2026-09-13 23:45:29] local.DEBUG: [vite] hot updated: /resources/css/app.css {"url":"http://localhost:8000/","user_agent":"Mozilla/5.0 (Windows NT 10.0; Win64; x64; rv:155.0) Gecko/20100101 Firefox/155.0","timestamp":"2026-09-13T23:45:29.417Z"} 
[2026-09-13 23:46:03] local.DEBUG: [vite] hot updated: /resources/js/pages/welcome.tsx {"url":"http://localhost:8000/","user_agent":"Mozilla/5.0 (Windows NT 10.0; Win64; x64; rv:155.0) Gecko/20100101 Firefox/155.0","timestamp":"2026-09-13T23:46:03.625Z"} 
[2026-09-13 23:46:03] local.DEBUG: [vite] hot updated: /resources/css/app.css {"url":"http://localhost:8000/","user_agent":"Mozilla/5.0 (Windows NT 10.0; Win64; x64; rv:155.0) Gecko/20100101 Firefox/155.0","timestamp":"2026-09-13T23:46:03.625Z"} 
[2026-09-13 23:46:12] local.DEBUG: [vite] hot updated: /resources/css/app.css {"url":"http://localhost:8000/","user_agent":"Mozilla/5.0 (Windows NT 10.0; Win64; x64; rv:155.0) Gecko/20100101 Firefox/155.0","timestamp":"2026-09-13T23:46:07.854Z"} 
[2026-09-13 23:46:15] local.DEBUG: [vite] hot updated: /resources/css/app.css {"url":"http://localhost:8000/","user_agent":"Mozilla/5.0 (Windows NT 10.0; Win64; x64; rv:155.0) Gecko/20100101 Firefox/155.0","timestamp":"2026-09-13T23:46:15.537Z"} 
[2026-09-13 23:47:19] local.DEBUG: [vite] hot updated: /resources/js/pages/welcome.tsx {"url":"http://localhost:8000/","user_agent":"Mozilla/5.0 (Windows NT 10.0; Win64; x64; rv:155.0) Gecko/20100101 Firefox/155.0","timestamp":"2026-09-13T23:47:16.363Z"} 
[2026-09-13 23:47:19] local.DEBUG: [vite] hot updated: /resources/css/app.css {"url":"http://localhost:8000/","user_agent":"Mozilla/5.0 (Windows NT 10.0; Win64; x64; rv:155.0) Gecko/20100101 Firefox/155.0","timestamp":"2026-09-13T23:47:16.363Z"} 
[2026-09-13 23:47:37] local.DEBUG: [vite] hot updated: /resources/js/pages/welcome.tsx {"url":"http://localhost:8000/","user_agent":"Mozilla/5.0 (Windows NT 10.0; Win64; x64; rv:155.0) Gecko/20100101 Firefox/155.0","timestamp":"2026-09-13T23:47:36.883Z"} 
[2026-09-13 23:47:37] local.DEBUG: [vite] hot updated: /resources/css/app.css {"url":"http://localhost:8000/","user_agent":"Mozilla/5.0 (Windows NT 10.0; Win64; x64; rv:155.0) Gecko/20100101 Firefox/155.0","timestamp":"2026-09-13T23:47:36.883Z"} 
[2026-09-13 23:47:46] local.DEBUG: [vite] hot updated: /resources/js/pages/welcome.tsx {"url":"http://localhost:8000/","user_agent":"Mozilla/5.0 (Windows NT 10.0; Win64; x64; rv:155.0) Gecko/20100101 Firefox/155.0","timestamp":"2026-09-13T23:47:46.349Z"} 
[2026-09-13 23:47:46] local.DEBUG: [vite] hot updated: /resources/css/app.css {"url":"http://localhost:8000/","user_agent":"Mozilla/5.0 (Windows NT 10.0; Win64; x64; rv:155.0) Gecko/20100101 Firefox/155.0","timestamp":"2026-09-13T23:47:46.350Z"} 
[2026-09-13 23:48:14] local.DEBUG: [vite] hot updated: /resources/js/pages/welcome.tsx {"url":"http://localhost:8000/","user_agent":"Mozilla/5.0 (Windows NT 10.0; Win64; x64; rv:155.0) Gecko/20100101 Firefox/155.0","timestamp":"2026-09-13T23:48:14.078Z"} 
[2026-09-13 23:48:14] local.DEBUG: [vite] hot updated: /resources/css/app.css {"url":"http://localhost:8000/","user_agent":"Mozilla/5.0 (Windows NT 10.0; Win64; x64; rv:155.0) Gecko/20100101 Firefox/155.0","timestamp":"2026-09-13T23:48:14.078Z"} 
[2026-09-13 23:48:23] local.DEBUG: [vite] hot updated: /resources/js/pages/welcome.tsx {"url":"http://localhost:8000/","user_agent":"Mozilla/5.0 (Windows NT 10.0; Win64; x64; rv:155.0) Gecko/20100101 Firefox/155.0","timestamp":"2026-09-13T23:48:20.419Z"} 
[2026-09-13 23:48:23] local.DEBUG: [vite] hot updated: /resources/css/app.css {"url":"http://localhost:8000/","user_agent":"Mozilla/5.0 (Windows NT 10.0; Win64; x64; rv:155.0) Gecko/20100101 Firefox/155.0","timestamp":"2026-09-13T23:48:20.419Z"} 
[2026-09-13 23:48:24] local.DEBUG: [vite] connecting... {"url":"http://localhost:8000/","user_agent":"Mozilla/5.0 (Windows NT 10.0; Win64; x64; rv:155.0) Gecko/20100101 Firefox/155.0","timestamp":"2026-09-13T23:48:23.946Z"} 
[2026-09-13 23:48:24] local.INFO: %cDownload the React DevTools for a better development experience: https://react.dev/link/react-devtools font-weight:bold {"url":"http://localhost:8000/","user_agent":"Mozilla/5.0 (Windows NT 10.0; Win64; x64; rv:155.0) Gecko/20100101 Firefox/155.0","timestamp":"2026-09-13T23:48:23.965Z"} 
[2026-09-13 23:48:24] local.DEBUG: [vite] connected. {"url":"http://localhost:8000/","user_agent":"Mozilla/5.0 (Windows NT 10.0; Win64; x64; rv:155.0) Gecko/20100101 Firefox/155.0","timestamp":"2026-09-13T23:48:23.972Z"} 
[2026-09-13 23:48:26] local.DEBUG: [vite] hot updated: /resources/js/pages/welcome.tsx {"url":"http://localhost:8000/","user_agent":"Mozilla/5.0 (Windows NT 10.0; Win64; x64; rv:155.0) Gecko/20100101 Firefox/155.0","timestamp":"2026-09-13T23:48:26.405Z"} 
[2026-09-13 23:48:26] local.DEBUG: [vite] hot updated: /resources/css/app.css {"url":"http://localhost:8000/","user_agent":"Mozilla/5.0 (Windows NT 10.0; Win64; x64; rv:155.0) Gecko/20100101 Firefox/155.0","timestamp":"2026-09-13T23:48:26.405Z"} 
[2026-09-13 23:48:29] local.DEBUG: [vite] hot updated: /resources/js/pages/welcome.tsx {"url":"http://localhost:8000/","user_agent":"Mozilla/5.0 (Windows NT 10.0; Win64; x64; rv:155.0) Gecko/20100101 Firefox/155.0","timestamp":"2026-09-13T23:48:28.905Z"} 
[2026-09-13 23:48:29] local.DEBUG: [vite] hot updated: /resources/css/app.css {"url":"http://localhost:8000/","user_agent":"Mozilla/5.0 (Windows NT 10.0; Win64; x64; rv:155.0) Gecko/20100101 Firefox/155.0","timestamp":"2026-09-13T23:48:28.905Z"} 
[2026-09-13 23:49:17] local.DEBUG: [vite] hot updated: /resources/css/app.css {"url":"http://localhost:8000/","user_agent":"Mozilla/5.0 (Windows NT 10.0; Win64; x64; rv:155.0) Gecko/20100101 Firefox/155.0","timestamp":"2026-09-13T23:49:17.518Z"} 
[2026-09-13 23:49:53] local.DEBUG: [vite] hot updated: /resources/js/pages/welcome.tsx {"url":"http://localhost:8000/","user_agent":"Mozilla/5.0 (Windows NT 10.0; Win64; x64; rv:155.0) Gecko/20100101 Firefox/155.0","timestamp":"2026-09-13T23:49:51.909Z"} 
[2026-09-13 23:49:53] local.DEBUG: [vite] hot updated: /resources/css/app.css {"url":"http://localhost:8000/","user_agent":"Mozilla/5.0 (Windows NT 10.0; Win64; x64; rv:155.0) Gecko/20100101 Firefox/155.0","timestamp":"2026-09-13T23:49:51.909Z"} 
[2026-09-13 23:49:55] local.DEBUG: [vite] connecting... {"url":"http://localhost:8000/","user_agent":"Mozilla/5.0 (Windows NT 10.0; Win64; x64; rv:155.0) Gecko/20100101 Firefox/155.0","timestamp":"2026-09-13T23:49:55.137Z"} 
[2026-09-13 23:49:55] local.INFO: %cDownload the React DevTools for a better development experience: https://react.dev/link/react-devtools font-weight:bold {"url":"http://localhost:8000/","user_agent":"Mozilla/5.0 (Windows NT 10.0; Win64; x64; rv:155.0) Gecko/20100101 Firefox/155.0","timestamp":"2026-09-13T23:49:55.149Z"} 
[2026-09-13 23:49:55] local.DEBUG: [vite] connected. {"url":"http://localhost:8000/","user_agent":"Mozilla/5.0 (Windows NT 10.0; Win64; x64; rv:155.0) Gecko/20100101 Firefox/155.0","timestamp":"2026-09-13T23:49:55.157Z"} 
[2026-09-13 23:50:19] local.DEBUG: [vite] hot updated: /resources/js/pages/welcome.tsx {"url":"http://localhost:8000/","user_agent":"Mozilla/5.0 (Windows NT 10.0; Win64; x64; rv:155.0) Gecko/20100101 Firefox/155.0","timestamp":"2026-09-13T23:50:19.049Z"} 
[2026-09-13 23:50:19] local.DEBUG: [vite] hot updated: /resources/css/app.css {"url":"http://localhost:8000/","user_agent":"Mozilla/5.0 (Windows NT 10.0; Win64; x64; rv:155.0) Gecko/20100101 Firefox/155.0","timestamp":"2026-09-13T23:50:19.049Z"} 
[2026-09-13 23:51:06] local.DEBUG: [vite] hot updated: /resources/js/pages/welcome.tsx {"url":"http://localhost:8000/","user_agent":"Mozilla/5.0 (Windows NT 10.0; Win64; x64; rv:155.0) Gecko/20100101 Firefox/155.0","timestamp":"2026-09-13T23:51:05.441Z"} 
[2026-09-13 23:51:06] local.DEBUG: [vite] hot updated: /resources/css/app.css {"url":"http://localhost:8000/","user_agent":"Mozilla/5.0 (Windows NT 10.0; Win64; x64; rv:155.0) Gecko/20100101 Firefox/155.0","timestamp":"2026-09-13T23:51:05.441Z"} 
[2026-09-13 23:53:59] local.DEBUG: [vite] hot updated: /resources/js/pages/welcome.tsx {"url":"http://localhost:8000/","user_agent":"Mozilla/5.0 (Windows NT 10.0; Win64; x64; rv:155.0) Gecko/20100101 Firefox/155.0","timestamp":"2026-09-13T23:53:59.588Z"} 
[2026-09-13 23:53:59] local.DEBUG: [vite] hot updated: /resources/css/app.css {"url":"http://localhost:8000/","user_agent":"Mozilla/5.0 (Windows NT 10.0; Win64; x64; rv:155.0) Gecko/20100101 Firefox/155.0","timestamp":"2026-09-13T23:53:59.589Z"} 
[2026-09-13 23:54:19] local.DEBUG: [vite] hot updated: /resources/js/pages/welcome.tsx {"url":"http://localhost:8000/","user_agent":"Mozilla/5.0 (Windows NT 10.0; Win64; x64; rv:155.0) Gecko/20100101 Firefox/155.0","timestamp":"2026-09-13T23:54:19.645Z"} 
[2026-09-13 23:54:19] local.DEBUG: [vite] hot updated: /resources/css/app.css {"url":"http://localhost:8000/","user_agent":"Mozilla/5.0 (Windows NT 10.0; Win64; x64; rv:155.0) Gecko/20100101 Firefox/155.0","timestamp":"2026-09-13T23:54:19.645Z"} 
[2026-09-13 23:54:24] local.DEBUG: [vite] hot updated: /resources/js/pages/welcome.tsx {"url":"http://localhost:8000/","user_agent":"Mozilla/5.0 (Windows NT 10.0; Win64; x64; rv:155.0) Gecko/20100101 Firefox/155.0","timestamp":"2026-09-13T23:54:24.517Z"} 
[2026-09-13 23:54:24] local.DEBUG: [vite] hot updated: /resources/css/app.css {"url":"http://localhost:8000/","user_agent":"Mozilla/5.0 (Windows NT 10.0; Win64; x64; rv:155.0) Gecko/20100101 Firefox/155.0","timestamp":"2026-09-13T23:54:24.517Z"} 
[2026-09-13 23:55:09] local.ERROR: [vite] TypeError error loading dynamically imported module: http://[::1]:5173/resources/js/pages/welcome.tsx?t=1789343709480 null {"url":"http://localhost:8000/","user_agent":"Mozilla/5.0 (Windows NT 10.0; Win64; x64; rv:155.0) Gecko/20100101 Firefox/155.0","timestamp":"2026-09-13T23:55:09.526Z"} 
[2026-09-13 23:55:09] local.ERROR: [vite] Failed to reload /resources/js/pages/welcome.tsx. This could be due to syntax errors or importing non-existent modules. (see errors above) {"url":"http://localhost:8000/","user_agent":"Mozilla/5.0 (Windows NT 10.0; Win64; x64; rv:155.0) Gecko/20100101 Firefox/155.0","timestamp":"2026-09-13T23:55:09.526Z"} 
[2026-09-13 23:55:09] local.DEBUG: [vite] hot updated: /resources/js/pages/welcome.tsx {"url":"http://localhost:8000/","user_agent":"Mozilla/5.0 (Windows NT 10.0; Win64; x64; rv:155.0) Gecko/20100101 Firefox/155.0","timestamp":"2026-09-13T23:55:09.527Z"} 
[2026-09-13 23:55:09] local.DEBUG: [vite] hot updated: /resources/css/app.css {"url":"http://localhost:8000/","user_agent":"Mozilla/5.0 (Windows NT 10.0; Win64; x64; rv:155.0) Gecko/20100101 Firefox/155.0","timestamp":"2026-09-13T23:55:09.527Z"} 
[2026-09-13 23:55:27] local.DEBUG: [vite] hot updated: /resources/js/pages/welcome.tsx {"url":"http://localhost:8000/","user_agent":"Mozilla/5.0 (Windows NT 10.0; Win64; x64; rv:155.0) Gecko/20100101 Firefox/155.0","timestamp":"2026-09-13T23:55:27.354Z"} 
[2026-09-13 23:55:27] local.DEBUG: [vite] hot updated: /resources/css/app.css {"url":"http://localhost:8000/","user_agent":"Mozilla/5.0 (Windows NT 10.0; Win64; x64; rv:155.0) Gecko/20100101 Firefox/155.0","timestamp":"2026-09-13T23:55:27.354Z"} 
[2026-09-13 23:58:24] local.DEBUG: [vite] hot updated: /resources/js/pages/welcome.tsx {"url":"http://localhost:8000/","user_agent":"Mozilla/5.0 (Windows NT 10.0; Win64; x64; rv:155.0) Gecko/20100101 Firefox/155.0","timestamp":"2026-09-13T23:58:22.597Z"} 
[2026-09-13 23:58:24] local.DEBUG: [vite] hot updated: /resources/css/app.css {"url":"http://localhost:8000/","user_agent":"Mozilla/5.0 (Windows NT 10.0; Win64; x64; rv:155.0) Gecko/20100101 Firefox/155.0","timestamp":"2026-09-13T23:58:22.597Z"} 
[2026-09-13 23:58:24] local.ERROR: Each child in a list should have a unique "key" prop.%s%s See https://react.dev/link/warning-keys for more information. Check the render method of `Welcome`. null {"url":"http://localhost:8000/","user_agent":"Mozilla/5.0 (Windows NT 10.0; Win64; x64; rv:155.0) Gecko/20100101 Firefox/155.0","timestamp":"2026-09-13T23:58:23.603Z"} 
[2026-09-13 23:58:35] local.DEBUG: [vite] hot updated: /resources/js/pages/welcome.tsx {"url":"http://localhost:8000/","user_agent":"Mozilla/5.0 (Windows NT 10.0; Win64; x64; rv:155.0) Gecko/20100101 Firefox/155.0","timestamp":"2026-09-13T23:58:35.311Z"} 
[2026-09-13 23:58:35] local.DEBUG: [vite] hot updated: /resources/css/app.css {"url":"http://localhost:8000/","user_agent":"Mozilla/5.0 (Windows NT 10.0; Win64; x64; rv:155.0) Gecko/20100101 Firefox/155.0","timestamp":"2026-09-13T23:58:35.311Z"} 
[2026-09-13 23:58:53] local.DEBUG: [vite] hot updated: /resources/js/pages/welcome.tsx {"url":"http://localhost:8000/","user_agent":"Mozilla/5.0 (Windows NT 10.0; Win64; x64; rv:155.0) Gecko/20100101 Firefox/155.0","timestamp":"2026-09-13T23:58:52.991Z"} 
[2026-09-13 23:58:53] local.DEBUG: [vite] hot updated: /resources/css/app.css {"url":"http://localhost:8000/","user_agent":"Mozilla/5.0 (Windows NT 10.0; Win64; x64; rv:155.0) Gecko/20100101 Firefox/155.0","timestamp":"2026-09-13T23:58:52.991Z"} 
[2026-09-13 23:59:21] local.DEBUG: [vite] hot updated: /resources/js/pages/welcome.tsx {"url":"http://localhost:8000/","user_agent":"Mozilla/5.0 (Windows NT 10.0; Win64; x64; rv:155.0) Gecko/20100101 Firefox/155.0","timestamp":"2026-09-13T23:59:21.164Z"} 
[2026-09-13 23:59:21] local.DEBUG: [vite] hot updated: /resources/css/app.css {"url":"http://localhost:8000/","user_agent":"Mozilla/5.0 (Windows NT 10.0; Win64; x64; rv:155.0) Gecko/20100101 Firefox/155.0","timestamp":"2026-09-13T23:59:21.164Z"} 
[2026-09-13 23:59:23] local.DEBUG: [vite] hot updated: /resources/js/pages/welcome.tsx {"url":"http://localhost:8000/","user_agent":"Mozilla/5.0 (Windows NT 10.0; Win64; x64; rv:155.0) Gecko/20100101 Firefox/155.0","timestamp":"2026-09-13T23:59:23.159Z"} 
[2026-09-13 23:59:23] local.DEBUG: [vite] hot updated: /resources/css/app.css {"url":"http://localhost:8000/","user_agent":"Mozilla/5.0 (Windows NT 10.0; Win64; x64; rv:155.0) Gecko/20100101 Firefox/155.0","timestamp":"2026-09-13T23:59:23.159Z"} 
[2026-09-13 23:59:44] local.DEBUG: [vite] hot updated: /resources/js/pages/welcome.tsx {"url":"http://localhost:8000/","user_agent":"Mozilla/5.0 (Windows NT 10.0; Win64; x64; rv:155.0) Gecko/20100101 Firefox/155.0","timestamp":"2026-09-13T23:59:44.358Z"} 
[2026-09-13 23:59:44] local.DEBUG: [vite] hot updated: /resources/css/app.css {"url":"http://localhost:8000/","user_agent":"Mozilla/5.0 (Windows NT 10.0; Win64; x64; rv:155.0) Gecko/20100101 Firefox/155.0","timestamp":"2026-09-13T23:59:44.358Z"} 
[2026-09-13 23:59:49] local.DEBUG: [vite] hot updated: /resources/js/pages/welcome.tsx {"url":"http://localhost:8000/","user_agent":"Mozilla/5.0 (Windows NT 10.0; Win64; x64; rv:155.0) Gecko/20100101 Firefox/155.0","timestamp":"2026-09-13T23:59:49.027Z"} 
[2026-09-13 23:59:49] local.DEBUG: [vite] hot updated: /resources/css/app.css {"url":"http://localhost:8000/","user_agent":"Mozilla/5.0 (Windows NT 10.0; Win64; x64; rv:155.0) Gecko/20100101 Firefox/155.0","timestamp":"2026-09-13T23:59:49.027Z"} 
[2026-09-14 00:00:03] local.DEBUG: [vite] hot updated: /resources/js/pages/welcome.tsx {"url":"http://localhost:8000/","user_agent":"Mozilla/5.0 (Windows NT 10.0; Win64; x64; rv:155.0) Gecko/20100101 Firefox/155.0","timestamp":"2026-09-14T00:00:03.279Z"} 
[2026-09-14 00:00:03] local.DEBUG: [vite] hot updated: /resources/css/app.css {"url":"http://localhost:8000/","user_agent":"Mozilla/5.0 (Windows NT 10.0; Win64; x64; rv:155.0) Gecko/20100101 Firefox/155.0","timestamp":"2026-09-14T00:00:03.279Z"} 
[2026-09-14 00:00:25] local.DEBUG: [vite] hot updated: /resources/js/pages/welcome.tsx {"url":"http://localhost:8000/","user_agent":"Mozilla/5.0 (Windows NT 10.0; Win64; x64; rv:155.0) Gecko/20100101 Firefox/155.0","timestamp":"2026-09-14T00:00:25.020Z"} 
[2026-09-14 00:00:25] local.DEBUG: [vite] hot updated: /resources/css/app.css {"url":"http://localhost:8000/","user_agent":"Mozilla/5.0 (Windows NT 10.0; Win64; x64; rv:155.0) Gecko/20100101 Firefox/155.0","timestamp":"2026-09-14T00:00:25.021Z"} 
[2026-09-14 00:00:42] local.DEBUG: [vite] hot updated: /resources/js/pages/welcome.tsx {"url":"http://localhost:8000/","user_agent":"Mozilla/5.0 (Windows NT 10.0; Win64; x64; rv:155.0) Gecko/20100101 Firefox/155.0","timestamp":"2026-09-14T00:00:42.659Z"} 
[2026-09-14 00:00:42] local.DEBUG: [vite] hot updated: /resources/css/app.css {"url":"http://localhost:8000/","user_agent":"Mozilla/5.0 (Windows NT 10.0; Win64; x64; rv:155.0) Gecko/20100101 Firefox/155.0","timestamp":"2026-09-14T00:00:42.659Z"} 
[2026-09-14 00:00:56] local.DEBUG: [vite] hot updated: /resources/js/pages/welcome.tsx {"url":"http://localhost:8000/","user_agent":"Mozilla/5.0 (Windows NT 10.0; Win64; x64; rv:155.0) Gecko/20100101 Firefox/155.0","timestamp":"2026-09-14T00:00:56.370Z"} 
[2026-09-14 00:00:56] local.DEBUG: [vite] hot updated: /resources/css/app.css {"url":"http://localhost:8000/","user_agent":"Mozilla/5.0 (Windows NT 10.0; Win64; x64; rv:155.0) Gecko/20100101 Firefox/155.0","timestamp":"2026-09-14T00:00:56.371Z"} 
[2026-09-14 00:01:00] local.DEBUG: [vite] hot updated: /resources/js/pages/welcome.tsx {"url":"http://localhost:8000/","user_agent":"Mozilla/5.0 (Windows NT 10.0; Win64; x64; rv:155.0) Gecko/20100101 Firefox/155.0","timestamp":"2026-09-14T00:01:00.396Z"} 
[2026-09-14 00:01:00] local.DEBUG: [vite] hot updated: /resources/css/app.css {"url":"http://localhost:8000/","user_agent":"Mozilla/5.0 (Windows NT 10.0; Win64; x64; rv:155.0) Gecko/20100101 Firefox/155.0","timestamp":"2026-09-14T00:01:00.396Z"} 
[2026-09-14 00:01:03] local.DEBUG: [vite] hot updated: /resources/js/pages/welcome.tsx {"url":"http://localhost:8000/","user_agent":"Mozilla/5.0 (Windows NT 10.0; Win64; x64; rv:155.0) Gecko/20100101 Firefox/155.0","timestamp":"2026-09-14T00:01:03.522Z"} 
[2026-09-14 00:01:03] local.DEBUG: [vite] hot updated: /resources/css/app.css {"url":"http://localhost:8000/","user_agent":"Mozilla/5.0 (Windows NT 10.0; Win64; x64; rv:155.0) Gecko/20100101 Firefox/155.0","timestamp":"2026-09-14T00:01:03.522Z"} 
[2026-09-14 00:02:55] local.DEBUG: [vite] hot updated: /resources/js/pages/welcome.tsx {"url":"http://localhost:8000/","user_agent":"Mozilla/5.0 (Windows NT 10.0; Win64; x64; rv:155.0) Gecko/20100101 Firefox/155.0","timestamp":"2026-09-14T00:02:54.990Z"} 
[2026-09-14 00:02:55] local.DEBUG: [vite] hot updated: /resources/css/app.css {"url":"http://localhost:8000/","user_agent":"Mozilla/5.0 (Windows NT 10.0; Win64; x64; rv:155.0) Gecko/20100101 Firefox/155.0","timestamp":"2026-09-14T00:02:54.990Z"} 
[2026-09-14 00:03:22] local.DEBUG: [vite] hot updated: /resources/js/pages/welcome.tsx {"url":"http://localhost:8000/","user_agent":"Mozilla/5.0 (Windows NT 10.0; Win64; x64; rv:155.0) Gecko/20100101 Firefox/155.0","timestamp":"2026-09-14T00:03:22.025Z"} 
[2026-09-14 00:03:22] local.DEBUG: [vite] hot updated: /resources/css/app.css {"url":"http://localhost:8000/","user_agent":"Mozilla/5.0 (Windows NT 10.0; Win64; x64; rv:155.0) Gecko/20100101 Firefox/155.0","timestamp":"2026-09-14T00:03:22.025Z"} 
[2026-09-14 00:03:25] local.DEBUG: [vite] hot updated: /resources/js/pages/welcome.tsx {"url":"http://localhost:8000/","user_agent":"Mozilla/5.0 (Windows NT 10.0; Win64; x64; rv:155.0) Gecko/20100101 Firefox/155.0","timestamp":"2026-09-14T00:03:24.864Z"} 
[2026-09-14 00:03:25] local.DEBUG: [vite] hot updated: /resources/css/app.css {"url":"http://localhost:8000/","user_agent":"Mozilla/5.0 (Windows NT 10.0; Win64; x64; rv:155.0) Gecko/20100101 Firefox/155.0","timestamp":"2026-09-14T00:03:24.864Z"} 
[2026-09-14 00:03:32] local.DEBUG: [vite] hot updated: /resources/js/pages/welcome.tsx {"url":"http://localhost:8000/","user_agent":"Mozilla/5.0 (Windows NT 10.0; Win64; x64; rv:155.0) Gecko/20100101 Firefox/155.0","timestamp":"2026-09-14T00:03:32.443Z"} 
[2026-09-14 00:03:32] local.DEBUG: [vite] hot updated: /resources/css/app.css {"url":"http://localhost:8000/","user_agent":"Mozilla/5.0 (Windows NT 10.0; Win64; x64; rv:155.0) Gecko/20100101 Firefox/155.0","timestamp":"2026-09-14T00:03:32.443Z"} 
[2026-09-14 00:03:43] local.DEBUG: [vite] hot updated: /resources/js/pages/welcome.tsx {"url":"http://localhost:8000/","user_agent":"Mozilla/5.0 (Windows NT 10.0; Win64; x64; rv:155.0) Gecko/20100101 Firefox/155.0","timestamp":"2026-09-14T00:03:43.249Z"} 
[2026-09-14 00:03:43] local.DEBUG: [vite] hot updated: /resources/css/app.css {"url":"http://localhost:8000/","user_agent":"Mozilla/5.0 (Windows NT 10.0; Win64; x64; rv:155.0) Gecko/20100101 Firefox/155.0","timestamp":"2026-09-14T00:03:43.249Z"} 
[2026-09-14 00:03:47] local.DEBUG: [vite] hot updated: /resources/js/pages/welcome.tsx {"url":"http://localhost:8000/","user_agent":"Mozilla/5.0 (Windows NT 10.0; Win64; x64; rv:155.0) Gecko/20100101 Firefox/155.0","timestamp":"2026-09-14T00:03:47.647Z"} 
[2026-09-14 00:03:47] local.DEBUG: [vite] hot updated: /resources/css/app.css {"url":"http://localhost:8000/","user_agent":"Mozilla/5.0 (Windows NT 10.0; Win64; x64; rv:155.0) Gecko/20100101 Firefox/155.0","timestamp":"2026-09-14T00:03:47.647Z"} 
[2026-09-14 00:03:55] local.DEBUG: [vite] hot updated: /resources/js/pages/welcome.tsx {"url":"http://localhost:8000/","user_agent":"Mozilla/5.0 (Windows NT 10.0; Win64; x64; rv:155.0) Gecko/20100101 Firefox/155.0","timestamp":"2026-09-14T00:03:54.976Z"} 
[2026-09-14 00:03:55] local.DEBUG: [vite] hot updated: /resources/css/app.css {"url":"http://localhost:8000/","user_agent":"Mozilla/5.0 (Windows NT 10.0; Win64; x64; rv:155.0) Gecko/20100101 Firefox/155.0","timestamp":"2026-09-14T00:03:54.976Z"} 
[2026-09-14 00:04:05] local.DEBUG: [vite] hot updated: /resources/js/pages/welcome.tsx {"url":"http://localhost:8000/","user_agent":"Mozilla/5.0 (Windows NT 10.0; Win64; x64; rv:155.0) Gecko/20100101 Firefox/155.0","timestamp":"2026-09-14T00:04:05.232Z"} 
[2026-09-14 00:04:05] local.DEBUG: [vite] hot updated: /resources/css/app.css {"url":"http://localhost:8000/","user_agent":"Mozilla/5.0 (Windows NT 10.0; Win64; x64; rv:155.0) Gecko/20100101 Firefox/155.0","timestamp":"2026-09-14T00:04:05.232Z"} 
[2026-09-14 00:04:22] local.DEBUG: [vite] hot updated: /resources/js/pages/welcome.tsx {"url":"http://localhost:8000/","user_agent":"Mozilla/5.0 (Windows NT 10.0; Win64; x64; rv:155.0) Gecko/20100101 Firefox/155.0","timestamp":"2026-09-14T00:04:22.656Z"} 
[2026-09-14 00:04:22] local.DEBUG: [vite] hot updated: /resources/css/app.css {"url":"http://localhost:8000/","user_agent":"Mozilla/5.0 (Windows NT 10.0; Win64; x64; rv:155.0) Gecko/20100101 Firefox/155.0","timestamp":"2026-09-14T00:04:22.656Z"} 
[2026-09-14 00:04:36] local.DEBUG: [vite] hot updated: /resources/js/pages/welcome.tsx {"url":"http://localhost:8000/","user_agent":"Mozilla/5.0 (Windows NT 10.0; Win64; x64; rv:155.0) Gecko/20100101 Firefox/155.0","timestamp":"2026-09-14T00:04:36.511Z"} 
[2026-09-14 00:04:36] local.DEBUG: [vite] hot updated: /resources/css/app.css {"url":"http://localhost:8000/","user_agent":"Mozilla/5.0 (Windows NT 10.0; Win64; x64; rv:155.0) Gecko/20100101 Firefox/155.0","timestamp":"2026-09-14T00:04:36.511Z"} 
[2026-09-14 00:05:01] local.DEBUG: [vite] hot updated: /resources/js/pages/welcome.tsx {"url":"http://localhost:8000/","user_agent":"Mozilla/5.0 (Windows NT 10.0; Win64; x64; rv:155.0) Gecko/20100101 Firefox/155.0","timestamp":"2026-09-14T00:05:01.527Z"} 
[2026-09-14 00:05:01] local.DEBUG: [vite] hot updated: /resources/css/app.css {"url":"http://localhost:8000/","user_agent":"Mozilla/5.0 (Windows NT 10.0; Win64; x64; rv:155.0) Gecko/20100101 Firefox/155.0","timestamp":"2026-09-14T00:05:01.527Z"} 
[2026-09-14 00:05:05] local.DEBUG: [vite] hot updated: /resources/js/pages/welcome.tsx {"url":"http://localhost:8000/","user_agent":"Mozilla/5.0 (Windows NT 10.0; Win64; x64; rv:155.0) Gecko/20100101 Firefox/155.0","timestamp":"2026-09-14T00:05:05.277Z"} 
[2026-09-14 00:05:05] local.DEBUG: [vite] hot updated: /resources/css/app.css {"url":"http://localhost:8000/","user_agent":"Mozilla/5.0 (Windows NT 10.0; Win64; x64; rv:155.0) Gecko/20100101 Firefox/155.0","timestamp":"2026-09-14T00:05:05.277Z"} 
[2026-09-14 00:05:11] local.DEBUG: [vite] hot updated: /resources/js/pages/welcome.tsx {"url":"http://localhost:8000/","user_agent":"Mozilla/5.0 (Windows NT 10.0; Win64; x64; rv:155.0) Gecko/20100101 Firefox/155.0","timestamp":"2026-09-14T00:05:11.027Z"} 
[2026-09-14 00:05:11] local.DEBUG: [vite] hot updated: /resources/css/app.css {"url":"http://localhost:8000/","user_agent":"Mozilla/5.0 (Windows NT 10.0; Win64; x64; rv:155.0) Gecko/20100101 Firefox/155.0","timestamp":"2026-09-14T00:05:11.027Z"} 
[2026-09-14 00:05:14] local.DEBUG: [vite] hot updated: /resources/js/pages/welcome.tsx {"url":"http://localhost:8000/","user_agent":"Mozilla/5.0 (Windows NT 10.0; Win64; x64; rv:155.0) Gecko/20100101 Firefox/155.0","timestamp":"2026-09-14T00:05:14.522Z"} 
[2026-09-14 00:05:14] local.DEBUG: [vite] hot updated: /resources/css/app.css {"url":"http://localhost:8000/","user_agent":"Mozilla/5.0 (Windows NT 10.0; Win64; x64; rv:155.0) Gecko/20100101 Firefox/155.0","timestamp":"2026-09-14T00:05:14.522Z"} 
[2026-09-14 00:05:22] local.DEBUG: [vite] hot updated: /resources/js/pages/welcome.tsx {"url":"http://localhost:8000/","user_agent":"Mozilla/5.0 (Windows NT 10.0; Win64; x64; rv:155.0) Gecko/20100101 Firefox/155.0","timestamp":"2026-09-14T00:05:22.041Z"} 
[2026-09-14 00:05:22] local.DEBUG: [vite] hot updated: /resources/css/app.css {"url":"http://localhost:8000/","user_agent":"Mozilla/5.0 (Windows NT 10.0; Win64; x64; rv:155.0) Gecko/20100101 Firefox/155.0","timestamp":"2026-09-14T00:05:22.041Z"} 
[2026-09-14 00:06:03] local.DEBUG: [vite] hot updated: /resources/js/pages/welcome.tsx {"url":"http://localhost:8000/","user_agent":"Mozilla/5.0 (Windows NT 10.0; Win64; x64; rv:155.0) Gecko/20100101 Firefox/155.0","timestamp":"2026-09-14T00:06:03.053Z"} 
[2026-09-14 00:06:03] local.DEBUG: [vite] hot updated: /resources/css/app.css {"url":"http://localhost:8000/","user_agent":"Mozilla/5.0 (Windows NT 10.0; Win64; x64; rv:155.0) Gecko/20100101 Firefox/155.0","timestamp":"2026-09-14T00:06:03.053Z"} 
[2026-09-14 00:06:20] local.DEBUG: [vite] hot updated: /resources/js/pages/welcome.tsx {"url":"http://localhost:8000/","user_agent":"Mozilla/5.0 (Windows NT 10.0; Win64; x64; rv:155.0) Gecko/20100101 Firefox/155.0","timestamp":"2026-09-14T00:06:19.765Z"} 
[2026-09-14 00:06:20] local.DEBUG: [vite] hot updated: /resources/css/app.css {"url":"http://localhost:8000/","user_agent":"Mozilla/5.0 (Windows NT 10.0; Win64; x64; rv:155.0) Gecko/20100101 Firefox/155.0","timestamp":"2026-09-14T00:06:19.765Z"} 
[2026-09-14 00:06:22] local.DEBUG: [vite] connecting... {"url":"http://localhost:8000/","user_agent":"Mozilla/5.0 (Windows NT 10.0; Win64; x64; rv:155.0) Gecko/20100101 Firefox/155.0","timestamp":"2026-09-14T00:06:22.355Z"} 
[2026-09-14 00:06:22] local.INFO: %cDownload the React DevTools for a better development experience: https://react.dev/link/react-devtools font-weight:bold {"url":"http://localhost:8000/","user_agent":"Mozilla/5.0 (Windows NT 10.0; Win64; x64; rv:155.0) Gecko/20100101 Firefox/155.0","timestamp":"2026-09-14T00:06:22.372Z"} 
[2026-09-14 00:06:22] local.DEBUG: [vite] connected. {"url":"http://localhost:8000/","user_agent":"Mozilla/5.0 (Windows NT 10.0; Win64; x64; rv:155.0) Gecko/20100101 Firefox/155.0","timestamp":"2026-09-14T00:06:22.381Z"} 
[2026-09-14 00:06:22] local.ERROR: Each child in a list should have a unique "key" prop.%s%s See https://react.dev/link/warning-keys for more information. Check the render method of `Welcome`. null {"url":"http://localhost:8000/","user_agent":"Mozilla/5.0 (Windows NT 10.0; Win64; x64; rv:155.0) Gecko/20100101 Firefox/155.0","timestamp":"2026-09-14T00:06:22.392Z"} 
[2026-09-14 00:06:31] local.DEBUG: [vite] hot updated: /resources/js/pages/welcome.tsx {"url":"http://localhost:8000/","user_agent":"Mozilla/5.0 (Windows NT 10.0; Win64; x64; rv:155.0) Gecko/20100101 Firefox/155.0","timestamp":"2026-09-14T00:06:31.641Z"} 
[2026-09-14 00:06:31] local.DEBUG: [vite] hot updated: /resources/css/app.css {"url":"http://localhost:8000/","user_agent":"Mozilla/5.0 (Windows NT 10.0; Win64; x64; rv:155.0) Gecko/20100101 Firefox/155.0","timestamp":"2026-09-14T00:06:31.641Z"} 
[2026-09-14 00:06:42] local.DEBUG: [vite] hot updated: /resources/js/pages/welcome.tsx {"url":"http://localhost:8000/","user_agent":"Mozilla/5.0 (Windows NT 10.0; Win64; x64; rv:155.0) Gecko/20100101 Firefox/155.0","timestamp":"2026-09-14T00:06:42.068Z"} 
[2026-09-14 00:06:42] local.DEBUG: [vite] hot updated: /resources/css/app.css {"url":"http://localhost:8000/","user_agent":"Mozilla/5.0 (Windows NT 10.0; Win64; x64; rv:155.0) Gecko/20100101 Firefox/155.0","timestamp":"2026-09-14T00:06:42.068Z"} 
[2026-09-14 00:06:45] local.DEBUG: [vite] hot updated: /resources/js/pages/welcome.tsx {"url":"http://localhost:8000/","user_agent":"Mozilla/5.0 (Windows NT 10.0; Win64; x64; rv:155.0) Gecko/20100101 Firefox/155.0","timestamp":"2026-09-14T00:06:45.260Z"} 
[2026-09-14 00:06:45] local.DEBUG: [vite] hot updated: /resources/css/app.css {"url":"http://localhost:8000/","user_agent":"Mozilla/5.0 (Windows NT 10.0; Win64; x64; rv:155.0) Gecko/20100101 Firefox/155.0","timestamp":"2026-09-14T00:06:45.260Z"} 
[2026-09-14 00:07:46] local.DEBUG: [vite] hot updated: /resources/js/pages/welcome.tsx {"url":"http://localhost:8000/","user_agent":"Mozilla/5.0 (Windows NT 10.0; Win64; x64; rv:155.0) Gecko/20100101 Firefox/155.0","timestamp":"2026-09-14T00:07:45.436Z"} 
[2026-09-14 00:07:46] local.DEBUG: [vite] hot updated: /resources/css/app.css {"url":"http://localhost:8000/","user_agent":"Mozilla/5.0 (Windows NT 10.0; Win64; x64; rv:155.0) Gecko/20100101 Firefox/155.0","timestamp":"2026-09-14T00:07:45.436Z"} 
[2026-09-14 00:07:58] local.DEBUG: [vite] hot updated: /resources/js/pages/welcome.tsx {"url":"http://localhost:8000/","user_agent":"Mozilla/5.0 (Windows NT 10.0; Win64; x64; rv:155.0) Gecko/20100101 Firefox/155.0","timestamp":"2026-09-14T00:07:58.388Z"} 
[2026-09-14 00:07:58] local.DEBUG: [vite] hot updated: /resources/css/app.css {"url":"http://localhost:8000/","user_agent":"Mozilla/5.0 (Windows NT 10.0; Win64; x64; rv:155.0) Gecko/20100101 Firefox/155.0","timestamp":"2026-09-14T00:07:58.388Z"} 
[2026-09-14 00:08:00] local.DEBUG: [vite] hot updated: /resources/js/pages/welcome.tsx {"url":"http://localhost:8000/","user_agent":"Mozilla/5.0 (Windows NT 10.0; Win64; x64; rv:155.0) Gecko/20100101 Firefox/155.0","timestamp":"2026-09-14T00:08:00.002Z"} 
[2026-09-14 00:08:00] local.DEBUG: [vite] hot updated: /resources/css/app.css {"url":"http://localhost:8000/","user_agent":"Mozilla/5.0 (Windows NT 10.0; Win64; x64; rv:155.0) Gecko/20100101 Firefox/155.0","timestamp":"2026-09-14T00:08:00.002Z"} 
[2026-09-14 00:08:04] local.DEBUG: [vite] hot updated: /resources/js/pages/welcome.tsx {"url":"http://localhost:8000/","user_agent":"Mozilla/5.0 (Windows NT 10.0; Win64; x64; rv:155.0) Gecko/20100101 Firefox/155.0","timestamp":"2026-09-14T00:08:04.094Z"} 
[2026-09-14 00:08:04] local.DEBUG: [vite] hot updated: /resources/css/app.css {"url":"http://localhost:8000/","user_agent":"Mozilla/5.0 (Windows NT 10.0; Win64; x64; rv:155.0) Gecko/20100101 Firefox/155.0","timestamp":"2026-09-14T00:08:04.094Z"} 
[2026-09-14 00:08:23] local.DEBUG: [vite] hot updated: /resources/js/pages/welcome.tsx {"url":"http://localhost:8000/","user_agent":"Mozilla/5.0 (Windows NT 10.0; Win64; x64; rv:155.0) Gecko/20100101 Firefox/155.0","timestamp":"2026-09-14T00:08:23.611Z"} 
[2026-09-14 00:08:23] local.DEBUG: [vite] hot updated: /resources/css/app.css {"url":"http://localhost:8000/","user_agent":"Mozilla/5.0 (Windows NT 10.0; Win64; x64; rv:155.0) Gecko/20100101 Firefox/155.0","timestamp":"2026-09-14T00:08:23.611Z"} 
[2026-09-14 00:08:26] local.DEBUG: [vite] connecting... {"url":"http://localhost:8000/","user_agent":"Mozilla/5.0 (Windows NT 10.0; Win64; x64; rv:155.0) Gecko/20100101 Firefox/155.0","timestamp":"2026-09-14T00:08:26.306Z"} 
[2026-09-14 00:08:26] local.INFO: %cDownload the React DevTools for a better development experience: https://react.dev/link/react-devtools font-weight:bold {"url":"http://localhost:8000/","user_agent":"Mozilla/5.0 (Windows NT 10.0; Win64; x64; rv:155.0) Gecko/20100101 Firefox/155.0","timestamp":"2026-09-14T00:08:26.329Z"} 
[2026-09-14 00:08:26] local.DEBUG: [vite] connected. {"url":"http://localhost:8000/","user_agent":"Mozilla/5.0 (Windows NT 10.0; Win64; x64; rv:155.0) Gecko/20100101 Firefox/155.0","timestamp":"2026-09-14T00:08:26.331Z"} 
[2026-09-14 00:08:26] local.ERROR: Each child in a list should have a unique "key" prop.%s%s See https://react.dev/link/warning-keys for more information. Check the render method of `Welcome`. null {"url":"http://localhost:8000/","user_agent":"Mozilla/5.0 (Windows NT 10.0; Win64; x64; rv:155.0) Gecko/20100101 Firefox/155.0","timestamp":"2026-09-14T00:08:26.344Z"} 
[2026-09-14 00:08:30] local.DEBUG: [vite] hot updated: /resources/js/pages/welcome.tsx {"url":"http://localhost:8000/","user_agent":"Mozilla/5.0 (Windows NT 10.0; Win64; x64; rv:155.0) Gecko/20100101 Firefox/155.0","timestamp":"2026-09-14T00:08:30.552Z"} 
[2026-09-14 00:08:30] local.DEBUG: [vite] hot updated: /resources/css/app.css {"url":"http://localhost:8000/","user_agent":"Mozilla/5.0 (Windows NT 10.0; Win64; x64; rv:155.0) Gecko/20100101 Firefox/155.0","timestamp":"2026-09-14T00:08:30.552Z"} 
[2026-09-14 00:08:59] local.DEBUG: [vite] hot updated: /resources/js/pages/welcome.tsx {"url":"http://localhost:8000/","user_agent":"Mozilla/5.0 (Windows NT 10.0; Win64; x64; rv:155.0) Gecko/20100101 Firefox/155.0","timestamp":"2026-09-14T00:08:59.099Z"} 
[2026-09-14 00:08:59] local.DEBUG: [vite] hot updated: /resources/css/app.css {"url":"http://localhost:8000/","user_agent":"Mozilla/5.0 (Windows NT 10.0; Win64; x64; rv:155.0) Gecko/20100101 Firefox/155.0","timestamp":"2026-09-14T00:08:59.099Z"} 
[2026-09-14 00:09:19] local.DEBUG: [vite] hot updated: /resources/js/pages/welcome.tsx {"url":"http://localhost:8000/","user_agent":"Mozilla/5.0 (Windows NT 10.0; Win64; x64; rv:155.0) Gecko/20100101 Firefox/155.0","timestamp":"2026-09-14T00:09:18.943Z"} 
[2026-09-14 00:09:19] local.DEBUG: [vite] hot updated: /resources/css/app.css {"url":"http://localhost:8000/","user_agent":"Mozilla/5.0 (Windows NT 10.0; Win64; x64; rv:155.0) Gecko/20100101 Firefox/155.0","timestamp":"2026-09-14T00:09:18.943Z"} 
[2026-09-14 00:11:37] local.DEBUG: [vite] hot updated: /resources/js/pages/welcome.tsx {"url":"http://localhost:8000/","user_agent":"Mozilla/5.0 (Windows NT 10.0; Win64; x64; rv:155.0) Gecko/20100101 Firefox/155.0","timestamp":"2026-09-14T00:11:32.151Z"} 
[2026-09-14 00:11:37] local.DEBUG: [vite] hot updated: /resources/css/app.css {"url":"http://localhost:8000/","user_agent":"Mozilla/5.0 (Windows NT 10.0; Win64; x64; rv:155.0) Gecko/20100101 Firefox/155.0","timestamp":"2026-09-14T00:11:32.151Z"} 
[2026-09-14 00:11:37] local.DEBUG: [vite] hot updated: /resources/js/pages/welcome.tsx {"url":"http://localhost:8000/","user_agent":"Mozilla/5.0 (Windows NT 10.0; Win64; x64; rv:155.0) Gecko/20100101 Firefox/155.0","timestamp":"2026-09-14T00:11:33.747Z"} 
[2026-09-14 00:11:37] local.DEBUG: [vite] hot updated: /resources/css/app.css {"url":"http://localhost:8000/","user_agent":"Mozilla/5.0 (Windows NT 10.0; Win64; x64; rv:155.0) Gecko/20100101 Firefox/155.0","timestamp":"2026-09-14T00:11:33.747Z"} 
[2026-09-14 00:12:35] local.DEBUG: [vite] hot updated: /resources/js/pages/welcome.tsx {"url":"http://localhost:8000/","user_agent":"Mozilla/5.0 (Windows NT 10.0; Win64; x64; rv:155.0) Gecko/20100101 Firefox/155.0","timestamp":"2026-09-14T00:12:34.808Z"} 
[2026-09-14 00:12:35] local.DEBUG: [vite] hot updated: /resources/css/app.css {"url":"http://localhost:8000/","user_agent":"Mozilla/5.0 (Windows NT 10.0; Win64; x64; rv:155.0) Gecko/20100101 Firefox/155.0","timestamp":"2026-09-14T00:12:34.808Z"} 
[2026-09-14 00:15:31] local.DEBUG: [vite] hot updated: /resources/js/components/ecovolts/footer.tsx {"url":"http://localhost:8000/","user_agent":"Mozilla/5.0 (Windows NT 10.0; Win64; x64; rv:155.0) Gecko/20100101 Firefox/155.0","timestamp":"2026-09-14T00:15:31.342Z"} 
[2026-09-14 00:15:31] local.DEBUG: [vite] hot updated: /resources/css/app.css {"url":"http://localhost:8000/","user_agent":"Mozilla/5.0 (Windows NT 10.0; Win64; x64; rv:155.0) Gecko/20100101 Firefox/155.0","timestamp":"2026-09-14T00:15:31.342Z"} 
[2026-09-14 00:16:18] local.DEBUG: [vite] hot updated: /resources/js/components/ecovolts/footer.tsx {"url":"http://localhost:8000/","user_agent":"Mozilla/5.0 (Windows NT 10.0; Win64; x64; rv:155.0) Gecko/20100101 Firefox/155.0","timestamp":"2026-09-14T00:16:17.869Z"} 
[2026-09-14 00:16:18] local.DEBUG: [vite] hot updated: /resources/css/app.css {"url":"http://localhost:8000/","user_agent":"Mozilla/5.0 (Windows NT 10.0; Win64; x64; rv:155.0) Gecko/20100101 Firefox/155.0","timestamp":"2026-09-14T00:16:17.869Z"} 
[2026-09-14 00:16:20] local.DEBUG: [vite] connecting... {"url":"http://localhost:8000/","user_agent":"Mozilla/5.0 (Windows NT 10.0; Win64; x64; rv:155.0) Gecko/20100101 Firefox/155.0","timestamp":"2026-09-14T00:16:19.851Z"} 
[2026-09-14 00:16:20] local.INFO: %cDownload the React DevTools for a better development experience: https://react.dev/link/react-devtools font-weight:bold {"url":"http://localhost:8000/","user_agent":"Mozilla/5.0 (Windows NT 10.0; Win64; x64; rv:155.0) Gecko/20100101 Firefox/155.0","timestamp":"2026-09-14T00:16:19.880Z"} 
[2026-09-14 00:16:20] local.DEBUG: [vite] connected. {"url":"http://localhost:8000/","user_agent":"Mozilla/5.0 (Windows NT 10.0; Win64; x64; rv:155.0) Gecko/20100101 Firefox/155.0","timestamp":"2026-09-14T00:16:19.890Z"} 
[2026-09-14 00:16:20] local.ERROR: Each child in a list should have a unique "key" prop.%s%s See https://react.dev/link/warning-keys for more information. Check the render method of `Welcome`. null {"url":"http://localhost:8000/","user_agent":"Mozilla/5.0 (Windows NT 10.0; Win64; x64; rv:155.0) Gecko/20100101 Firefox/155.0","timestamp":"2026-09-14T00:16:19.903Z"} 
[2026-09-14 00:16:30] local.DEBUG: [vite] hot updated: /resources/js/components/ecovolts/footer.tsx {"url":"http://localhost:8000/","user_agent":"Mozilla/5.0 (Windows NT 10.0; Win64; x64; rv:155.0) Gecko/20100101 Firefox/155.0","timestamp":"2026-09-14T00:16:30.422Z"} 
[2026-09-14 00:16:30] local.DEBUG: [vite] hot updated: /resources/css/app.css {"url":"http://localhost:8000/","user_agent":"Mozilla/5.0 (Windows NT 10.0; Win64; x64; rv:155.0) Gecko/20100101 Firefox/155.0","timestamp":"2026-09-14T00:16:30.422Z"} 
[2026-09-14 00:18:08] local.DEBUG: [vite] hot updated: /resources/js/components/ecovolts/footer.tsx {"url":"http://localhost:8000/","user_agent":"Mozilla/5.0 (Windows NT 10.0; Win64; x64; rv:155.0) Gecko/20100101 Firefox/155.0","timestamp":"2026-09-14T00:18:07.265Z"} 
[2026-09-14 00:18:08] local.DEBUG: [vite] hot updated: /resources/css/app.css {"url":"http://localhost:8000/","user_agent":"Mozilla/5.0 (Windows NT 10.0; Win64; x64; rv:155.0) Gecko/20100101 Firefox/155.0","timestamp":"2026-09-14T00:18:07.265Z"} 
[2026-09-14 00:18:11] local.DEBUG: [vite] connecting... {"url":"http://localhost:8000/","user_agent":"Mozilla/5.0 (Windows NT 10.0; Win64; x64; rv:155.0) Gecko/20100101 Firefox/155.0","timestamp":"2026-09-14T00:18:10.867Z"} 
[2026-09-14 00:18:11] local.INFO: %cDownload the React DevTools for a better development experience: https://react.dev/link/react-devtools font-weight:bold {"url":"http://localhost:8000/","user_agent":"Mozilla/5.0 (Windows NT 10.0; Win64; x64; rv:155.0) Gecko/20100101 Firefox/155.0","timestamp":"2026-09-14T00:18:10.883Z"} 
[2026-09-14 00:18:11] local.DEBUG: [vite] connected. {"url":"http://localhost:8000/","user_agent":"Mozilla/5.0 (Windows NT 10.0; Win64; x64; rv:155.0) Gecko/20100101 Firefox/155.0","timestamp":"2026-09-14T00:18:10.884Z"} 
[2026-09-14 00:18:11] local.ERROR: Each child in a list should have a unique "key" prop.%s%s See https://react.dev/link/warning-keys for more information. Check the render method of `Welcome`. null {"url":"http://localhost:8000/","user_agent":"Mozilla/5.0 (Windows NT 10.0; Win64; x64; rv:155.0) Gecko/20100101 Firefox/155.0","timestamp":"2026-09-14T00:18:10.892Z"} 
[2026-09-14 00:18:19] local.DEBUG: [vite] connecting... {"url":"http://localhost:8000/","user_agent":"Mozilla/5.0 (Windows NT 10.0; Win64; x64; rv:155.0) Gecko/20100101 Firefox/155.0","timestamp":"2026-09-14T00:18:19.432Z"} 
[2026-09-14 00:18:19] local.INFO: %cDownload the React DevTools for a better development experience: https://react.dev/link/react-devtools font-weight:bold {"url":"http://localhost:8000/","user_agent":"Mozilla/5.0 (Windows NT 10.0; Win64; x64; rv:155.0) Gecko/20100101 Firefox/155.0","timestamp":"2026-09-14T00:18:19.449Z"} 
[2026-09-14 00:18:19] local.DEBUG: [vite] connected. {"url":"http://localhost:8000/","user_agent":"Mozilla/5.0 (Windows NT 10.0; Win64; x64; rv:155.0) Gecko/20100101 Firefox/155.0","timestamp":"2026-09-14T00:18:19.452Z"} 
[2026-09-14 00:18:19] local.ERROR: Each child in a list should have a unique "key" prop.%s%s See https://react.dev/link/warning-keys for more information. Check the render method of `Welcome`. null {"url":"http://localhost:8000/","user_agent":"Mozilla/5.0 (Windows NT 10.0; Win64; x64; rv:155.0) Gecko/20100101 Firefox/155.0","timestamp":"2026-09-14T00:18:19.462Z"} 
[2026-09-14 00:18:39] local.DEBUG: [vite] hot updated: /resources/js/components/ecovolts/footer.tsx {"url":"http://localhost:8000/","user_agent":"Mozilla/5.0 (Windows NT 10.0; Win64; x64; rv:155.0) Gecko/20100101 Firefox/155.0","timestamp":"2026-09-14T00:18:39.461Z"} 
[2026-09-14 00:18:39] local.DEBUG: [vite] hot updated: /resources/css/app.css {"url":"http://localhost:8000/","user_agent":"Mozilla/5.0 (Windows NT 10.0; Win64; x64; rv:155.0) Gecko/20100101 Firefox/155.0","timestamp":"2026-09-14T00:18:39.461Z"} 
[2026-09-14 00:18:52] local.DEBUG: [vite] hot updated: /resources/js/components/ecovolts/footer.tsx {"url":"http://localhost:8000/","user_agent":"Mozilla/5.0 (Windows NT 10.0; Win64; x64; rv:155.0) Gecko/20100101 Firefox/155.0","timestamp":"2026-09-14T00:18:50.975Z"} 
[2026-09-14 00:18:52] local.DEBUG: [vite] hot updated: /resources/css/app.css {"url":"http://localhost:8000/","user_agent":"Mozilla/5.0 (Windows NT 10.0; Win64; x64; rv:155.0) Gecko/20100101 Firefox/155.0","timestamp":"2026-09-14T00:18:50.975Z"} 
[2026-09-14 00:19:23] local.DEBUG: [vite] hot updated: /resources/js/components/ecovolts/footer.tsx {"url":"http://localhost:8000/","user_agent":"Mozilla/5.0 (Windows NT 10.0; Win64; x64; rv:155.0) Gecko/20100101 Firefox/155.0","timestamp":"2026-09-14T00:19:22.983Z"} 
[2026-09-14 00:19:23] local.DEBUG: [vite] hot updated: /resources/css/app.css {"url":"http://localhost:8000/","user_agent":"Mozilla/5.0 (Windows NT 10.0; Win64; x64; rv:155.0) Gecko/20100101 Firefox/155.0","timestamp":"2026-09-14T00:19:22.983Z"} 
[2026-09-14 00:19:36] local.DEBUG: [vite] hot updated: /resources/js/components/ecovolts/footer.tsx {"url":"http://localhost:8000/","user_agent":"Mozilla/5.0 (Windows NT 10.0; Win64; x64; rv:155.0) Gecko/20100101 Firefox/155.0","timestamp":"2026-09-14T00:19:36.647Z"} 
[2026-09-14 00:19:36] local.DEBUG: [vite] hot updated: /resources/css/app.css {"url":"http://localhost:8000/","user_agent":"Mozilla/5.0 (Windows NT 10.0; Win64; x64; rv:155.0) Gecko/20100101 Firefox/155.0","timestamp":"2026-09-14T00:19:36.648Z"} 
[2026-09-14 00:19:47] local.DEBUG: [vite] hot updated: /resources/js/components/ecovolts/footer.tsx {"url":"http://localhost:8000/","user_agent":"Mozilla/5.0 (Windows NT 10.0; Win64; x64; rv:155.0) Gecko/20100101 Firefox/155.0","timestamp":"2026-09-14T00:19:47.384Z"} 
[2026-09-14 00:19:47] local.DEBUG: [vite] hot updated: /resources/css/app.css {"url":"http://localhost:8000/","user_agent":"Mozilla/5.0 (Windows NT 10.0; Win64; x64; rv:155.0) Gecko/20100101 Firefox/155.0","timestamp":"2026-09-14T00:19:47.384Z"} 
[2026-09-14 00:20:23] local.DEBUG: [vite] hot updated: /resources/js/components/ecovolts/footer.tsx {"url":"http://localhost:8000/","user_agent":"Mozilla/5.0 (Windows NT 10.0; Win64; x64; rv:155.0) Gecko/20100101 Firefox/155.0","timestamp":"2026-09-14T00:20:19.765Z"} 
[2026-09-14 00:20:23] local.DEBUG: [vite] hot updated: /resources/css/app.css {"url":"http://localhost:8000/","user_agent":"Mozilla/5.0 (Windows NT 10.0; Win64; x64; rv:155.0) Gecko/20100101 Firefox/155.0","timestamp":"2026-09-14T00:20:19.765Z"} 
[2026-09-14 00:20:45] local.DEBUG: [vite] hot updated: /resources/js/components/ecovolts/footer.tsx {"url":"http://localhost:8000/","user_agent":"Mozilla/5.0 (Windows NT 10.0; Win64; x64; rv:155.0) Gecko/20100101 Firefox/155.0","timestamp":"2026-09-14T00:20:45.382Z"} 
[2026-09-14 00:20:45] local.DEBUG: [vite] hot updated: /resources/css/app.css {"url":"http://localhost:8000/","user_agent":"Mozilla/5.0 (Windows NT 10.0; Win64; x64; rv:155.0) Gecko/20100101 Firefox/155.0","timestamp":"2026-09-14T00:20:45.382Z"} 
[2026-09-14 00:20:54] local.DEBUG: [vite] hot updated: /resources/js/components/ecovolts/footer.tsx {"url":"http://localhost:8000/","user_agent":"Mozilla/5.0 (Windows NT 10.0; Win64; x64; rv:155.0) Gecko/20100101 Firefox/155.0","timestamp":"2026-09-14T00:20:54.605Z"} 
[2026-09-14 00:20:54] local.DEBUG: [vite] hot updated: /resources/css/app.css {"url":"http://localhost:8000/","user_agent":"Mozilla/5.0 (Windows NT 10.0; Win64; x64; rv:155.0) Gecko/20100101 Firefox/155.0","timestamp":"2026-09-14T00:20:54.605Z"} 
[2026-09-14 00:21:01] local.DEBUG: [vite] hot updated: /resources/js/components/ecovolts/footer.tsx {"url":"http://localhost:8000/","user_agent":"Mozilla/5.0 (Windows NT 10.0; Win64; x64; rv:155.0) Gecko/20100101 Firefox/155.0","timestamp":"2026-09-14T00:21:00.624Z"} 
[2026-09-14 00:21:01] local.DEBUG: [vite] hot updated: /resources/css/app.css {"url":"http://localhost:8000/","user_agent":"Mozilla/5.0 (Windows NT 10.0; Win64; x64; rv:155.0) Gecko/20100101 Firefox/155.0","timestamp":"2026-09-14T00:21:00.624Z"} 
[2026-09-14 00:21:03] local.DEBUG: [vite] hot updated: /resources/js/components/ecovolts/footer.tsx {"url":"http://localhost:8000/","user_agent":"Mozilla/5.0 (Windows NT 10.0; Win64; x64; rv:155.0) Gecko/20100101 Firefox/155.0","timestamp":"2026-09-14T00:21:03.705Z"} 
[2026-09-14 00:21:03] local.DEBUG: [vite] hot updated: /resources/css/app.css {"url":"http://localhost:8000/","user_agent":"Mozilla/5.0 (Windows NT 10.0; Win64; x64; rv:155.0) Gecko/20100101 Firefox/155.0","timestamp":"2026-09-14T00:21:03.705Z"} 
[2026-09-14 00:21:06] local.DEBUG: [vite] hot updated: /resources/js/components/ecovolts/footer.tsx {"url":"http://localhost:8000/","user_agent":"Mozilla/5.0 (Windows NT 10.0; Win64; x64; rv:155.0) Gecko/20100101 Firefox/155.0","timestamp":"2026-09-14T00:21:05.926Z"} 
[2026-09-14 00:21:06] local.DEBUG: [vite] hot updated: /resources/css/app.css {"url":"http://localhost:8000/","user_agent":"Mozilla/5.0 (Windows NT 10.0; Win64; x64; rv:155.0) Gecko/20100101 Firefox/155.0","timestamp":"2026-09-14T00:21:05.927Z"} 
[2026-09-14 00:21:24] local.DEBUG: [vite] hot updated: /resources/js/pages/welcome.tsx {"url":"http://localhost:8000/","user_agent":"Mozilla/5.0 (Windows NT 10.0; Win64; x64; rv:155.0) Gecko/20100101 Firefox/155.0","timestamp":"2026-09-14T00:21:24.233Z"} 
[2026-09-14 00:21:24] local.DEBUG: [vite] hot updated: /resources/css/app.css {"url":"http://localhost:8000/","user_agent":"Mozilla/5.0 (Windows NT 10.0; Win64; x64; rv:155.0) Gecko/20100101 Firefox/155.0","timestamp":"2026-09-14T00:21:24.233Z"} 
[2026-09-14 00:21:42] local.DEBUG: [vite] hot updated: /resources/js/components/ecovolts/footer.tsx {"url":"http://localhost:8000/","user_agent":"Mozilla/5.0 (Windows NT 10.0; Win64; x64; rv:155.0) Gecko/20100101 Firefox/155.0","timestamp":"2026-09-14T00:21:42.292Z"} 
[2026-09-14 00:21:42] local.DEBUG: [vite] hot updated: /resources/css/app.css {"url":"http://localhost:8000/","user_agent":"Mozilla/5.0 (Windows NT 10.0; Win64; x64; rv:155.0) Gecko/20100101 Firefox/155.0","timestamp":"2026-09-14T00:21:42.292Z"} 
[2026-09-14 00:23:11] local.DEBUG: [vite] hot updated: /resources/js/components/ecovolts/footer.tsx {"url":"http://localhost:8000/","user_agent":"Mozilla/5.0 (Windows NT 10.0; Win64; x64; rv:155.0) Gecko/20100101 Firefox/155.0","timestamp":"2026-09-14T00:23:10.944Z"} 
[2026-09-14 00:23:11] local.DEBUG: [vite] hot updated: /resources/css/app.css {"url":"http://localhost:8000/","user_agent":"Mozilla/5.0 (Windows NT 10.0; Win64; x64; rv:155.0) Gecko/20100101 Firefox/155.0","timestamp":"2026-09-14T00:23:10.944Z"} 
[2026-09-14 00:23:11] local.ERROR: Each child in a list should have a unique "key" prop.%s%s See https://react.dev/link/warning-keys for more information. Check the render method of `Footer`. null {"url":"http://localhost:8000/","user_agent":"Mozilla/5.0 (Windows NT 10.0; Win64; x64; rv:155.0) Gecko/20100101 Firefox/155.0","timestamp":"2026-09-14T00:23:10.960Z"} 
[2026-09-14 00:23:40] local.DEBUG: [vite] hot updated: /resources/js/components/ecovolts/footer.tsx {"url":"http://localhost:8000/","user_agent":"Mozilla/5.0 (Windows NT 10.0; Win64; x64; rv:155.0) Gecko/20100101 Firefox/155.0","timestamp":"2026-09-14T00:23:39.948Z"} 
[2026-09-14 00:23:40] local.DEBUG: [vite] hot updated: /resources/css/app.css {"url":"http://localhost:8000/","user_agent":"Mozilla/5.0 (Windows NT 10.0; Win64; x64; rv:155.0) Gecko/20100101 Firefox/155.0","timestamp":"2026-09-14T00:23:39.948Z"} 
[2026-09-14 00:24:05] local.DEBUG: [vite] hot updated: /resources/js/components/ecovolts/footer.tsx {"url":"http://localhost:8000/","user_agent":"Mozilla/5.0 (Windows NT 10.0; Win64; x64; rv:155.0) Gecko/20100101 Firefox/155.0","timestamp":"2026-09-14T00:24:04.629Z"} 
[2026-09-14 00:24:05] local.DEBUG: [vite] hot updated: /resources/css/app.css {"url":"http://localhost:8000/","user_agent":"Mozilla/5.0 (Windows NT 10.0; Win64; x64; rv:155.0) Gecko/20100101 Firefox/155.0","timestamp":"2026-09-14T00:24:04.629Z"} 
[2026-09-14 00:24:23] local.DEBUG: [vite] hot updated: /resources/js/components/ecovolts/footer.tsx {"url":"http://localhost:8000/","user_agent":"Mozilla/5.0 (Windows NT 10.0; Win64; x64; rv:155.0) Gecko/20100101 Firefox/155.0","timestamp":"2026-09-14T00:24:22.831Z"} 
[2026-09-14 00:24:23] local.DEBUG: [vite] hot updated: /resources/css/app.css {"url":"http://localhost:8000/","user_agent":"Mozilla/5.0 (Windows NT 10.0; Win64; x64; rv:155.0) Gecko/20100101 Firefox/155.0","timestamp":"2026-09-14T00:24:22.831Z"} 
[2026-09-14 00:24:30] local.DEBUG: [vite] hot updated: /resources/js/components/ecovolts/footer.tsx {"url":"http://localhost:8000/","user_agent":"Mozilla/5.0 (Windows NT 10.0; Win64; x64; rv:155.0) Gecko/20100101 Firefox/155.0","timestamp":"2026-09-14T00:24:30.023Z"} 
[2026-09-14 00:24:30] local.DEBUG: [vite] hot updated: /resources/css/app.css {"url":"http://localhost:8000/","user_agent":"Mozilla/5.0 (Windows NT 10.0; Win64; x64; rv:155.0) Gecko/20100101 Firefox/155.0","timestamp":"2026-09-14T00:24:30.023Z"} 
[2026-09-14 00:24:42] local.DEBUG: [vite] hot updated: /resources/js/components/ecovolts/footer.tsx {"url":"http://localhost:8000/","user_agent":"Mozilla/5.0 (Windows NT 10.0; Win64; x64; rv:155.0) Gecko/20100101 Firefox/155.0","timestamp":"2026-09-14T00:24:42.129Z"} 
[2026-09-14 00:24:42] local.DEBUG: [vite] hot updated: /resources/css/app.css {"url":"http://localhost:8000/","user_agent":"Mozilla/5.0 (Windows NT 10.0; Win64; x64; rv:155.0) Gecko/20100101 Firefox/155.0","timestamp":"2026-09-14T00:24:42.129Z"} 
[2026-09-14 00:24:48] local.DEBUG: [vite] hot updated: /resources/js/components/ecovolts/footer.tsx {"url":"http://localhost:8000/","user_agent":"Mozilla/5.0 (Windows NT 10.0; Win64; x64; rv:155.0) Gecko/20100101 Firefox/155.0","timestamp":"2026-09-14T00:24:48.048Z"} 
[2026-09-14 00:24:48] local.DEBUG: [vite] hot updated: /resources/css/app.css {"url":"http://localhost:8000/","user_agent":"Mozilla/5.0 (Windows NT 10.0; Win64; x64; rv:155.0) Gecko/20100101 Firefox/155.0","timestamp":"2026-09-14T00:24:48.048Z"} 
[2026-09-14 00:24:53] local.DEBUG: [vite] hot updated: /resources/js/components/ecovolts/footer.tsx {"url":"http://localhost:8000/","user_agent":"Mozilla/5.0 (Windows NT 10.0; Win64; x64; rv:155.0) Gecko/20100101 Firefox/155.0","timestamp":"2026-09-14T00:24:53.227Z"} 
[2026-09-14 00:24:53] local.DEBUG: [vite] hot updated: /resources/css/app.css {"url":"http://localhost:8000/","user_agent":"Mozilla/5.0 (Windows NT 10.0; Win64; x64; rv:155.0) Gecko/20100101 Firefox/155.0","timestamp":"2026-09-14T00:24:53.227Z"} 
[2026-09-14 00:25:01] local.DEBUG: [vite] hot updated: /resources/js/components/ecovolts/footer.tsx {"url":"http://localhost:8000/","user_agent":"Mozilla/5.0 (Windows NT 10.0; Win64; x64; rv:155.0) Gecko/20100101 Firefox/155.0","timestamp":"2026-09-14T00:25:01.419Z"} 
[2026-09-14 00:25:01] local.DEBUG: [vite] hot updated: /resources/css/app.css {"url":"http://localhost:8000/","user_agent":"Mozilla/5.0 (Windows NT 10.0; Win64; x64; rv:155.0) Gecko/20100101 Firefox/155.0","timestamp":"2026-09-14T00:25:01.419Z"} 
[2026-09-14 00:25:04] local.DEBUG: [vite] hot updated: /resources/js/components/ecovolts/footer.tsx {"url":"http://localhost:8000/","user_agent":"Mozilla/5.0 (Windows NT 10.0; Win64; x64; rv:155.0) Gecko/20100101 Firefox/155.0","timestamp":"2026-09-14T00:25:04.467Z"} 
[2026-09-14 00:25:04] local.DEBUG: [vite] hot updated: /resources/css/app.css {"url":"http://localhost:8000/","user_agent":"Mozilla/5.0 (Windows NT 10.0; Win64; x64; rv:155.0) Gecko/20100101 Firefox/155.0","timestamp":"2026-09-14T00:25:04.467Z"} 
[2026-09-14 00:25:10] local.DEBUG: [vite] hot updated: /resources/js/components/ecovolts/footer.tsx {"url":"http://localhost:8000/","user_agent":"Mozilla/5.0 (Windows NT 10.0; Win64; x64; rv:155.0) Gecko/20100101 Firefox/155.0","timestamp":"2026-09-14T00:25:10.302Z"} 
[2026-09-14 00:25:10] local.DEBUG: [vite] hot updated: /resources/css/app.css {"url":"http://localhost:8000/","user_agent":"Mozilla/5.0 (Windows NT 10.0; Win64; x64; rv:155.0) Gecko/20100101 Firefox/155.0","timestamp":"2026-09-14T00:25:10.302Z"} 
[2026-09-14 00:25:17] local.DEBUG: [vite] hot updated: /resources/js/components/ecovolts/footer.tsx {"url":"http://localhost:8000/","user_agent":"Mozilla/5.0 (Windows NT 10.0; Win64; x64; rv:155.0) Gecko/20100101 Firefox/155.0","timestamp":"2026-09-14T00:25:16.608Z"} 
[2026-09-14 00:25:17] local.DEBUG: [vite] hot updated: /resources/css/app.css {"url":"http://localhost:8000/","user_agent":"Mozilla/5.0 (Windows NT 10.0; Win64; x64; rv:155.0) Gecko/20100101 Firefox/155.0","timestamp":"2026-09-14T00:25:16.608Z"} 
[2026-09-14 00:25:17] local.DEBUG: [vite] hot updated: /resources/js/components/ecovolts/footer.tsx {"url":"http://localhost:8000/","user_agent":"Mozilla/5.0 (Windows NT 10.0; Win64; x64; rv:155.0) Gecko/20100101 Firefox/155.0","timestamp":"2026-09-14T00:25:17.106Z"} 
[2026-09-14 00:25:17] local.DEBUG: [vite] hot updated: /resources/css/app.css {"url":"http://localhost:8000/","user_agent":"Mozilla/5.0 (Windows NT 10.0; Win64; x64; rv:155.0) Gecko/20100101 Firefox/155.0","timestamp":"2026-09-14T00:25:17.106Z"} 
[2026-09-14 00:25:24] local.DEBUG: [vite] hot updated: /resources/js/components/ecovolts/footer.tsx {"url":"http://localhost:8000/","user_agent":"Mozilla/5.0 (Windows NT 10.0; Win64; x64; rv:155.0) Gecko/20100101 Firefox/155.0","timestamp":"2026-09-14T00:25:24.593Z"} 
[2026-09-14 00:25:24] local.DEBUG: [vite] hot updated: /resources/css/app.css {"url":"http://localhost:8000/","user_agent":"Mozilla/5.0 (Windows NT 10.0; Win64; x64; rv:155.0) Gecko/20100101 Firefox/155.0","timestamp":"2026-09-14T00:25:24.593Z"} 
[2026-09-14 00:25:33] local.DEBUG: [vite] hot updated: /resources/js/components/ecovolts/footer.tsx {"url":"http://localhost:8000/","user_agent":"Mozilla/5.0 (Windows NT 10.0; Win64; x64; rv:155.0) Gecko/20100101 Firefox/155.0","timestamp":"2026-09-14T00:25:33.277Z"} 
[2026-09-14 00:25:33] local.DEBUG: [vite] hot updated: /resources/css/app.css {"url":"http://localhost:8000/","user_agent":"Mozilla/5.0 (Windows NT 10.0; Win64; x64; rv:155.0) Gecko/20100101 Firefox/155.0","timestamp":"2026-09-14T00:25:33.277Z"} 
[2026-09-14 00:25:41] local.DEBUG: [vite] hot updated: /resources/js/components/ecovolts/footer.tsx {"url":"http://localhost:8000/","user_agent":"Mozilla/5.0 (Windows NT 10.0; Win64; x64; rv:155.0) Gecko/20100101 Firefox/155.0","timestamp":"2026-09-14T00:25:40.806Z"} 
[2026-09-14 00:25:41] local.DEBUG: [vite] hot updated: /resources/css/app.css {"url":"http://localhost:8000/","user_agent":"Mozilla/5.0 (Windows NT 10.0; Win64; x64; rv:155.0) Gecko/20100101 Firefox/155.0","timestamp":"2026-09-14T00:25:40.806Z"} 
[2026-09-14 00:25:45] local.DEBUG: [vite] hot updated: /resources/js/components/ecovolts/footer.tsx {"url":"http://localhost:8000/","user_agent":"Mozilla/5.0 (Windows NT 10.0; Win64; x64; rv:155.0) Gecko/20100101 Firefox/155.0","timestamp":"2026-09-14T00:25:44.810Z"} 
[2026-09-14 00:25:45] local.DEBUG: [vite] hot updated: /resources/css/app.css {"url":"http://localhost:8000/","user_agent":"Mozilla/5.0 (Windows NT 10.0; Win64; x64; rv:155.0) Gecko/20100101 Firefox/155.0","timestamp":"2026-09-14T00:25:44.810Z"} 
[2026-09-14 00:26:16] local.DEBUG: [vite] hot updated: /resources/js/components/ecovolts/footer.tsx {"url":"http://localhost:8000/","user_agent":"Mozilla/5.0 (Windows NT 10.0; Win64; x64; rv:155.0) Gecko/20100101 Firefox/155.0","timestamp":"2026-09-14T00:26:15.994Z"} 
[2026-09-14 00:26:16] local.DEBUG: [vite] hot updated: /resources/css/app.css {"url":"http://localhost:8000/","user_agent":"Mozilla/5.0 (Windows NT 10.0; Win64; x64; rv:155.0) Gecko/20100101 Firefox/155.0","timestamp":"2026-09-14T00:26:15.994Z"} 
[2026-09-14 00:26:21] local.DEBUG: [vite] connecting... {"url":"http://localhost:8000/","user_agent":"Mozilla/5.0 (Windows NT 10.0; Win64; x64; rv:155.0) Gecko/20100101 Firefox/155.0","timestamp":"2026-09-14T00:26:21.542Z"} 
[2026-09-14 00:26:21] local.DEBUG: [vite] connected. {"url":"http://localhost:8000/","user_agent":"Mozilla/5.0 (Windows NT 10.0; Win64; x64; rv:155.0) Gecko/20100101 Firefox/155.0","timestamp":"2026-09-14T00:26:21.561Z"} 
[2026-09-14 00:26:21] local.INFO: %cDownload the React DevTools for a better development experience: https://react.dev/link/react-devtools font-weight:bold {"url":"http://localhost:8000/","user_agent":"Mozilla/5.0 (Windows NT 10.0; Win64; x64; rv:155.0) Gecko/20100101 Firefox/155.0","timestamp":"2026-09-14T00:26:21.567Z"} 
[2026-09-14 00:26:21] local.ERROR: Each child in a list should have a unique "key" prop.%s%s See https://react.dev/link/warning-keys for more information. Check the render method of `Welcome`. null {"url":"http://localhost:8000/","user_agent":"Mozilla/5.0 (Windows NT 10.0; Win64; x64; rv:155.0) Gecko/20100101 Firefox/155.0","timestamp":"2026-09-14T00:26:21.581Z"} 
[2026-09-14 00:26:27] local.DEBUG: [vite] connecting... {"url":"http://localhost:8000/","user_agent":"Mozilla/5.0 (Windows NT 10.0; Win64; x64; rv:155.0) Gecko/20100101 Firefox/155.0","timestamp":"2026-09-14T00:26:27.200Z"} 
[2026-09-14 00:26:27] local.DEBUG: [vite] connected. {"url":"http://localhost:8000/","user_agent":"Mozilla/5.0 (Windows NT 10.0; Win64; x64; rv:155.0) Gecko/20100101 Firefox/155.0","timestamp":"2026-09-14T00:26:27.208Z"} 
[2026-09-14 00:26:27] local.INFO: %cDownload the React DevTools for a better development experience: https://react.dev/link/react-devtools font-weight:bold {"url":"http://localhost:8000/","user_agent":"Mozilla/5.0 (Windows NT 10.0; Win64; x64; rv:155.0) Gecko/20100101 Firefox/155.0","timestamp":"2026-09-14T00:26:27.213Z"} 
[2026-09-14 00:26:27] local.ERROR: Each child in a list should have a unique "key" prop.%s%s See https://react.dev/link/warning-keys for more information. Check the render method of `Welcome`. null {"url":"http://localhost:8000/","user_agent":"Mozilla/5.0 (Windows NT 10.0; Win64; x64; rv:155.0) Gecko/20100101 Firefox/155.0","timestamp":"2026-09-14T00:26:27.225Z"} 
[2026-09-14 00:26:27] local.ERROR: Each child in a list should have a unique "key" prop.%s%s See https://react.dev/link/warning-keys for more information. Check the render method of `Footer`. null {"url":"http://localhost:8000/","user_agent":"Mozilla/5.0 (Windows NT 10.0; Win64; x64; rv:155.0) Gecko/20100101 Firefox/155.0","timestamp":"2026-09-14T00:26:27.234Z"} 
[2026-09-14 00:26:48] local.DEBUG: [vite] hot updated: /resources/js/components/ecovolts/footer.tsx {"url":"http://localhost:8000/","user_agent":"Mozilla/5.0 (Windows NT 10.0; Win64; x64; rv:155.0) Gecko/20100101 Firefox/155.0","timestamp":"2026-09-14T00:26:48.072Z"} 
[2026-09-14 00:26:48] local.DEBUG: [vite] hot updated: /resources/css/app.css {"url":"http://localhost:8000/","user_agent":"Mozilla/5.0 (Windows NT 10.0; Win64; x64; rv:155.0) Gecko/20100101 Firefox/155.0","timestamp":"2026-09-14T00:26:48.072Z"} 
[2026-09-14 00:26:52] local.DEBUG: [vite] hot updated: /resources/js/components/ecovolts/footer.tsx {"url":"http://localhost:8000/","user_agent":"Mozilla/5.0 (Windows NT 10.0; Win64; x64; rv:155.0) Gecko/20100101 Firefox/155.0","timestamp":"2026-09-14T00:26:52.709Z"} 
[2026-09-14 00:26:52] local.DEBUG: [vite] hot updated: /resources/css/app.css {"url":"http://localhost:8000/","user_agent":"Mozilla/5.0 (Windows NT 10.0; Win64; x64; rv:155.0) Gecko/20100101 Firefox/155.0","timestamp":"2026-09-14T00:26:52.709Z"} 
[2026-09-14 00:27:03] local.DEBUG: [vite] connecting... {"url":"http://localhost:8000/","user_agent":"Mozilla/5.0 (Windows NT 10.0; Win64; x64; rv:155.0) Gecko/20100101 Firefox/155.0","timestamp":"2026-09-14T00:27:03.446Z"} 
[2026-09-14 00:27:03] local.INFO: %cDownload the React DevTools for a better development experience: https://react.dev/link/react-devtools font-weight:bold {"url":"http://localhost:8000/","user_agent":"Mozilla/5.0 (Windows NT 10.0; Win64; x64; rv:155.0) Gecko/20100101 Firefox/155.0","timestamp":"2026-09-14T00:27:03.461Z"} 
[2026-09-14 00:27:03] local.DEBUG: [vite] connected. {"url":"http://localhost:8000/","user_agent":"Mozilla/5.0 (Windows NT 10.0; Win64; x64; rv:155.0) Gecko/20100101 Firefox/155.0","timestamp":"2026-09-14T00:27:03.464Z"} 
[2026-09-14 00:27:03] local.ERROR: Each child in a list should have a unique "key" prop.%s%s See https://react.dev/link/warning-keys for more information. Check the render method of `Welcome`. null {"url":"http://localhost:8000/","user_agent":"Mozilla/5.0 (Windows NT 10.0; Win64; x64; rv:155.0) Gecko/20100101 Firefox/155.0","timestamp":"2026-09-14T00:27:03.475Z"} 
[2026-09-14 00:27:03] local.ERROR: Each child in a list should have a unique "key" prop.%s%s See https://react.dev/link/warning-keys for more information. Check the render method of `Footer`. null {"url":"http://localhost:8000/","user_agent":"Mozilla/5.0 (Windows NT 10.0; Win64; x64; rv:155.0) Gecko/20100101 Firefox/155.0","timestamp":"2026-09-14T00:27:03.481Z"} 
[2026-09-14 00:27:12] local.DEBUG: [vite] hot updated: /resources/js/components/ecovolts/footer.tsx {"url":"http://localhost:8000/","user_agent":"Mozilla/5.0 (Windows NT 10.0; Win64; x64; rv:155.0) Gecko/20100101 Firefox/155.0","timestamp":"2026-09-14T00:27:11.882Z"} 
[2026-09-14 00:27:12] local.DEBUG: [vite] hot updated: /resources/css/app.css {"url":"http://localhost:8000/","user_agent":"Mozilla/5.0 (Windows NT 10.0; Win64; x64; rv:155.0) Gecko/20100101 Firefox/155.0","timestamp":"2026-09-14T00:27:11.882Z"} 
[2026-09-14 00:27:22] local.DEBUG: [vite] hot updated: /resources/js/components/ecovolts/footer.tsx {"url":"http://localhost:8000/","user_agent":"Mozilla/5.0 (Windows NT 10.0; Win64; x64; rv:155.0) Gecko/20100101 Firefox/155.0","timestamp":"2026-09-14T00:27:20.794Z"} 
[2026-09-14 00:27:22] local.DEBUG: [vite] hot updated: /resources/css/app.css {"url":"http://localhost:8000/","user_agent":"Mozilla/5.0 (Windows NT 10.0; Win64; x64; rv:155.0) Gecko/20100101 Firefox/155.0","timestamp":"2026-09-14T00:27:20.794Z"} 
[2026-09-14 00:27:35] local.DEBUG: [vite] hot updated: /resources/js/components/ecovolts/footer.tsx {"url":"http://localhost:8000/","user_agent":"Mozilla/5.0 (Windows NT 10.0; Win64; x64; rv:155.0) Gecko/20100101 Firefox/155.0","timestamp":"2026-09-14T00:27:34.268Z"} 
[2026-09-14 00:27:35] local.DEBUG: [vite] hot updated: /resources/css/app.css {"url":"http://localhost:8000/","user_agent":"Mozilla/5.0 (Windows NT 10.0; Win64; x64; rv:155.0) Gecko/20100101 Firefox/155.0","timestamp":"2026-09-14T00:27:34.268Z"} 
[2026-09-14 00:27:47] local.DEBUG: [vite] hot updated: /resources/js/components/ecovolts/footer.tsx {"url":"http://localhost:8000/","user_agent":"Mozilla/5.0 (Windows NT 10.0; Win64; x64; rv:155.0) Gecko/20100101 Firefox/155.0","timestamp":"2026-09-14T00:27:47.453Z"} 
[2026-09-14 00:27:47] local.DEBUG: [vite] hot updated: /resources/css/app.css {"url":"http://localhost:8000/","user_agent":"Mozilla/5.0 (Windows NT 10.0; Win64; x64; rv:155.0) Gecko/20100101 Firefox/155.0","timestamp":"2026-09-14T00:27:47.453Z"} 
[2026-09-14 00:27:58] local.DEBUG: [vite] connecting... {"url":"http://localhost:8000/","user_agent":"Mozilla/5.0 (Windows NT 10.0; Win64; x64; rv:155.0) Gecko/20100101 Firefox/155.0","timestamp":"2026-09-14T00:27:57.702Z"} 
[2026-09-14 00:27:58] local.INFO: %cDownload the React DevTools for a better development experience: https://react.dev/link/react-devtools font-weight:bold {"url":"http://localhost:8000/","user_agent":"Mozilla/5.0 (Windows NT 10.0; Win64; x64; rv:155.0) Gecko/20100101 Firefox/155.0","timestamp":"2026-09-14T00:27:57.719Z"} 
[2026-09-14 00:27:58] local.DEBUG: [vite] connected. {"url":"http://localhost:8000/","user_agent":"Mozilla/5.0 (Windows NT 10.0; Win64; x64; rv:155.0) Gecko/20100101 Firefox/155.0","timestamp":"2026-09-14T00:27:57.721Z"} 
[2026-09-14 00:27:58] local.ERROR: Each child in a list should have a unique "key" prop.%s%s See https://react.dev/link/warning-keys for more information. Check the render method of `Welcome`. null {"url":"http://localhost:8000/","user_agent":"Mozilla/5.0 (Windows NT 10.0; Win64; x64; rv:155.0) Gecko/20100101 Firefox/155.0","timestamp":"2026-09-14T00:27:57.730Z"} 
[2026-09-14 00:27:58] local.ERROR: Each child in a list should have a unique "key" prop.%s%s See https://react.dev/link/warning-keys for more information. Check the render method of `Footer`. null {"url":"http://localhost:8000/","user_agent":"Mozilla/5.0 (Windows NT 10.0; Win64; x64; rv:155.0) Gecko/20100101 Firefox/155.0","timestamp":"2026-09-14T00:27:57.738Z"} 
[2026-09-14 00:28:04] local.DEBUG: [vite] hot updated: /resources/js/components/ecovolts/footer.tsx {"url":"http://localhost:8000/","user_agent":"Mozilla/5.0 (Windows NT 10.0; Win64; x64; rv:155.0) Gecko/20100101 Firefox/155.0","timestamp":"2026-09-14T00:28:04.300Z"} 
[2026-09-14 00:28:04] local.DEBUG: [vite] hot updated: /resources/css/app.css {"url":"http://localhost:8000/","user_agent":"Mozilla/5.0 (Windows NT 10.0; Win64; x64; rv:155.0) Gecko/20100101 Firefox/155.0","timestamp":"2026-09-14T00:28:04.300Z"} 
[2026-09-14 00:28:22] local.DEBUG: [vite] hot updated: /resources/js/pages/welcome.tsx {"url":"http://localhost:8000/#contato","user_agent":"Mozilla/5.0 (Windows NT 10.0; Win64; x64; rv:155.0) Gecko/20100101 Firefox/155.0","timestamp":"2026-09-14T00:28:22.310Z"} 
[2026-09-14 00:28:22] local.DEBUG: [vite] hot updated: /resources/css/app.css {"url":"http://localhost:8000/#contato","user_agent":"Mozilla/5.0 (Windows NT 10.0; Win64; x64; rv:155.0) Gecko/20100101 Firefox/155.0","timestamp":"2026-09-14T00:28:22.310Z"} 
[2026-09-14 00:28:27] local.ERROR: Unhandled Promise Rejection TypeError can't access property "page", window.history.state is null saveDocumentScrollPosition/</<@http://[::1]:5173/node_modules/.vite/deps/@inertiajs_react.js?v=024a2c6e:6031:29 {"url":"http://localhost:8000/#contato","user_agent":"Mozilla/5.0 (Windows NT 10.0; Win64; x64; rv:155.0) Gecko/20100101 Firefox/155.0","timestamp":"2026-09-14T00:28:26.981Z"} 
[2026-09-14 00:29:59] local.DEBUG: [vite] connecting... {"url":"http://localhost:8000/#contato","user_agent":"Mozilla/5.0 (Windows NT 10.0; Win64; x64; rv:155.0) Gecko/20100101 Firefox/155.0","timestamp":"2026-09-14T00:29:59.344Z"} 
[2026-09-14 00:29:59] local.INFO: %cDownload the React DevTools for a better development experience: https://react.dev/link/react-devtools font-weight:bold {"url":"http://localhost:8000/#contato","user_agent":"Mozilla/5.0 (Windows NT 10.0; Win64; x64; rv:155.0) Gecko/20100101 Firefox/155.0","timestamp":"2026-09-14T00:29:59.362Z"} 
[2026-09-14 00:29:59] local.DEBUG: [vite] connected. {"url":"http://localhost:8000/#contato","user_agent":"Mozilla/5.0 (Windows NT 10.0; Win64; x64; rv:155.0) Gecko/20100101 Firefox/155.0","timestamp":"2026-09-14T00:29:59.365Z"} 
[2026-09-14 00:29:59] local.ERROR: Each child in a list should have a unique "key" prop.%s%s See https://react.dev/link/warning-keys for more information. Check the render method of `Welcome`. null {"url":"http://localhost:8000/#contato","user_agent":"Mozilla/5.0 (Windows NT 10.0; Win64; x64; rv:155.0) Gecko/20100101 Firefox/155.0","timestamp":"2026-09-14T00:29:59.370Z"} 
[2026-09-14 00:29:59] local.ERROR: Each child in a list should have a unique "key" prop.%s%s See https://react.dev/link/warning-keys for more information. Check the render method of `Footer`. null {"url":"http://localhost:8000/#contato","user_agent":"Mozilla/5.0 (Windows NT 10.0; Win64; x64; rv:155.0) Gecko/20100101 Firefox/155.0","timestamp":"2026-09-14T00:29:59.376Z"} 
[2026-09-14 00:29:59] local.ERROR: TypeError: can't access property "scrollRegions", window.history.state is null http://[::1]:5173/node_modules/.vite/deps/@inertiajs_react.js?v=024a2c6e 6035 5 TypeError can't access property "scrollRegions", window.history.state is null getScrollRegions@http://[::1]:5173/node_modules/.vite/deps/@inertiajs_react.js?v=024a2c6e:6035:5
handleBackForward@http://[::1]:5173/node_modules/.vite/deps/@inertiajs_react.js?v=024a2c6e:6159:15
handle/<@http://[::1]:5173/node_modules/.vite/deps/@inertiajs_react.js?v=024a2c6e:6152:132
handle@http://[::1]:5173/node_modules/.vite/deps/@inertiajs_react.js?v=024a2c6e:6152:108
init@http://[::1]:5173/node_modules/.vite/deps/@inertiajs_react.js?v=024a2c6e:6582:74
W2/<@http://[::1]:5173/node_modules/.vite/deps/@inertiajs_react.js?v=024a2c6e:6975:8
react-stack-bottom-frame@http://[::1]:5173/node_modules/.vite/deps/react-dom_client.js?v=024a2c6e:16242:20
runWithFiberInDEV@http://[::1]:5173/node_modules/.vite/deps/react-dom_client.js?v=024a2c6e:726:18
commitHookEffectListMount@http://[::1]:5173/node_modules/.vite/deps/react-dom_client.js?v=024a2c6e:7767:122
commitHookPassiveMountEffects@http://[::1]:5173/node_modules/.vite/deps/react-dom_client.js?v=024a2c6e:7825:60
commitPassiveMountOnFiber@http://[::1]:5173/node_modules/.vite/deps/react-dom_client.js?v=024a2c6e:9182:29
recursivelyTraversePassiveMountEffects@http://[::1]:5173/node_modules/.vite/deps/react-dom_client.js?v=024a2c6e:9163:38
commitPassiveMountOnFiber@http://[::1]:5173/node_modules/.vite/deps/react-dom_client.js?v=024a2c6e:9186:51
flushPassiveEffects@http://[::1]:5173/node_modules/.vite/deps/react-dom_client.js?v=024a2c6e:11119:40
node_modules/react-dom/cjs/react-dom-client.development.js/commitRootImpl/<@http://[::1]:5173/node_modules/.vite/deps/react-dom_client.js?v=024a2c6e:11042:30
performWorkUntilDeadline@http://[::1]:5173/node_modules/.vite/deps/react-dom_client.js?v=024a2c6e:35:58 {"url":"http://localhost:8000/#contato","user_agent":"Mozilla/5.0 (Windows NT 10.0; Win64; x64; rv:155.0) Gecko/20100101 Firefox/155.0","timestamp":"2026-09-14T00:29:59.384Z"} 
[2026-09-14 00:29:59] local.ERROR: TypeError: can't access property "scrollRegions", window.history.state is null http://[::1]:5173/node_modules/.vite/deps/@inertiajs_react.js?v=024a2c6e 6035 5 TypeError can't access property "scrollRegions", window.history.state is null getScrollRegions@http://[::1]:5173/node_modules/.vite/deps/@inertiajs_react.js?v=024a2c6e:6035:5
handleBackForward@http://[::1]:5173/node_modules/.vite/deps/@inertiajs_react.js?v=024a2c6e:6159:15
handle/<@http://[::1]:5173/node_modules/.vite/deps/@inertiajs_react.js?v=024a2c6e:6152:132
handle@http://[::1]:5173/node_modules/.vite/deps/@inertiajs_react.js?v=024a2c6e:6152:108
init@http://[::1]:5173/node_modules/.vite/deps/@inertiajs_react.js?v=024a2c6e:6582:74
W2/<@http://[::1]:5173/node_modules/.vite/deps/@inertiajs_react.js?v=024a2c6e:6975:8
react-stack-bottom-frame@http://[::1]:5173/node_modules/.vite/deps/react-dom_client.js?v=024a2c6e:16242:20
runWithFiberInDEV@http://[::1]:5173/node_modules/.vite/deps/react-dom_client.js?v=024a2c6e:726:18
commitHookEffectListMount@http://[::1]:5173/node_modules/.vite/deps/react-dom_client.js?v=024a2c6e:7767:122
commitHookPassiveMountEffects@http://[::1]:5173/node_modules/.vite/deps/react-dom_client.js?v=024a2c6e:7825:60
commitPassiveMountOnFiber@http://[::1]:5173/node_modules/.vite/deps/react-dom_client.js?v=024a2c6e:9182:29
recursivelyTraversePassiveMountEffects@http://[::1]:5173/node_modules/.vite/deps/react-dom_client.js?v=024a2c6e:9163:38
commitPassiveMountOnFiber@http://[::1]:5173/node_modules/.vite/deps/react-dom_client.js?v=024a2c6e:9186:51
flushPassiveEffects@http://[::1]:5173/node_modules/.vite/deps/react-dom_client.js?v=024a2c6e:11119:40
node_modules/react-dom/cjs/react-dom-client.development.js/commitRootImpl/<@http://[::1]:5173/node_modules/.vite/deps/react-dom_client.js?v=024a2c6e:11042:30
performWorkUntilDeadline@http://[::1]:5173/node_modules/.vite/deps/react-dom_client.js?v=024a2c6e:35:58 {"url":"http://localhost:8000/#contato","user_agent":"Mozilla/5.0 (Windows NT 10.0; Win64; x64; rv:155.0) Gecko/20100101 Firefox/155.0","timestamp":"2026-09-14T00:29:59.384Z"} 
[2026-09-14 00:29:59] local.WARNING: %s

%s An error occurred in the <Inertia> component. Consider adding an error boundary to your tree to customize error handling behavior.
Visit https://react.dev/link/error-boundaries to learn more about error boundaries. {"url":"http://localhost:8000/#contato","user_agent":"Mozilla/5.0 (Windows NT 10.0; Win64; x64; rv:155.0) Gecko/20100101 Firefox/155.0","timestamp":"2026-09-14T00:29:59.384Z"} 
[2026-09-14 00:30:07] local.DEBUG: [vite] connecting... {"url":"http://localhost:8000/#contato","user_agent":"Mozilla/5.0 (Windows NT 10.0; Win64; x64; rv:155.0) Gecko/20100101 Firefox/155.0","timestamp":"2026-09-14T00:30:07.717Z"} 
[2026-09-14 00:30:07] local.INFO: %cDownload the React DevTools for a better development experience: https://react.dev/link/react-devtools font-weight:bold {"url":"http://localhost:8000/#contato","user_agent":"Mozilla/5.0 (Windows NT 10.0; Win64; x64; rv:155.0) Gecko/20100101 Firefox/155.0","timestamp":"2026-09-14T00:30:07.734Z"} 
[2026-09-14 00:30:07] local.DEBUG: [vite] connected. {"url":"http://localhost:8000/#contato","user_agent":"Mozilla/5.0 (Windows NT 10.0; Win64; x64; rv:155.0) Gecko/20100101 Firefox/155.0","timestamp":"2026-09-14T00:30:07.737Z"} 
[2026-09-14 00:30:07] local.ERROR: Each child in a list should have a unique "key" prop.%s%s See https://react.dev/link/warning-keys for more information. Check the render method of `Welcome`. null {"url":"http://localhost:8000/#contato","user_agent":"Mozilla/5.0 (Windows NT 10.0; Win64; x64; rv:155.0) Gecko/20100101 Firefox/155.0","timestamp":"2026-09-14T00:30:07.748Z"} 
[2026-09-14 00:30:07] local.ERROR: Each child in a list should have a unique "key" prop.%s%s See https://react.dev/link/warning-keys for more information. Check the render method of `Footer`. null {"url":"http://localhost:8000/#contato","user_agent":"Mozilla/5.0 (Windows NT 10.0; Win64; x64; rv:155.0) Gecko/20100101 Firefox/155.0","timestamp":"2026-09-14T00:30:07.755Z"} 
[2026-09-14 00:30:28] local.DEBUG: [vite] hot updated: /resources/js/components/ecovolts/footer.tsx {"url":"http://localhost:8000/#contato","user_agent":"Mozilla/5.0 (Windows NT 10.0; Win64; x64; rv:155.0) Gecko/20100101 Firefox/155.0","timestamp":"2026-09-14T00:30:27.458Z"} 
[2026-09-14 00:30:28] local.DEBUG: [vite] hot updated: /resources/css/app.css {"url":"http://localhost:8000/#contato","user_agent":"Mozilla/5.0 (Windows NT 10.0; Win64; x64; rv:155.0) Gecko/20100101 Firefox/155.0","timestamp":"2026-09-14T00:30:27.458Z"} 
[2026-09-14 00:30:30] local.DEBUG: [vite] connecting... {"url":"http://localhost:8000/#contato","user_agent":"Mozilla/5.0 (Windows NT 10.0; Win64; x64; rv:155.0) Gecko/20100101 Firefox/155.0","timestamp":"2026-09-14T00:30:29.891Z"} 
[2026-09-14 00:30:30] local.INFO: %cDownload the React DevTools for a better development experience: https://react.dev/link/react-devtools font-weight:bold {"url":"http://localhost:8000/#contato","user_agent":"Mozilla/5.0 (Windows NT 10.0; Win64; x64; rv:155.0) Gecko/20100101 Firefox/155.0","timestamp":"2026-09-14T00:30:29.912Z"} 
[2026-09-14 00:30:30] local.DEBUG: [vite] connected. {"url":"http://localhost:8000/#contato","user_agent":"Mozilla/5.0 (Windows NT 10.0; Win64; x64; rv:155.0) Gecko/20100101 Firefox/155.0","timestamp":"2026-09-14T00:30:29.914Z"} 
[2026-09-14 00:30:30] local.ERROR: Each child in a list should have a unique "key" prop.%s%s See https://react.dev/link/warning-keys for more information. Check the render method of `Welcome`. null {"url":"http://localhost:8000/#contato","user_agent":"Mozilla/5.0 (Windows NT 10.0; Win64; x64; rv:155.0) Gecko/20100101 Firefox/155.0","timestamp":"2026-09-14T00:30:29.920Z"} 
[2026-09-14 00:30:30] local.ERROR: Each child in a list should have a unique "key" prop.%s%s See https://react.dev/link/warning-keys for more information. Check the render method of `Footer`. null {"url":"http://localhost:8000/#contato","user_agent":"Mozilla/5.0 (Windows NT 10.0; Win64; x64; rv:155.0) Gecko/20100101 Firefox/155.0","timestamp":"2026-09-14T00:30:29.928Z"} 
[2026-09-14 00:30:31] local.DEBUG: [vite] connecting... {"url":"http://localhost:8000/#contato","user_agent":"Mozilla/5.0 (Windows NT 10.0; Win64; x64; rv:155.0) Gecko/20100101 Firefox/155.0","timestamp":"2026-09-14T00:30:31.117Z"} 
[2026-09-14 00:30:31] local.DEBUG: [vite] connected. {"url":"http://localhost:8000/#contato","user_agent":"Mozilla/5.0 (Windows NT 10.0; Win64; x64; rv:155.0) Gecko/20100101 Firefox/155.0","timestamp":"2026-09-14T00:30:31.135Z"} 
[2026-09-14 00:30:31] local.INFO: %cDownload the React DevTools for a better development experience: https://react.dev/link/react-devtools font-weight:bold {"url":"http://localhost:8000/#contato","user_agent":"Mozilla/5.0 (Windows NT 10.0; Win64; x64; rv:155.0) Gecko/20100101 Firefox/155.0","timestamp":"2026-09-14T00:30:31.138Z"} 
[2026-09-14 00:30:31] local.ERROR: Each child in a list should have a unique "key" prop.%s%s See https://react.dev/link/warning-keys for more information. Check the render method of `Welcome`. null {"url":"http://localhost:8000/#contato","user_agent":"Mozilla/5.0 (Windows NT 10.0; Win64; x64; rv:155.0) Gecko/20100101 Firefox/155.0","timestamp":"2026-09-14T00:30:31.151Z"} 
[2026-09-14 00:30:31] local.ERROR: Each child in a list should have a unique "key" prop.%s%s See https://react.dev/link/warning-keys for more information. Check the render method of `Footer`. null {"url":"http://localhost:8000/#contato","user_agent":"Mozilla/5.0 (Windows NT 10.0; Win64; x64; rv:155.0) Gecko/20100101 Firefox/155.0","timestamp":"2026-09-14T00:30:31.159Z"} 
[2026-09-14 00:30:34] local.DEBUG: [vite] hot updated: /resources/js/components/ecovolts/footer.tsx {"url":"http://localhost:8000/#contato","user_agent":"Mozilla/5.0 (Windows NT 10.0; Win64; x64; rv:155.0) Gecko/20100101 Firefox/155.0","timestamp":"2026-09-14T00:30:34.352Z"} 
[2026-09-14 00:30:34] local.DEBUG: [vite] hot updated: /resources/css/app.css {"url":"http://localhost:8000/#contato","user_agent":"Mozilla/5.0 (Windows NT 10.0; Win64; x64; rv:155.0) Gecko/20100101 Firefox/155.0","timestamp":"2026-09-14T00:30:34.352Z"} 
[2026-09-14 00:30:35] local.DEBUG: [vite] connecting... {"url":"http://localhost:8000/#contato","user_agent":"Mozilla/5.0 (Windows NT 10.0; Win64; x64; rv:155.0) Gecko/20100101 Firefox/155.0","timestamp":"2026-09-14T00:30:35.481Z"} 
[2026-09-14 00:30:35] local.INFO: %cDownload the React DevTools for a better development experience: https://react.dev/link/react-devtools font-weight:bold {"url":"http://localhost:8000/#contato","user_agent":"Mozilla/5.0 (Windows NT 10.0; Win64; x64; rv:155.0) Gecko/20100101 Firefox/155.0","timestamp":"2026-09-14T00:30:35.493Z"} 
[2026-09-14 00:30:35] local.DEBUG: [vite] connected. {"url":"http://localhost:8000/#contato","user_agent":"Mozilla/5.0 (Windows NT 10.0; Win64; x64; rv:155.0) Gecko/20100101 Firefox/155.0","timestamp":"2026-09-14T00:30:35.496Z"} 
[2026-09-14 00:30:35] local.ERROR: Each child in a list should have a unique "key" prop.%s%s See https://react.dev/link/warning-keys for more information. Check the render method of `Welcome`. null {"url":"http://localhost:8000/#contato","user_agent":"Mozilla/5.0 (Windows NT 10.0; Win64; x64; rv:155.0) Gecko/20100101 Firefox/155.0","timestamp":"2026-09-14T00:30:35.505Z"} 
[2026-09-14 00:30:35] local.ERROR: Each child in a list should have a unique "key" prop.%s%s See https://react.dev/link/warning-keys for more information. Check the render method of `Footer`. null {"url":"http://localhost:8000/#contato","user_agent":"Mozilla/5.0 (Windows NT 10.0; Win64; x64; rv:155.0) Gecko/20100101 Firefox/155.0","timestamp":"2026-09-14T00:30:35.510Z"} 
[2026-09-14 00:30:37] local.DEBUG: [vite] connecting... {"url":"http://localhost:8000/#contato","user_agent":"Mozilla/5.0 (Windows NT 10.0; Win64; x64; rv:155.0) Gecko/20100101 Firefox/155.0","timestamp":"2026-09-14T00:30:37.715Z"} 
[2026-09-14 00:30:37] local.INFO: %cDownload the React DevTools for a better development experience: https://react.dev/link/react-devtools font-weight:bold {"url":"http://localhost:8000/#contato","user_agent":"Mozilla/5.0 (Windows NT 10.0; Win64; x64; rv:155.0) Gecko/20100101 Firefox/155.0","timestamp":"2026-09-14T00:30:37.736Z"} 
[2026-09-14 00:30:37] local.DEBUG: [vite] connected. {"url":"http://localhost:8000/#contato","user_agent":"Mozilla/5.0 (Windows NT 10.0; Win64; x64; rv:155.0) Gecko/20100101 Firefox/155.0","timestamp":"2026-09-14T00:30:37.737Z"} 
[2026-09-14 00:30:37] local.ERROR: Each child in a list should have a unique "key" prop.%s%s See https://react.dev/link/warning-keys for more information. Check the render method of `Welcome`. null {"url":"http://localhost:8000/#contato","user_agent":"Mozilla/5.0 (Windows NT 10.0; Win64; x64; rv:155.0) Gecko/20100101 Firefox/155.0","timestamp":"2026-09-14T00:30:37.742Z"} 
[2026-09-14 00:30:37] local.ERROR: Each child in a list should have a unique "key" prop.%s%s See https://react.dev/link/warning-keys for more information. Check the render method of `Footer`. null {"url":"http://localhost:8000/#contato","user_agent":"Mozilla/5.0 (Windows NT 10.0; Win64; x64; rv:155.0) Gecko/20100101 Firefox/155.0","timestamp":"2026-09-14T00:30:37.748Z"} 
[2026-09-14 00:30:50] local.DEBUG: [vite] hot updated: /resources/js/components/ecovolts/footer.tsx {"url":"http://localhost:8000/#contato","user_agent":"Mozilla/5.0 (Windows NT 10.0; Win64; x64; rv:155.0) Gecko/20100101 Firefox/155.0","timestamp":"2026-09-14T00:30:48.736Z"} 
[2026-09-14 00:30:50] local.DEBUG: [vite] hot updated: /resources/css/app.css {"url":"http://localhost:8000/#contato","user_agent":"Mozilla/5.0 (Windows NT 10.0; Win64; x64; rv:155.0) Gecko/20100101 Firefox/155.0","timestamp":"2026-09-14T00:30:48.736Z"} 
[2026-09-14 00:31:37] local.DEBUG: [vite] hot updated: /resources/js/components/ecovolts/footer.tsx {"url":"http://localhost:8000/#contato","user_agent":"Mozilla/5.0 (Windows NT 10.0; Win64; x64; rv:155.0) Gecko/20100101 Firefox/155.0","timestamp":"2026-09-14T00:31:36.926Z"} 
[2026-09-14 00:31:37] local.DEBUG: [vite] hot updated: /resources/css/app.css {"url":"http://localhost:8000/#contato","user_agent":"Mozilla/5.0 (Windows NT 10.0; Win64; x64; rv:155.0) Gecko/20100101 Firefox/155.0","timestamp":"2026-09-14T00:31:36.926Z"} 
[2026-09-14 00:31:39] local.DEBUG: [vite] hot updated: /resources/js/components/ecovolts/footer.tsx {"url":"http://localhost:8000/#contato","user_agent":"Mozilla/5.0 (Windows NT 10.0; Win64; x64; rv:155.0) Gecko/20100101 Firefox/155.0","timestamp":"2026-09-14T00:31:38.965Z"} 
[2026-09-14 00:31:39] local.DEBUG: [vite] hot updated: /resources/css/app.css {"url":"http://localhost:8000/#contato","user_agent":"Mozilla/5.0 (Windows NT 10.0; Win64; x64; rv:155.0) Gecko/20100101 Firefox/155.0","timestamp":"2026-09-14T00:31:38.965Z"} 
[2026-09-14 00:31:46] local.DEBUG: [vite] hot updated: /resources/js/components/ecovolts/footer.tsx {"url":"http://localhost:8000/#contato","user_agent":"Mozilla/5.0 (Windows NT 10.0; Win64; x64; rv:155.0) Gecko/20100101 Firefox/155.0","timestamp":"2026-09-14T00:31:46.459Z"} 
[2026-09-14 00:31:46] local.DEBUG: [vite] hot updated: /resources/css/app.css {"url":"http://localhost:8000/#contato","user_agent":"Mozilla/5.0 (Windows NT 10.0; Win64; x64; rv:155.0) Gecko/20100101 Firefox/155.0","timestamp":"2026-09-14T00:31:46.459Z"} 
[2026-09-14 00:31:50] local.DEBUG: [vite] hot updated: /resources/js/components/ecovolts/footer.tsx {"url":"http://localhost:8000/#contato","user_agent":"Mozilla/5.0 (Windows NT 10.0; Win64; x64; rv:155.0) Gecko/20100101 Firefox/155.0","timestamp":"2026-09-14T00:31:50.064Z"} 
[2026-09-14 00:31:50] local.DEBUG: [vite] hot updated: /resources/css/app.css {"url":"http://localhost:8000/#contato","user_agent":"Mozilla/5.0 (Windows NT 10.0; Win64; x64; rv:155.0) Gecko/20100101 Firefox/155.0","timestamp":"2026-09-14T00:31:50.064Z"} 
[2026-09-14 00:31:57] local.DEBUG: [vite] hot updated: /resources/js/components/ecovolts/footer.tsx {"url":"http://localhost:8000/#contato","user_agent":"Mozilla/5.0 (Windows NT 10.0; Win64; x64; rv:155.0) Gecko/20100101 Firefox/155.0","timestamp":"2026-09-14T00:31:57.594Z"} 
[2026-09-14 00:31:57] local.DEBUG: [vite] hot updated: /resources/css/app.css {"url":"http://localhost:8000/#contato","user_agent":"Mozilla/5.0 (Windows NT 10.0; Win64; x64; rv:155.0) Gecko/20100101 Firefox/155.0","timestamp":"2026-09-14T00:31:57.594Z"} 
[2026-09-14 00:32:00] local.DEBUG: [vite] hot updated: /resources/js/components/ecovolts/footer.tsx {"url":"http://localhost:8000/#contato","user_agent":"Mozilla/5.0 (Windows NT 10.0; Win64; x64; rv:155.0) Gecko/20100101 Firefox/155.0","timestamp":"2026-09-14T00:32:00.544Z"} 
[2026-09-14 00:32:00] local.DEBUG: [vite] hot updated: /resources/css/app.css {"url":"http://localhost:8000/#contato","user_agent":"Mozilla/5.0 (Windows NT 10.0; Win64; x64; rv:155.0) Gecko/20100101 Firefox/155.0","timestamp":"2026-09-14T00:32:00.544Z"} 
[2026-09-14 00:32:27] local.DEBUG: [vite] hot updated: /resources/js/components/ecovolts/footer.tsx {"url":"http://localhost:8000/#contato","user_agent":"Mozilla/5.0 (Windows NT 10.0; Win64; x64; rv:155.0) Gecko/20100101 Firefox/155.0","timestamp":"2026-09-14T00:32:23.917Z"} 
[2026-09-14 00:32:27] local.DEBUG: [vite] hot updated: /resources/css/app.css {"url":"http://localhost:8000/#contato","user_agent":"Mozilla/5.0 (Windows NT 10.0; Win64; x64; rv:155.0) Gecko/20100101 Firefox/155.0","timestamp":"2026-09-14T00:32:23.917Z"} 
[2026-09-14 00:32:35] local.DEBUG: [vite] hot updated: /resources/js/components/ecovolts/footer.tsx {"url":"http://localhost:8000/#contato","user_agent":"Mozilla/5.0 (Windows NT 10.0; Win64; x64; rv:155.0) Gecko/20100101 Firefox/155.0","timestamp":"2026-09-14T00:32:35.553Z"} 
[2026-09-14 00:32:35] local.DEBUG: [vite] hot updated: /resources/css/app.css {"url":"http://localhost:8000/#contato","user_agent":"Mozilla/5.0 (Windows NT 10.0; Win64; x64; rv:155.0) Gecko/20100101 Firefox/155.0","timestamp":"2026-09-14T00:32:35.553Z"} 
[2026-09-14 00:33:24] local.DEBUG: [vite] hot updated: /resources/js/components/ecovolts/footer.tsx {"url":"http://localhost:8000/#contato","user_agent":"Mozilla/5.0 (Windows NT 10.0; Win64; x64; rv:155.0) Gecko/20100101 Firefox/155.0","timestamp":"2026-09-14T00:33:24.242Z"} 
[2026-09-14 00:33:24] local.DEBUG: [vite] hot updated: /resources/css/app.css {"url":"http://localhost:8000/#contato","user_agent":"Mozilla/5.0 (Windows NT 10.0; Win64; x64; rv:155.0) Gecko/20100101 Firefox/155.0","timestamp":"2026-09-14T00:33:24.242Z"} 
[2026-09-14 00:33:34] local.DEBUG: [vite] hot updated: /resources/js/components/ecovolts/footer.tsx {"url":"http://localhost:8000/#contato","user_agent":"Mozilla/5.0 (Windows NT 10.0; Win64; x64; rv:155.0) Gecko/20100101 Firefox/155.0","timestamp":"2026-09-14T00:33:34.711Z"} 
[2026-09-14 00:33:34] local.DEBUG: [vite] hot updated: /resources/css/app.css {"url":"http://localhost:8000/#contato","user_agent":"Mozilla/5.0 (Windows NT 10.0; Win64; x64; rv:155.0) Gecko/20100101 Firefox/155.0","timestamp":"2026-09-14T00:33:34.711Z"} 
[2026-09-14 00:33:38] local.DEBUG: [vite] hot updated: /resources/js/components/ecovolts/footer.tsx {"url":"http://localhost:8000/#contato","user_agent":"Mozilla/5.0 (Windows NT 10.0; Win64; x64; rv:155.0) Gecko/20100101 Firefox/155.0","timestamp":"2026-09-14T00:33:38.126Z"} 
[2026-09-14 00:33:38] local.DEBUG: [vite] hot updated: /resources/css/app.css {"url":"http://localhost:8000/#contato","user_agent":"Mozilla/5.0 (Windows NT 10.0; Win64; x64; rv:155.0) Gecko/20100101 Firefox/155.0","timestamp":"2026-09-14T00:33:38.126Z"} 
[2026-09-14 00:33:47] local.DEBUG: [vite] hot updated: /resources/js/components/ecovolts/footer.tsx {"url":"http://localhost:8000/#contato","user_agent":"Mozilla/5.0 (Windows NT 10.0; Win64; x64; rv:155.0) Gecko/20100101 Firefox/155.0","timestamp":"2026-09-14T00:33:47.188Z"} 
[2026-09-14 00:33:47] local.DEBUG: [vite] hot updated: /resources/css/app.css {"url":"http://localhost:8000/#contato","user_agent":"Mozilla/5.0 (Windows NT 10.0; Win64; x64; rv:155.0) Gecko/20100101 Firefox/155.0","timestamp":"2026-09-14T00:33:47.188Z"} 
[2026-09-14 00:34:00] local.DEBUG: [vite] hot updated: /resources/js/components/ecovolts/footer.tsx {"url":"http://localhost:8000/#contato","user_agent":"Mozilla/5.0 (Windows NT 10.0; Win64; x64; rv:155.0) Gecko/20100101 Firefox/155.0","timestamp":"2026-09-14T00:34:00.631Z"} 
[2026-09-14 00:34:00] local.DEBUG: [vite] hot updated: /resources/css/app.css {"url":"http://localhost:8000/#contato","user_agent":"Mozilla/5.0 (Windows NT 10.0; Win64; x64; rv:155.0) Gecko/20100101 Firefox/155.0","timestamp":"2026-09-14T00:34:00.631Z"} 
[2026-09-14 00:34:24] local.DEBUG: [vite] hot updated: /resources/js/components/ecovolts/footer.tsx {"url":"http://localhost:8000/#contato","user_agent":"Mozilla/5.0 (Windows NT 10.0; Win64; x64; rv:155.0) Gecko/20100101 Firefox/155.0","timestamp":"2026-09-14T00:34:23.987Z"} 
[2026-09-14 00:34:24] local.DEBUG: [vite] hot updated: /resources/css/app.css {"url":"http://localhost:8000/#contato","user_agent":"Mozilla/5.0 (Windows NT 10.0; Win64; x64; rv:155.0) Gecko/20100101 Firefox/155.0","timestamp":"2026-09-14T00:34:23.987Z"} 
[2026-09-14 00:34:39] local.DEBUG: [vite] hot updated: /resources/js/components/ecovolts/footer.tsx {"url":"http://localhost:8000/#contato","user_agent":"Mozilla/5.0 (Windows NT 10.0; Win64; x64; rv:155.0) Gecko/20100101 Firefox/155.0","timestamp":"2026-09-14T00:34:39.638Z"} 
[2026-09-14 00:34:39] local.DEBUG: [vite] hot updated: /resources/css/app.css {"url":"http://localhost:8000/#contato","user_agent":"Mozilla/5.0 (Windows NT 10.0; Win64; x64; rv:155.0) Gecko/20100101 Firefox/155.0","timestamp":"2026-09-14T00:34:39.638Z"} 
[2026-09-14 00:34:42] local.DEBUG: [vite] hot updated: /resources/js/components/ecovolts/footer.tsx {"url":"http://localhost:8000/#contato","user_agent":"Mozilla/5.0 (Windows NT 10.0; Win64; x64; rv:155.0) Gecko/20100101 Firefox/155.0","timestamp":"2026-09-14T00:34:42.007Z"} 
[2026-09-14 00:34:42] local.DEBUG: [vite] hot updated: /resources/css/app.css {"url":"http://localhost:8000/#contato","user_agent":"Mozilla/5.0 (Windows NT 10.0; Win64; x64; rv:155.0) Gecko/20100101 Firefox/155.0","timestamp":"2026-09-14T00:34:42.007Z"} 
[2026-09-14 00:34:56] local.DEBUG: [vite] hot updated: /resources/js/components/ecovolts/footer.tsx {"url":"http://localhost:8000/#contato","user_agent":"Mozilla/5.0 (Windows NT 10.0; Win64; x64; rv:155.0) Gecko/20100101 Firefox/155.0","timestamp":"2026-09-14T00:34:56.312Z"} 
[2026-09-14 00:34:56] local.DEBUG: [vite] hot updated: /resources/css/app.css {"url":"http://localhost:8000/#contato","user_agent":"Mozilla/5.0 (Windows NT 10.0; Win64; x64; rv:155.0) Gecko/20100101 Firefox/155.0","timestamp":"2026-09-14T00:34:56.312Z"} 
[2026-09-14 00:35:11] local.DEBUG: [vite] hot updated: /resources/js/components/ecovolts/footer.tsx {"url":"http://localhost:8000/#contato","user_agent":"Mozilla/5.0 (Windows NT 10.0; Win64; x64; rv:155.0) Gecko/20100101 Firefox/155.0","timestamp":"2026-09-14T00:35:10.913Z"} 
[2026-09-14 00:35:11] local.DEBUG: [vite] hot updated: /resources/css/app.css {"url":"http://localhost:8000/#contato","user_agent":"Mozilla/5.0 (Windows NT 10.0; Win64; x64; rv:155.0) Gecko/20100101 Firefox/155.0","timestamp":"2026-09-14T00:35:10.913Z"} 
[2026-09-14 00:35:45] local.DEBUG: [vite] hot updated: /resources/js/components/ecovolts/footer.tsx {"url":"http://localhost:8000/#contato","user_agent":"Mozilla/5.0 (Windows NT 10.0; Win64; x64; rv:155.0) Gecko/20100101 Firefox/155.0","timestamp":"2026-09-14T00:35:44.853Z"} 
[2026-09-14 00:35:45] local.DEBUG: [vite] hot updated: /resources/css/app.css {"url":"http://localhost:8000/#contato","user_agent":"Mozilla/5.0 (Windows NT 10.0; Win64; x64; rv:155.0) Gecko/20100101 Firefox/155.0","timestamp":"2026-09-14T00:35:44.853Z"} 
[2026-09-14 00:35:47] local.DEBUG: [vite] connecting... {"url":"http://localhost:8000/#contato","user_agent":"Mozilla/5.0 (Windows NT 10.0; Win64; x64; rv:155.0) Gecko/20100101 Firefox/155.0","timestamp":"2026-09-14T00:35:46.956Z"} 
[2026-09-14 00:35:47] local.INFO: %cDownload the React DevTools for a better development experience: https://react.dev/link/react-devtools font-weight:bold {"url":"http://localhost:8000/#contato","user_agent":"Mozilla/5.0 (Windows NT 10.0; Win64; x64; rv:155.0) Gecko/20100101 Firefox/155.0","timestamp":"2026-09-14T00:35:46.971Z"} 
[2026-09-14 00:35:47] local.DEBUG: [vite] connected. {"url":"http://localhost:8000/#contato","user_agent":"Mozilla/5.0 (Windows NT 10.0; Win64; x64; rv:155.0) Gecko/20100101 Firefox/155.0","timestamp":"2026-09-14T00:35:46.974Z"} 
[2026-09-14 00:35:47] local.ERROR: Each child in a list should have a unique "key" prop.%s%s See https://react.dev/link/warning-keys for more information. Check the render method of `Welcome`. null {"url":"http://localhost:8000/#contato","user_agent":"Mozilla/5.0 (Windows NT 10.0; Win64; x64; rv:155.0) Gecko/20100101 Firefox/155.0","timestamp":"2026-09-14T00:35:46.988Z"} 
[2026-09-14 00:35:47] local.ERROR: Each child in a list should have a unique "key" prop.%s%s See https://react.dev/link/warning-keys for more information. Check the render method of `Footer`. null {"url":"http://localhost:8000/#contato","user_agent":"Mozilla/5.0 (Windows NT 10.0; Win64; x64; rv:155.0) Gecko/20100101 Firefox/155.0","timestamp":"2026-09-14T00:35:46.994Z"} 
[2026-09-14 00:35:54] local.DEBUG: [vite] hot updated: /resources/js/components/ecovolts/footer.tsx {"url":"http://localhost:8000/#contato","user_agent":"Mozilla/5.0 (Windows NT 10.0; Win64; x64; rv:155.0) Gecko/20100101 Firefox/155.0","timestamp":"2026-09-14T00:35:53.826Z"} 
[2026-09-14 00:35:54] local.DEBUG: [vite] hot updated: /resources/css/app.css {"url":"http://localhost:8000/#contato","user_agent":"Mozilla/5.0 (Windows NT 10.0; Win64; x64; rv:155.0) Gecko/20100101 Firefox/155.0","timestamp":"2026-09-14T00:35:53.826Z"} 
[2026-09-14 00:35:55] local.DEBUG: [vite] connecting... {"url":"http://localhost:8000/#contato","user_agent":"Mozilla/5.0 (Windows NT 10.0; Win64; x64; rv:155.0) Gecko/20100101 Firefox/155.0","timestamp":"2026-09-14T00:35:55.166Z"} 
[2026-09-14 00:35:55] local.INFO: %cDownload the React DevTools for a better development experience: https://react.dev/link/react-devtools font-weight:bold {"url":"http://localhost:8000/#contato","user_agent":"Mozilla/5.0 (Windows NT 10.0; Win64; x64; rv:155.0) Gecko/20100101 Firefox/155.0","timestamp":"2026-09-14T00:35:55.180Z"} 
[2026-09-14 00:35:55] local.DEBUG: [vite] connected. {"url":"http://localhost:8000/#contato","user_agent":"Mozilla/5.0 (Windows NT 10.0; Win64; x64; rv:155.0) Gecko/20100101 Firefox/155.0","timestamp":"2026-09-14T00:35:55.183Z"} 
[2026-09-14 00:35:55] local.ERROR: Each child in a list should have a unique "key" prop.%s%s See https://react.dev/link/warning-keys for more information. Check the render method of `Welcome`. null {"url":"http://localhost:8000/#contato","user_agent":"Mozilla/5.0 (Windows NT 10.0; Win64; x64; rv:155.0) Gecko/20100101 Firefox/155.0","timestamp":"2026-09-14T00:35:55.198Z"} 
[2026-09-14 00:35:55] local.ERROR: Each child in a list should have a unique "key" prop.%s%s See https://react.dev/link/warning-keys for more information. Check the render method of `Footer`. null {"url":"http://localhost:8000/#contato","user_agent":"Mozilla/5.0 (Windows NT 10.0; Win64; x64; rv:155.0) Gecko/20100101 Firefox/155.0","timestamp":"2026-09-14T00:35:55.205Z"} 
[2026-09-14 00:35:59] local.DEBUG: [vite] hot updated: /resources/js/components/ecovolts/footer.tsx {"url":"http://localhost:8000/#contato","user_agent":"Mozilla/5.0 (Windows NT 10.0; Win64; x64; rv:155.0) Gecko/20100101 Firefox/155.0","timestamp":"2026-09-14T00:35:59.542Z"} 
[2026-09-14 00:35:59] local.DEBUG: [vite] hot updated: /resources/css/app.css {"url":"http://localhost:8000/#contato","user_agent":"Mozilla/5.0 (Windows NT 10.0; Win64; x64; rv:155.0) Gecko/20100101 Firefox/155.0","timestamp":"2026-09-14T00:35:59.542Z"} 
[2026-09-14 00:36:21] local.DEBUG: [vite] hot updated: /resources/js/components/ecovolts/footer.tsx {"url":"http://localhost:8000/#contato","user_agent":"Mozilla/5.0 (Windows NT 10.0; Win64; x64; rv:155.0) Gecko/20100101 Firefox/155.0","timestamp":"2026-09-14T00:36:21.028Z"} 
[2026-09-14 00:36:21] local.DEBUG: [vite] hot updated: /resources/css/app.css {"url":"http://localhost:8000/#contato","user_agent":"Mozilla/5.0 (Windows NT 10.0; Win64; x64; rv:155.0) Gecko/20100101 Firefox/155.0","timestamp":"2026-09-14T00:36:21.028Z"} 
[2026-09-14 00:38:54] local.DEBUG: [vite] hot updated: /resources/js/layouts/ecovolts-layout.tsx {"url":"http://localhost:8000/#contato","user_agent":"Mozilla/5.0 (Windows NT 10.0; Win64; x64; rv:155.0) Gecko/20100101 Firefox/155.0","timestamp":"2026-09-14T00:38:54.511Z"} 
[2026-09-14 00:38:54] local.DEBUG: [vite] hot updated: /resources/css/app.css {"url":"http://localhost:8000/#contato","user_agent":"Mozilla/5.0 (Windows NT 10.0; Win64; x64; rv:155.0) Gecko/20100101 Firefox/155.0","timestamp":"2026-09-14T00:38:54.511Z"} 
[2026-09-14 00:39:03] local.DEBUG: [vite] hot updated: /resources/js/layouts/ecovolts-layout.tsx {"url":"http://localhost:8000/#contato","user_agent":"Mozilla/5.0 (Windows NT 10.0; Win64; x64; rv:155.0) Gecko/20100101 Firefox/155.0","timestamp":"2026-09-14T00:39:02.876Z"} 
[2026-09-14 00:39:03] local.DEBUG: [vite] hot updated: /resources/css/app.css {"url":"http://localhost:8000/#contato","user_agent":"Mozilla/5.0 (Windows NT 10.0; Win64; x64; rv:155.0) Gecko/20100101 Firefox/155.0","timestamp":"2026-09-14T00:39:02.876Z"} 
[2026-09-14 00:39:08] local.DEBUG: [vite] hot updated: /resources/js/components/ecovolts/footer.tsx {"url":"http://localhost:8000/#contato","user_agent":"Mozilla/5.0 (Windows NT 10.0; Win64; x64; rv:155.0) Gecko/20100101 Firefox/155.0","timestamp":"2026-09-14T00:39:08.237Z"} 
[2026-09-14 00:39:08] local.DEBUG: [vite] hot updated: /resources/css/app.css {"url":"http://localhost:8000/#contato","user_agent":"Mozilla/5.0 (Windows NT 10.0; Win64; x64; rv:155.0) Gecko/20100101 Firefox/155.0","timestamp":"2026-09-14T00:39:08.237Z"} 
[2026-09-14 00:41:05] local.DEBUG: [vite] hot updated: /resources/js/components/ecovolts/footer.tsx {"url":"http://localhost:8000/#contato","user_agent":"Mozilla/5.0 (Windows NT 10.0; Win64; x64; rv:155.0) Gecko/20100101 Firefox/155.0","timestamp":"2026-09-14T00:41:05.492Z"} 
[2026-09-14 00:41:05] local.DEBUG: [vite] hot updated: /resources/css/app.css {"url":"http://localhost:8000/#contato","user_agent":"Mozilla/5.0 (Windows NT 10.0; Win64; x64; rv:155.0) Gecko/20100101 Firefox/155.0","timestamp":"2026-09-14T00:41:05.492Z"} 
[2026-09-14 00:41:29] local.DEBUG: [vite] hot updated: /resources/js/components/ecovolts/footer.tsx {"url":"http://localhost:8000/#contato","user_agent":"Mozilla/5.0 (Windows NT 10.0; Win64; x64; rv:155.0) Gecko/20100101 Firefox/155.0","timestamp":"2026-09-14T00:41:28.811Z"} 
[2026-09-14 00:41:29] local.DEBUG: [vite] hot updated: /resources/css/app.css {"url":"http://localhost:8000/#contato","user_agent":"Mozilla/5.0 (Windows NT 10.0; Win64; x64; rv:155.0) Gecko/20100101 Firefox/155.0","timestamp":"2026-09-14T00:41:28.811Z"} 
[2026-09-14 00:41:32] local.DEBUG: [vite] hot updated: /resources/js/components/ecovolts/footer.tsx {"url":"http://localhost:8000/#contato","user_agent":"Mozilla/5.0 (Windows NT 10.0; Win64; x64; rv:155.0) Gecko/20100101 Firefox/155.0","timestamp":"2026-09-14T00:41:32.378Z"} 
[2026-09-14 00:41:32] local.DEBUG: [vite] hot updated: /resources/css/app.css {"url":"http://localhost:8000/#contato","user_agent":"Mozilla/5.0 (Windows NT 10.0; Win64; x64; rv:155.0) Gecko/20100101 Firefox/155.0","timestamp":"2026-09-14T00:41:32.378Z"} 
[2026-09-14 00:41:50] local.DEBUG: [vite] hot updated: /resources/js/components/ecovolts/footer.tsx {"url":"http://localhost:8000/#contato","user_agent":"Mozilla/5.0 (Windows NT 10.0; Win64; x64; rv:155.0) Gecko/20100101 Firefox/155.0","timestamp":"2026-09-14T00:41:50.614Z"} 
[2026-09-14 00:41:50] local.DEBUG: [vite] hot updated: /resources/css/app.css {"url":"http://localhost:8000/#contato","user_agent":"Mozilla/5.0 (Windows NT 10.0; Win64; x64; rv:155.0) Gecko/20100101 Firefox/155.0","timestamp":"2026-09-14T00:41:50.614Z"} 
[2026-09-14 00:41:54] local.DEBUG: [vite] hot updated: /resources/js/components/ecovolts/footer.tsx {"url":"http://localhost:8000/#contato","user_agent":"Mozilla/5.0 (Windows NT 10.0; Win64; x64; rv:155.0) Gecko/20100101 Firefox/155.0","timestamp":"2026-09-14T00:41:54.731Z"} 
[2026-09-14 00:41:54] local.DEBUG: [vite] hot updated: /resources/css/app.css {"url":"http://localhost:8000/#contato","user_agent":"Mozilla/5.0 (Windows NT 10.0; Win64; x64; rv:155.0) Gecko/20100101 Firefox/155.0","timestamp":"2026-09-14T00:41:54.731Z"} 
[2026-09-14 00:42:25] local.DEBUG: [vite] hot updated: /resources/js/components/ecovolts/footer.tsx {"url":"http://localhost:8000/#contato","user_agent":"Mozilla/5.0 (Windows NT 10.0; Win64; x64; rv:155.0) Gecko/20100101 Firefox/155.0","timestamp":"2026-09-14T00:42:25.365Z"} 
[2026-09-14 00:42:25] local.DEBUG: [vite] hot updated: /resources/css/app.css {"url":"http://localhost:8000/#contato","user_agent":"Mozilla/5.0 (Windows NT 10.0; Win64; x64; rv:155.0) Gecko/20100101 Firefox/155.0","timestamp":"2026-09-14T00:42:25.365Z"} 
[2026-09-14 00:42:27] local.DEBUG: [vite] hot updated: /resources/js/components/ecovolts/footer.tsx {"url":"http://localhost:8000/#contato","user_agent":"Mozilla/5.0 (Windows NT 10.0; Win64; x64; rv:155.0) Gecko/20100101 Firefox/155.0","timestamp":"2026-09-14T00:42:27.503Z"} 
[2026-09-14 00:42:27] local.DEBUG: [vite] hot updated: /resources/css/app.css {"url":"http://localhost:8000/#contato","user_agent":"Mozilla/5.0 (Windows NT 10.0; Win64; x64; rv:155.0) Gecko/20100101 Firefox/155.0","timestamp":"2026-09-14T00:42:27.503Z"} 
[2026-09-14 00:42:37] local.DEBUG: [vite] hot updated: /resources/js/components/ecovolts/footer.tsx {"url":"http://localhost:8000/#contato","user_agent":"Mozilla/5.0 (Windows NT 10.0; Win64; x64; rv:155.0) Gecko/20100101 Firefox/155.0","timestamp":"2026-09-14T00:42:36.876Z"} 
[2026-09-14 00:42:37] local.DEBUG: [vite] hot updated: /resources/css/app.css {"url":"http://localhost:8000/#contato","user_agent":"Mozilla/5.0 (Windows NT 10.0; Win64; x64; rv:155.0) Gecko/20100101 Firefox/155.0","timestamp":"2026-09-14T00:42:36.876Z"} 
[2026-09-14 00:42:38] local.DEBUG: [vite] hot updated: /resources/js/components/ecovolts/footer.tsx {"url":"http://localhost:8000/#contato","user_agent":"Mozilla/5.0 (Windows NT 10.0; Win64; x64; rv:155.0) Gecko/20100101 Firefox/155.0","timestamp":"2026-09-14T00:42:38.395Z"} 
[2026-09-14 00:42:38] local.DEBUG: [vite] hot updated: /resources/css/app.css {"url":"http://localhost:8000/#contato","user_agent":"Mozilla/5.0 (Windows NT 10.0; Win64; x64; rv:155.0) Gecko/20100101 Firefox/155.0","timestamp":"2026-09-14T00:42:38.395Z"} 
[2026-09-14 00:42:43] local.DEBUG: [vite] hot updated: /resources/js/components/ecovolts/footer.tsx {"url":"http://localhost:8000/#contato","user_agent":"Mozilla/5.0 (Windows NT 10.0; Win64; x64; rv:155.0) Gecko/20100101 Firefox/155.0","timestamp":"2026-09-14T00:42:43.567Z"} 
[2026-09-14 00:42:43] local.DEBUG: [vite] hot updated: /resources/css/app.css {"url":"http://localhost:8000/#contato","user_agent":"Mozilla/5.0 (Windows NT 10.0; Win64; x64; rv:155.0) Gecko/20100101 Firefox/155.0","timestamp":"2026-09-14T00:42:43.567Z"} 
[2026-09-14 00:43:37] local.DEBUG: [vite] hot updated: /resources/js/components/ecovolts/footer.tsx {"url":"http://localhost:8000/#contato","user_agent":"Mozilla/5.0 (Windows NT 10.0; Win64; x64; rv:155.0) Gecko/20100101 Firefox/155.0","timestamp":"2026-09-14T00:43:36.814Z"} 
[2026-09-14 00:43:37] local.DEBUG: [vite] hot updated: /resources/css/app.css {"url":"http://localhost:8000/#contato","user_agent":"Mozilla/5.0 (Windows NT 10.0; Win64; x64; rv:155.0) Gecko/20100101 Firefox/155.0","timestamp":"2026-09-14T00:43:36.814Z"} 
[2026-09-14 00:44:03] local.DEBUG: [vite] hot updated: /resources/js/components/ecovolts/footer.tsx {"url":"http://localhost:8000/#contato","user_agent":"Mozilla/5.0 (Windows NT 10.0; Win64; x64; rv:155.0) Gecko/20100101 Firefox/155.0","timestamp":"2026-09-14T00:44:00.443Z"} 
[2026-09-14 00:44:03] local.DEBUG: [vite] hot updated: /resources/css/app.css {"url":"http://localhost:8000/#contato","user_agent":"Mozilla/5.0 (Windows NT 10.0; Win64; x64; rv:155.0) Gecko/20100101 Firefox/155.0","timestamp":"2026-09-14T00:44:00.443Z"} 
[2026-09-14 00:44:05] local.DEBUG: [vite] connecting... {"url":"http://localhost:8000/#contato","user_agent":"Mozilla/5.0 (Windows NT 10.0; Win64; x64; rv:155.0) Gecko/20100101 Firefox/155.0","timestamp":"2026-09-14T00:44:05.472Z"} 
[2026-09-14 00:44:05] local.DEBUG: [vite] connected. {"url":"http://localhost:8000/#contato","user_agent":"Mozilla/5.0 (Windows NT 10.0; Win64; x64; rv:155.0) Gecko/20100101 Firefox/155.0","timestamp":"2026-09-14T00:44:05.482Z"} 
[2026-09-14 00:44:05] local.INFO: %cDownload the React DevTools for a better development experience: https://react.dev/link/react-devtools font-weight:bold {"url":"http://localhost:8000/#contato","user_agent":"Mozilla/5.0 (Windows NT 10.0; Win64; x64; rv:155.0) Gecko/20100101 Firefox/155.0","timestamp":"2026-09-14T00:44:05.487Z"} 
[2026-09-14 00:44:05] local.ERROR: Each child in a list should have a unique "key" prop.%s%s See https://react.dev/link/warning-keys for more information. Check the render method of `Welcome`. null {"url":"http://localhost:8000/#contato","user_agent":"Mozilla/5.0 (Windows NT 10.0; Win64; x64; rv:155.0) Gecko/20100101 Firefox/155.0","timestamp":"2026-09-14T00:44:05.506Z"} 
[2026-09-14 00:44:05] local.ERROR: Each child in a list should have a unique "key" prop.%s%s See https://react.dev/link/warning-keys for more information. Check the render method of `Footer`. null {"url":"http://localhost:8000/#contato","user_agent":"Mozilla/5.0 (Windows NT 10.0; Win64; x64; rv:155.0) Gecko/20100101 Firefox/155.0","timestamp":"2026-09-14T00:44:05.514Z"} 
[2026-09-14 00:44:06] local.DEBUG: [vite] connecting... {"url":"http://localhost:8000/","user_agent":"Mozilla/5.0 (Windows NT 10.0; Win64; x64; rv:155.0) Gecko/20100101 Firefox/155.0","timestamp":"2026-09-14T00:44:06.472Z"} 
[2026-09-14 00:44:06] local.INFO: %cDownload the React DevTools for a better development experience: https://react.dev/link/react-devtools font-weight:bold {"url":"http://localhost:8000/","user_agent":"Mozilla/5.0 (Windows NT 10.0; Win64; x64; rv:155.0) Gecko/20100101 Firefox/155.0","timestamp":"2026-09-14T00:44:06.485Z"} 
[2026-09-14 00:44:06] local.DEBUG: [vite] connected. {"url":"http://localhost:8000/","user_agent":"Mozilla/5.0 (Windows NT 10.0; Win64; x64; rv:155.0) Gecko/20100101 Firefox/155.0","timestamp":"2026-09-14T00:44:06.487Z"} 
[2026-09-14 00:44:06] local.ERROR: Each child in a list should have a unique "key" prop.%s%s See https://react.dev/link/warning-keys for more information. Check the render method of `Welcome`. null {"url":"http://localhost:8000/","user_agent":"Mozilla/5.0 (Windows NT 10.0; Win64; x64; rv:155.0) Gecko/20100101 Firefox/155.0","timestamp":"2026-09-14T00:44:06.496Z"} 
[2026-09-14 00:44:06] local.ERROR: Each child in a list should have a unique "key" prop.%s%s See https://react.dev/link/warning-keys for more information. Check the render method of `Footer`. null {"url":"http://localhost:8000/","user_agent":"Mozilla/5.0 (Windows NT 10.0; Win64; x64; rv:155.0) Gecko/20100101 Firefox/155.0","timestamp":"2026-09-14T00:44:06.502Z"} 
[2026-09-14 00:44:15] local.DEBUG: [vite] hot updated: /resources/js/components/ecovolts/footer.tsx {"url":"http://localhost:8000/","user_agent":"Mozilla/5.0 (Windows NT 10.0; Win64; x64; rv:155.0) Gecko/20100101 Firefox/155.0","timestamp":"2026-09-14T00:44:15.525Z"} 
[2026-09-14 00:44:15] local.DEBUG: [vite] hot updated: /resources/css/app.css {"url":"http://localhost:8000/","user_agent":"Mozilla/5.0 (Windows NT 10.0; Win64; x64; rv:155.0) Gecko/20100101 Firefox/155.0","timestamp":"2026-09-14T00:44:15.525Z"} 
[2026-09-14 00:44:40] local.DEBUG: [vite] hot updated: /resources/js/components/ecovolts/footer.tsx {"url":"http://localhost:8000/","user_agent":"Mozilla/5.0 (Windows NT 10.0; Win64; x64; rv:155.0) Gecko/20100101 Firefox/155.0","timestamp":"2026-09-14T00:44:40.530Z"} 
[2026-09-14 00:44:40] local.DEBUG: [vite] hot updated: /resources/css/app.css {"url":"http://localhost:8000/","user_agent":"Mozilla/5.0 (Windows NT 10.0; Win64; x64; rv:155.0) Gecko/20100101 Firefox/155.0","timestamp":"2026-09-14T00:44:40.530Z"} 
[2026-09-14 00:44:46] local.DEBUG: [vite] hot updated: /resources/js/components/ecovolts/footer.tsx {"url":"http://localhost:8000/","user_agent":"Mozilla/5.0 (Windows NT 10.0; Win64; x64; rv:155.0) Gecko/20100101 Firefox/155.0","timestamp":"2026-09-14T00:44:46.291Z"} 
[2026-09-14 00:44:46] local.DEBUG: [vite] hot updated: /resources/css/app.css {"url":"http://localhost:8000/","user_agent":"Mozilla/5.0 (Windows NT 10.0; Win64; x64; rv:155.0) Gecko/20100101 Firefox/155.0","timestamp":"2026-09-14T00:44:46.291Z"} 
[2026-09-14 00:44:46] local.ERROR: Encountered two children with the same key, `%s`. Keys should be unique so that components maintain their identity across updates. Non-unique keys may cause children to be duplicated and/or omitted — the behavior is unsupported and could change in a future version. null {"url":"http://localhost:8000/","user_agent":"Mozilla/5.0 (Windows NT 10.0; Win64; x64; rv:155.0) Gecko/20100101 Firefox/155.0","timestamp":"2026-09-14T00:44:46.400Z"} 
[2026-09-14 00:44:48] local.DEBUG: [vite] hot updated: /resources/js/components/ecovolts/footer.tsx {"url":"http://localhost:8000/","user_agent":"Mozilla/5.0 (Windows NT 10.0; Win64; x64; rv:155.0) Gecko/20100101 Firefox/155.0","timestamp":"2026-09-14T00:44:48.705Z"} 
[2026-09-14 00:44:48] local.DEBUG: [vite] hot updated: /resources/css/app.css {"url":"http://localhost:8000/","user_agent":"Mozilla/5.0 (Windows NT 10.0; Win64; x64; rv:155.0) Gecko/20100101 Firefox/155.0","timestamp":"2026-09-14T00:44:48.705Z"} 
[2026-09-14 00:44:48] local.ERROR: Encountered two children with the same key, `%s`. Keys should be unique so that components maintain their identity across updates. Non-unique keys may cause children to be duplicated and/or omitted — the behavior is unsupported and could change in a future version. null {"url":"http://localhost:8000/","user_agent":"Mozilla/5.0 (Windows NT 10.0; Win64; x64; rv:155.0) Gecko/20100101 Firefox/155.0","timestamp":"2026-09-14T00:44:48.722Z"} 
[2026-09-14 00:44:48] local.ERROR: Encountered two children with the same key, `%s`. Keys should be unique so that components maintain their identity across updates. Non-unique keys may cause children to be duplicated and/or omitted — the behavior is unsupported and could change in a future version. null {"url":"http://localhost:8000/","user_agent":"Mozilla/5.0 (Windows NT 10.0; Win64; x64; rv:155.0) Gecko/20100101 Firefox/155.0","timestamp":"2026-09-14T00:44:48.722Z"} 
[2026-09-14 00:44:57] local.DEBUG: [vite] hot updated: /resources/js/components/ecovolts/footer.tsx {"url":"http://localhost:8000/","user_agent":"Mozilla/5.0 (Windows NT 10.0; Win64; x64; rv:155.0) Gecko/20100101 Firefox/155.0","timestamp":"2026-09-14T00:44:55.960Z"} 
[2026-09-14 00:44:57] local.DEBUG: [vite] hot updated: /resources/css/app.css {"url":"http://localhost:8000/","user_agent":"Mozilla/5.0 (Windows NT 10.0; Win64; x64; rv:155.0) Gecko/20100101 Firefox/155.0","timestamp":"2026-09-14T00:44:55.960Z"} 
[2026-09-14 00:44:57] local.ERROR: Encountered two children with the same key, `%s`. Keys should be unique so that components maintain their identity across updates. Non-unique keys may cause children to be duplicated and/or omitted — the behavior is unsupported and could change in a future version. null {"url":"http://localhost:8000/","user_agent":"Mozilla/5.0 (Windows NT 10.0; Win64; x64; rv:155.0) Gecko/20100101 Firefox/155.0","timestamp":"2026-09-14T00:44:55.976Z"} 
[2026-09-14 00:45:00] local.DEBUG: [vite] connecting... {"url":"http://localhost:8000/","user_agent":"Mozilla/5.0 (Windows NT 10.0; Win64; x64; rv:155.0) Gecko/20100101 Firefox/155.0","timestamp":"2026-09-14T00:44:59.759Z"} 
[2026-09-14 00:45:00] local.INFO: %cDownload the React DevTools for a better development experience: https://react.dev/link/react-devtools font-weight:bold {"url":"http://localhost:8000/","user_agent":"Mozilla/5.0 (Windows NT 10.0; Win64; x64; rv:155.0) Gecko/20100101 Firefox/155.0","timestamp":"2026-09-14T00:44:59.773Z"} 
[2026-09-14 00:45:00] local.DEBUG: [vite] connected. {"url":"http://localhost:8000/","user_agent":"Mozilla/5.0 (Windows NT 10.0; Win64; x64; rv:155.0) Gecko/20100101 Firefox/155.0","timestamp":"2026-09-14T00:44:59.774Z"} 
[2026-09-14 00:45:00] local.ERROR: Each child in a list should have a unique "key" prop.%s%s See https://react.dev/link/warning-keys for more information. Check the render method of `Welcome`. null {"url":"http://localhost:8000/","user_agent":"Mozilla/5.0 (Windows NT 10.0; Win64; x64; rv:155.0) Gecko/20100101 Firefox/155.0","timestamp":"2026-09-14T00:44:59.787Z"} 
[2026-09-14 00:45:00] local.ERROR: Each child in a list should have a unique "key" prop.%s%s See https://react.dev/link/warning-keys for more information. Check the render method of `Footer`. null {"url":"http://localhost:8000/","user_agent":"Mozilla/5.0 (Windows NT 10.0; Win64; x64; rv:155.0) Gecko/20100101 Firefox/155.0","timestamp":"2026-09-14T00:44:59.792Z"} 
[2026-09-14 00:45:00] local.ERROR: Encountered two children with the same key, `%s`. Keys should be unique so that components maintain their identity across updates. Non-unique keys may cause children to be duplicated and/or omitted — the behavior is unsupported and could change in a future version. null {"url":"http://localhost:8000/","user_agent":"Mozilla/5.0 (Windows NT 10.0; Win64; x64; rv:155.0) Gecko/20100101 Firefox/155.0","timestamp":"2026-09-14T00:44:59.793Z"} 
[2026-09-14 00:45:00] local.ERROR: Encountered two children with the same key, `%s`. Keys should be unique so that components maintain their identity across updates. Non-unique keys may cause children to be duplicated and/or omitted — the behavior is unsupported and could change in a future version. null {"url":"http://localhost:8000/","user_agent":"Mozilla/5.0 (Windows NT 10.0; Win64; x64; rv:155.0) Gecko/20100101 Firefox/155.0","timestamp":"2026-09-14T00:44:59.811Z"} 
[2026-09-14 00:45:03] local.DEBUG: [vite] hot updated: /resources/js/components/ecovolts/footer.tsx {"url":"http://localhost:8000/","user_agent":"Mozilla/5.0 (Windows NT 10.0; Win64; x64; rv:155.0) Gecko/20100101 Firefox/155.0","timestamp":"2026-09-14T00:45:03.743Z"} 
[2026-09-14 00:45:03] local.DEBUG: [vite] hot updated: /resources/css/app.css {"url":"http://localhost:8000/","user_agent":"Mozilla/5.0 (Windows NT 10.0; Win64; x64; rv:155.0) Gecko/20100101 Firefox/155.0","timestamp":"2026-09-14T00:45:03.743Z"} 
[2026-09-14 00:45:03] local.ERROR: Encountered two children with the same key, `%s`. Keys should be unique so that components maintain their identity across updates. Non-unique keys may cause children to be duplicated and/or omitted — the behavior is unsupported and could change in a future version. null {"url":"http://localhost:8000/","user_agent":"Mozilla/5.0 (Windows NT 10.0; Win64; x64; rv:155.0) Gecko/20100101 Firefox/155.0","timestamp":"2026-09-14T00:45:03.761Z"} 
[2026-09-14 00:45:03] local.ERROR: Encountered two children with the same key, `%s`. Keys should be unique so that components maintain their identity across updates. Non-unique keys may cause children to be duplicated and/or omitted — the behavior is unsupported and could change in a future version. null {"url":"http://localhost:8000/","user_agent":"Mozilla/5.0 (Windows NT 10.0; Win64; x64; rv:155.0) Gecko/20100101 Firefox/155.0","timestamp":"2026-09-14T00:45:03.762Z"} 
[2026-09-14 00:45:05] local.DEBUG: [vite] connecting... {"url":"http://localhost:8000/","user_agent":"Mozilla/5.0 (Windows NT 10.0; Win64; x64; rv:155.0) Gecko/20100101 Firefox/155.0","timestamp":"2026-09-14T00:45:05.106Z"} 
[2026-09-14 00:45:05] local.DEBUG: [vite] connected. {"url":"http://localhost:8000/","user_agent":"Mozilla/5.0 (Windows NT 10.0; Win64; x64; rv:155.0) Gecko/20100101 Firefox/155.0","timestamp":"2026-09-14T00:45:05.116Z"} 
[2026-09-14 00:45:05] local.INFO: %cDownload the React DevTools for a better development experience: https://react.dev/link/react-devtools font-weight:bold {"url":"http://localhost:8000/","user_agent":"Mozilla/5.0 (Windows NT 10.0; Win64; x64; rv:155.0) Gecko/20100101 Firefox/155.0","timestamp":"2026-09-14T00:45:05.119Z"} 
[2026-09-14 00:45:05] local.ERROR: Each child in a list should have a unique "key" prop.%s%s See https://react.dev/link/warning-keys for more information. Check the render method of `Welcome`. null {"url":"http://localhost:8000/","user_agent":"Mozilla/5.0 (Windows NT 10.0; Win64; x64; rv:155.0) Gecko/20100101 Firefox/155.0","timestamp":"2026-09-14T00:45:05.134Z"} 
[2026-09-14 00:45:05] local.ERROR: Each child in a list should have a unique "key" prop.%s%s See https://react.dev/link/warning-keys for more information. Check the render method of `Footer`. null {"url":"http://localhost:8000/","user_agent":"Mozilla/5.0 (Windows NT 10.0; Win64; x64; rv:155.0) Gecko/20100101 Firefox/155.0","timestamp":"2026-09-14T00:45:05.140Z"} 
[2026-09-14 00:45:05] local.ERROR: Encountered two children with the same key, `%s`. Keys should be unique so that components maintain their identity across updates. Non-unique keys may cause children to be duplicated and/or omitted — the behavior is unsupported and could change in a future version. null {"url":"http://localhost:8000/","user_agent":"Mozilla/5.0 (Windows NT 10.0; Win64; x64; rv:155.0) Gecko/20100101 Firefox/155.0","timestamp":"2026-09-14T00:45:05.140Z"} 
[2026-09-14 00:45:05] local.ERROR: Encountered two children with the same key, `%s`. Keys should be unique so that components maintain their identity across updates. Non-unique keys may cause children to be duplicated and/or omitted — the behavior is unsupported and could change in a future version. null {"url":"http://localhost:8000/","user_agent":"Mozilla/5.0 (Windows NT 10.0; Win64; x64; rv:155.0) Gecko/20100101 Firefox/155.0","timestamp":"2026-09-14T00:45:05.140Z"} 
[2026-09-14 00:45:05] local.ERROR: Encountered two children with the same key, `%s`. Keys should be unique so that components maintain their identity across updates. Non-unique keys may cause children to be duplicated and/or omitted — the behavior is unsupported and could change in a future version. null {"url":"http://localhost:8000/","user_agent":"Mozilla/5.0 (Windows NT 10.0; Win64; x64; rv:155.0) Gecko/20100101 Firefox/155.0","timestamp":"2026-09-14T00:45:05.154Z"} 
[2026-09-14 00:45:05] local.ERROR: Encountered two children with the same key, `%s`. Keys should be unique so that components maintain their identity across updates. Non-unique keys may cause children to be duplicated and/or omitted — the behavior is unsupported and could change in a future version. null {"url":"http://localhost:8000/","user_agent":"Mozilla/5.0 (Windows NT 10.0; Win64; x64; rv:155.0) Gecko/20100101 Firefox/155.0","timestamp":"2026-09-14T00:45:05.155Z"} 
[2026-09-14 00:45:23] local.DEBUG: [vite] hot updated: /resources/js/components/ecovolts/footer.tsx {"url":"http://localhost:8000/","user_agent":"Mozilla/5.0 (Windows NT 10.0; Win64; x64; rv:155.0) Gecko/20100101 Firefox/155.0","timestamp":"2026-09-14T00:45:22.014Z"} 
[2026-09-14 00:45:23] local.DEBUG: [vite] hot updated: /resources/css/app.css {"url":"http://localhost:8000/","user_agent":"Mozilla/5.0 (Windows NT 10.0; Win64; x64; rv:155.0) Gecko/20100101 Firefox/155.0","timestamp":"2026-09-14T00:45:22.014Z"} 
[2026-09-14 00:45:25] local.DEBUG: [vite] connecting... {"url":"http://localhost:8000/","user_agent":"Mozilla/5.0 (Windows NT 10.0; Win64; x64; rv:155.0) Gecko/20100101 Firefox/155.0","timestamp":"2026-09-14T00:45:23.615Z"} 
[2026-09-14 00:45:25] local.DEBUG: [vite] connected. {"url":"http://localhost:8000/","user_agent":"Mozilla/5.0 (Windows NT 10.0; Win64; x64; rv:155.0) Gecko/20100101 Firefox/155.0","timestamp":"2026-09-14T00:45:23.623Z"} 
[2026-09-14 00:45:25] local.INFO: %cDownload the React DevTools for a better development experience: https://react.dev/link/react-devtools font-weight:bold {"url":"http://localhost:8000/","user_agent":"Mozilla/5.0 (Windows NT 10.0; Win64; x64; rv:155.0) Gecko/20100101 Firefox/155.0","timestamp":"2026-09-14T00:45:23.627Z"} 
[2026-09-14 00:45:25] local.ERROR: Each child in a list should have a unique "key" prop.%s%s See https://react.dev/link/warning-keys for more information. Check the render method of `Welcome`. null {"url":"http://localhost:8000/","user_agent":"Mozilla/5.0 (Windows NT 10.0; Win64; x64; rv:155.0) Gecko/20100101 Firefox/155.0","timestamp":"2026-09-14T00:45:23.639Z"} 
[2026-09-14 00:45:25] local.ERROR: Each child in a list should have a unique "key" prop.%s%s See https://react.dev/link/warning-keys for more information. Check the render method of `Footer`. null {"url":"http://localhost:8000/","user_agent":"Mozilla/5.0 (Windows NT 10.0; Win64; x64; rv:155.0) Gecko/20100101 Firefox/155.0","timestamp":"2026-09-14T00:45:23.648Z"} 
[2026-09-14 00:45:25] local.ERROR: Encountered two children with the same key, `%s`. Keys should be unique so that components maintain their identity across updates. Non-unique keys may cause children to be duplicated and/or omitted — the behavior is unsupported and could change in a future version. null {"url":"http://localhost:8000/","user_agent":"Mozilla/5.0 (Windows NT 10.0; Win64; x64; rv:155.0) Gecko/20100101 Firefox/155.0","timestamp":"2026-09-14T00:45:23.648Z"} 
[2026-09-14 00:45:25] local.ERROR: Encountered two children with the same key, `%s`. Keys should be unique so that components maintain their identity across updates. Non-unique keys may cause children to be duplicated and/or omitted — the behavior is unsupported and could change in a future version. null {"url":"http://localhost:8000/","user_agent":"Mozilla/5.0 (Windows NT 10.0; Win64; x64; rv:155.0) Gecko/20100101 Firefox/155.0","timestamp":"2026-09-14T00:45:23.648Z"} 
[2026-09-14 00:45:25] local.ERROR: Encountered two children with the same key, `%s`. Keys should be unique so that components maintain their identity across updates. Non-unique keys may cause children to be duplicated and/or omitted — the behavior is unsupported and could change in a future version. null {"url":"http://localhost:8000/","user_agent":"Mozilla/5.0 (Windows NT 10.0; Win64; x64; rv:155.0) Gecko/20100101 Firefox/155.0","timestamp":"2026-09-14T00:45:23.667Z"} 
[2026-09-14 00:45:25] local.ERROR: Encountered two children with the same key, `%s`. Keys should be unique so that components maintain their identity across updates. Non-unique keys may cause children to be duplicated and/or omitted — the behavior is unsupported and could change in a future version. null {"url":"http://localhost:8000/","user_agent":"Mozilla/5.0 (Windows NT 10.0; Win64; x64; rv:155.0) Gecko/20100101 Firefox/155.0","timestamp":"2026-09-14T00:45:23.667Z"} 
[2026-09-14 00:46:29] local.DEBUG: [vite] hot updated: /resources/js/components/ecovolts/footer.tsx {"url":"http://localhost:8000/","user_agent":"Mozilla/5.0 (Windows NT 10.0; Win64; x64; rv:155.0) Gecko/20100101 Firefox/155.0","timestamp":"2026-09-14T00:46:28.279Z"} 
[2026-09-14 00:46:29] local.DEBUG: [vite] hot updated: /resources/css/app.css {"url":"http://localhost:8000/","user_agent":"Mozilla/5.0 (Windows NT 10.0; Win64; x64; rv:155.0) Gecko/20100101 Firefox/155.0","timestamp":"2026-09-14T00:46:28.279Z"} 
[2026-09-14 00:46:29] local.ERROR: Encountered two children with the same key, `%s`. Keys should be unique so that components maintain their identity across updates. Non-unique keys may cause children to be duplicated and/or omitted — the behavior is unsupported and could change in a future version. null {"url":"http://localhost:8000/","user_agent":"Mozilla/5.0 (Windows NT 10.0; Win64; x64; rv:155.0) Gecko/20100101 Firefox/155.0","timestamp":"2026-09-14T00:46:28.893Z"} 
[2026-09-14 00:46:29] local.ERROR: Encountered two children with the same key, `%s`. Keys should be unique so that components maintain their identity across updates. Non-unique keys may cause children to be duplicated and/or omitted — the behavior is unsupported and could change in a future version. null {"url":"http://localhost:8000/","user_agent":"Mozilla/5.0 (Windows NT 10.0; Win64; x64; rv:155.0) Gecko/20100101 Firefox/155.0","timestamp":"2026-09-14T00:46:28.893Z"} 
[2026-09-14 00:47:37] local.DEBUG: [vite] hot updated: /resources/js/components/ecovolts/footer.tsx {"url":"http://localhost:8000/","user_agent":"Mozilla/5.0 (Windows NT 10.0; Win64; x64; rv:155.0) Gecko/20100101 Firefox/155.0","timestamp":"2026-09-14T00:47:36.837Z"} 
[2026-09-14 00:47:37] local.DEBUG: [vite] hot updated: /resources/css/app.css {"url":"http://localhost:8000/","user_agent":"Mozilla/5.0 (Windows NT 10.0; Win64; x64; rv:155.0) Gecko/20100101 Firefox/155.0","timestamp":"2026-09-14T00:47:36.837Z"} 
[2026-09-14 00:47:37] local.ERROR: Encountered two children with the same key, `%s`. Keys should be unique so that components maintain their identity across updates. Non-unique keys may cause children to be duplicated and/or omitted — the behavior is unsupported and could change in a future version. null {"url":"http://localhost:8000/","user_agent":"Mozilla/5.0 (Windows NT 10.0; Win64; x64; rv:155.0) Gecko/20100101 Firefox/155.0","timestamp":"2026-09-14T00:47:36.858Z"} 
[2026-09-14 00:47:37] local.ERROR: Encountered two children with the same key, `%s`. Keys should be unique so that components maintain their identity across updates. Non-unique keys may cause children to be duplicated and/or omitted — the behavior is unsupported and could change in a future version. null {"url":"http://localhost:8000/","user_agent":"Mozilla/5.0 (Windows NT 10.0; Win64; x64; rv:155.0) Gecko/20100101 Firefox/155.0","timestamp":"2026-09-14T00:47:36.858Z"} 
[2026-09-14 00:47:44] local.DEBUG: [vite] hot updated: /resources/js/components/ecovolts/footer.tsx {"url":"http://localhost:8000/","user_agent":"Mozilla/5.0 (Windows NT 10.0; Win64; x64; rv:155.0) Gecko/20100101 Firefox/155.0","timestamp":"2026-09-14T00:47:44.648Z"} 
[2026-09-14 00:47:44] local.DEBUG: [vite] hot updated: /resources/css/app.css {"url":"http://localhost:8000/","user_agent":"Mozilla/5.0 (Windows NT 10.0; Win64; x64; rv:155.0) Gecko/20100101 Firefox/155.0","timestamp":"2026-09-14T00:47:44.648Z"} 
[2026-09-14 00:47:44] local.ERROR: Encountered two children with the same key, `%s`. Keys should be unique so that components maintain their identity across updates. Non-unique keys may cause children to be duplicated and/or omitted — the behavior is unsupported and could change in a future version. null {"url":"http://localhost:8000/","user_agent":"Mozilla/5.0 (Windows NT 10.0; Win64; x64; rv:155.0) Gecko/20100101 Firefox/155.0","timestamp":"2026-09-14T00:47:44.666Z"} 
[2026-09-14 00:47:44] local.ERROR: Encountered two children with the same key, `%s`. Keys should be unique so that components maintain their identity across updates. Non-unique keys may cause children to be duplicated and/or omitted — the behavior is unsupported and could change in a future version. null {"url":"http://localhost:8000/","user_agent":"Mozilla/5.0 (Windows NT 10.0; Win64; x64; rv:155.0) Gecko/20100101 Firefox/155.0","timestamp":"2026-09-14T00:47:44.666Z"} 
[2026-09-14 00:47:50] local.DEBUG: [vite] hot updated: /resources/js/components/ecovolts/footer.tsx {"url":"http://localhost:8000/","user_agent":"Mozilla/5.0 (Windows NT 10.0; Win64; x64; rv:155.0) Gecko/20100101 Firefox/155.0","timestamp":"2026-09-14T00:47:49.887Z"} 
[2026-09-14 00:47:50] local.DEBUG: [vite] hot updated: /resources/css/app.css {"url":"http://localhost:8000/","user_agent":"Mozilla/5.0 (Windows NT 10.0; Win64; x64; rv:155.0) Gecko/20100101 Firefox/155.0","timestamp":"2026-09-14T00:47:49.887Z"} 
[2026-09-14 00:47:50] local.ERROR: Encountered two children with the same key, `%s`. Keys should be unique so that components maintain their identity across updates. Non-unique keys may cause children to be duplicated and/or omitted — the behavior is unsupported and could change in a future version. null {"url":"http://localhost:8000/","user_agent":"Mozilla/5.0 (Windows NT 10.0; Win64; x64; rv:155.0) Gecko/20100101 Firefox/155.0","timestamp":"2026-09-14T00:47:49.904Z"} 
[2026-09-14 00:47:50] local.ERROR: Encountered two children with the same key, `%s`. Keys should be unique so that components maintain their identity across updates. Non-unique keys may cause children to be duplicated and/or omitted — the behavior is unsupported and could change in a future version. null {"url":"http://localhost:8000/","user_agent":"Mozilla/5.0 (Windows NT 10.0; Win64; x64; rv:155.0) Gecko/20100101 Firefox/155.0","timestamp":"2026-09-14T00:47:49.904Z"} 
[2026-09-14 00:47:58] local.DEBUG: [vite] hot updated: /resources/js/components/ecovolts/footer.tsx {"url":"http://localhost:8000/","user_agent":"Mozilla/5.0 (Windows NT 10.0; Win64; x64; rv:155.0) Gecko/20100101 Firefox/155.0","timestamp":"2026-09-14T00:47:58.512Z"} 
[2026-09-14 00:47:58] local.DEBUG: [vite] hot updated: /resources/css/app.css {"url":"http://localhost:8000/","user_agent":"Mozilla/5.0 (Windows NT 10.0; Win64; x64; rv:155.0) Gecko/20100101 Firefox/155.0","timestamp":"2026-09-14T00:47:58.512Z"} 
[2026-09-14 00:47:58] local.ERROR: Encountered two children with the same key, `%s`. Keys should be unique so that components maintain their identity across updates. Non-unique keys may cause children to be duplicated and/or omitted — the behavior is unsupported and could change in a future version. null {"url":"http://localhost:8000/","user_agent":"Mozilla/5.0 (Windows NT 10.0; Win64; x64; rv:155.0) Gecko/20100101 Firefox/155.0","timestamp":"2026-09-14T00:47:58.529Z"} 
[2026-09-14 00:47:58] local.ERROR: Encountered two children with the same key, `%s`. Keys should be unique so that components maintain their identity across updates. Non-unique keys may cause children to be duplicated and/or omitted — the behavior is unsupported and could change in a future version. null {"url":"http://localhost:8000/","user_agent":"Mozilla/5.0 (Windows NT 10.0; Win64; x64; rv:155.0) Gecko/20100101 Firefox/155.0","timestamp":"2026-09-14T00:47:58.529Z"} 
[2026-09-14 00:48:00] local.DEBUG: [vite] hot updated: /resources/js/components/ecovolts/footer.tsx {"url":"http://localhost:8000/","user_agent":"Mozilla/5.0 (Windows NT 10.0; Win64; x64; rv:155.0) Gecko/20100101 Firefox/155.0","timestamp":"2026-09-14T00:47:59.799Z"} 
[2026-09-14 00:48:00] local.DEBUG: [vite] hot updated: /resources/css/app.css {"url":"http://localhost:8000/","user_agent":"Mozilla/5.0 (Windows NT 10.0; Win64; x64; rv:155.0) Gecko/20100101 Firefox/155.0","timestamp":"2026-09-14T00:47:59.799Z"} 
[2026-09-14 00:48:00] local.ERROR: Encountered two children with the same key, `%s`. Keys should be unique so that components maintain their identity across updates. Non-unique keys may cause children to be duplicated and/or omitted — the behavior is unsupported and could change in a future version. null {"url":"http://localhost:8000/","user_agent":"Mozilla/5.0 (Windows NT 10.0; Win64; x64; rv:155.0) Gecko/20100101 Firefox/155.0","timestamp":"2026-09-14T00:47:59.816Z"} 
[2026-09-14 00:48:00] local.ERROR: Encountered two children with the same key, `%s`. Keys should be unique so that components maintain their identity across updates. Non-unique keys may cause children to be duplicated and/or omitted — the behavior is unsupported and could change in a future version. null {"url":"http://localhost:8000/","user_agent":"Mozilla/5.0 (Windows NT 10.0; Win64; x64; rv:155.0) Gecko/20100101 Firefox/155.0","timestamp":"2026-09-14T00:47:59.816Z"} 
[2026-09-14 00:48:01] local.DEBUG: [vite] connecting... {"url":"http://localhost:8000/","user_agent":"Mozilla/5.0 (Windows NT 10.0; Win64; x64; rv:155.0) Gecko/20100101 Firefox/155.0","timestamp":"2026-09-14T00:48:00.886Z"} 
[2026-09-14 00:48:01] local.INFO: %cDownload the React DevTools for a better development experience: https://react.dev/link/react-devtools font-weight:bold {"url":"http://localhost:8000/","user_agent":"Mozilla/5.0 (Windows NT 10.0; Win64; x64; rv:155.0) Gecko/20100101 Firefox/155.0","timestamp":"2026-09-14T00:48:00.896Z"} 
[2026-09-14 00:48:01] local.DEBUG: [vite] connected. {"url":"http://localhost:8000/","user_agent":"Mozilla/5.0 (Windows NT 10.0; Win64; x64; rv:155.0) Gecko/20100101 Firefox/155.0","timestamp":"2026-09-14T00:48:00.901Z"} 
[2026-09-14 00:48:01] local.ERROR: Each child in a list should have a unique "key" prop.%s%s See https://react.dev/link/warning-keys for more information. Check the render method of `Welcome`. null {"url":"http://localhost:8000/","user_agent":"Mozilla/5.0 (Windows NT 10.0; Win64; x64; rv:155.0) Gecko/20100101 Firefox/155.0","timestamp":"2026-09-14T00:48:00.915Z"} 
[2026-09-14 00:48:01] local.ERROR: Each child in a list should have a unique "key" prop.%s%s See https://react.dev/link/warning-keys for more information. Check the render method of `Footer`. null {"url":"http://localhost:8000/","user_agent":"Mozilla/5.0 (Windows NT 10.0; Win64; x64; rv:155.0) Gecko/20100101 Firefox/155.0","timestamp":"2026-09-14T00:48:00.920Z"} 
[2026-09-14 00:48:01] local.ERROR: Encountered two children with the same key, `%s`. Keys should be unique so that components maintain their identity across updates. Non-unique keys may cause children to be duplicated and/or omitted — the behavior is unsupported and could change in a future version. null {"url":"http://localhost:8000/","user_agent":"Mozilla/5.0 (Windows NT 10.0; Win64; x64; rv:155.0) Gecko/20100101 Firefox/155.0","timestamp":"2026-09-14T00:48:00.921Z"} 
[2026-09-14 00:48:01] local.ERROR: Encountered two children with the same key, `%s`. Keys should be unique so that components maintain their identity across updates. Non-unique keys may cause children to be duplicated and/or omitted — the behavior is unsupported and could change in a future version. null {"url":"http://localhost:8000/","user_agent":"Mozilla/5.0 (Windows NT 10.0; Win64; x64; rv:155.0) Gecko/20100101 Firefox/155.0","timestamp":"2026-09-14T00:48:00.921Z"} 
[2026-09-14 00:48:01] local.ERROR: Encountered two children with the same key, `%s`. Keys should be unique so that components maintain their identity across updates. Non-unique keys may cause children to be duplicated and/or omitted — the behavior is unsupported and could change in a future version. null {"url":"http://localhost:8000/","user_agent":"Mozilla/5.0 (Windows NT 10.0; Win64; x64; rv:155.0) Gecko/20100101 Firefox/155.0","timestamp":"2026-09-14T00:48:00.936Z"} 
[2026-09-14 00:48:01] local.ERROR: Encountered two children with the same key, `%s`. Keys should be unique so that components maintain their identity across updates. Non-unique keys may cause children to be duplicated and/or omitted — the behavior is unsupported and could change in a future version. null {"url":"http://localhost:8000/","user_agent":"Mozilla/5.0 (Windows NT 10.0; Win64; x64; rv:155.0) Gecko/20100101 Firefox/155.0","timestamp":"2026-09-14T00:48:00.936Z"} 
[2026-09-14 00:48:06] local.DEBUG: [vite] hot updated: /resources/js/components/ecovolts/footer.tsx {"url":"http://localhost:8000/","user_agent":"Mozilla/5.0 (Windows NT 10.0; Win64; x64; rv:155.0) Gecko/20100101 Firefox/155.0","timestamp":"2026-09-14T00:48:06.433Z"} 
[2026-09-14 00:48:06] local.DEBUG: [vite] hot updated: /resources/css/app.css {"url":"http://localhost:8000/","user_agent":"Mozilla/5.0 (Windows NT 10.0; Win64; x64; rv:155.0) Gecko/20100101 Firefox/155.0","timestamp":"2026-09-14T00:48:06.433Z"} 
[2026-09-14 00:48:06] local.ERROR: Encountered two children with the same key, `%s`. Keys should be unique so that components maintain their identity across updates. Non-unique keys may cause children to be duplicated and/or omitted — the behavior is unsupported and could change in a future version. null {"url":"http://localhost:8000/","user_agent":"Mozilla/5.0 (Windows NT 10.0; Win64; x64; rv:155.0) Gecko/20100101 Firefox/155.0","timestamp":"2026-09-14T00:48:06.451Z"} 
[2026-09-14 00:48:06] local.ERROR: Encountered two children with the same key, `%s`. Keys should be unique so that components maintain their identity across updates. Non-unique keys may cause children to be duplicated and/or omitted — the behavior is unsupported and could change in a future version. null {"url":"http://localhost:8000/","user_agent":"Mozilla/5.0 (Windows NT 10.0; Win64; x64; rv:155.0) Gecko/20100101 Firefox/155.0","timestamp":"2026-09-14T00:48:06.451Z"} 
[2026-09-14 00:48:11] local.DEBUG: [vite] hot updated: /resources/js/components/ecovolts/footer.tsx {"url":"http://localhost:8000/","user_agent":"Mozilla/5.0 (Windows NT 10.0; Win64; x64; rv:155.0) Gecko/20100101 Firefox/155.0","timestamp":"2026-09-14T00:48:11.573Z"} 
[2026-09-14 00:48:11] local.DEBUG: [vite] hot updated: /resources/css/app.css {"url":"http://localhost:8000/","user_agent":"Mozilla/5.0 (Windows NT 10.0; Win64; x64; rv:155.0) Gecko/20100101 Firefox/155.0","timestamp":"2026-09-14T00:48:11.573Z"} 
[2026-09-14 00:48:11] local.ERROR: Encountered two children with the same key, `%s`. Keys should be unique so that components maintain their identity across updates. Non-unique keys may cause children to be duplicated and/or omitted — the behavior is unsupported and could change in a future version. null {"url":"http://localhost:8000/","user_agent":"Mozilla/5.0 (Windows NT 10.0; Win64; x64; rv:155.0) Gecko/20100101 Firefox/155.0","timestamp":"2026-09-14T00:48:11.592Z"} 
[2026-09-14 00:48:11] local.ERROR: Encountered two children with the same key, `%s`. Keys should be unique so that components maintain their identity across updates. Non-unique keys may cause children to be duplicated and/or omitted — the behavior is unsupported and could change in a future version. null {"url":"http://localhost:8000/","user_agent":"Mozilla/5.0 (Windows NT 10.0; Win64; x64; rv:155.0) Gecko/20100101 Firefox/155.0","timestamp":"2026-09-14T00:48:11.592Z"} 
[2026-09-14 00:48:13] local.DEBUG: [vite] connecting... {"url":"http://localhost:8000/","user_agent":"Mozilla/5.0 (Windows NT 10.0; Win64; x64; rv:155.0) Gecko/20100101 Firefox/155.0","timestamp":"2026-09-14T00:48:13.165Z"} 
[2026-09-14 00:48:13] local.INFO: %cDownload the React DevTools for a better development experience: https://react.dev/link/react-devtools font-weight:bold {"url":"http://localhost:8000/","user_agent":"Mozilla/5.0 (Windows NT 10.0; Win64; x64; rv:155.0) Gecko/20100101 Firefox/155.0","timestamp":"2026-09-14T00:48:13.180Z"} 
[2026-09-14 00:48:13] local.DEBUG: [vite] connected. {"url":"http://localhost:8000/","user_agent":"Mozilla/5.0 (Windows NT 10.0; Win64; x64; rv:155.0) Gecko/20100101 Firefox/155.0","timestamp":"2026-09-14T00:48:13.181Z"} 
[2026-09-14 00:48:13] local.ERROR: Each child in a list should have a unique "key" prop.%s%s See https://react.dev/link/warning-keys for more information. Check the render method of `Welcome`. null {"url":"http://localhost:8000/","user_agent":"Mozilla/5.0 (Windows NT 10.0; Win64; x64; rv:155.0) Gecko/20100101 Firefox/155.0","timestamp":"2026-09-14T00:48:13.196Z"} 
[2026-09-14 00:48:13] local.ERROR: Each child in a list should have a unique "key" prop.%s%s See https://react.dev/link/warning-keys for more information. Check the render method of `Footer`. null {"url":"http://localhost:8000/","user_agent":"Mozilla/5.0 (Windows NT 10.0; Win64; x64; rv:155.0) Gecko/20100101 Firefox/155.0","timestamp":"2026-09-14T00:48:13.202Z"} 
[2026-09-14 00:48:13] local.ERROR: Encountered two children with the same key, `%s`. Keys should be unique so that components maintain their identity across updates. Non-unique keys may cause children to be duplicated and/or omitted — the behavior is unsupported and could change in a future version. null {"url":"http://localhost:8000/","user_agent":"Mozilla/5.0 (Windows NT 10.0; Win64; x64; rv:155.0) Gecko/20100101 Firefox/155.0","timestamp":"2026-09-14T00:48:13.202Z"} 
[2026-09-14 00:48:13] local.ERROR: Encountered two children with the same key, `%s`. Keys should be unique so that components maintain their identity across updates. Non-unique keys may cause children to be duplicated and/or omitted — the behavior is unsupported and could change in a future version. null {"url":"http://localhost:8000/","user_agent":"Mozilla/5.0 (Windows NT 10.0; Win64; x64; rv:155.0) Gecko/20100101 Firefox/155.0","timestamp":"2026-09-14T00:48:13.202Z"} 
[2026-09-14 00:48:13] local.ERROR: Encountered two children with the same key, `%s`. Keys should be unique so that components maintain their identity across updates. Non-unique keys may cause children to be duplicated and/or omitted — the behavior is unsupported and could change in a future version. null {"url":"http://localhost:8000/","user_agent":"Mozilla/5.0 (Windows NT 10.0; Win64; x64; rv:155.0) Gecko/20100101 Firefox/155.0","timestamp":"2026-09-14T00:48:13.214Z"} 
[2026-09-14 00:48:13] local.ERROR: Encountered two children with the same key, `%s`. Keys should be unique so that components maintain their identity across updates. Non-unique keys may cause children to be duplicated and/or omitted — the behavior is unsupported and could change in a future version. null {"url":"http://localhost:8000/","user_agent":"Mozilla/5.0 (Windows NT 10.0; Win64; x64; rv:155.0) Gecko/20100101 Firefox/155.0","timestamp":"2026-09-14T00:48:13.214Z"} 
[2026-09-14 00:48:26] local.DEBUG: [vite] hot updated: /resources/js/components/ecovolts/footer.tsx {"url":"http://localhost:8000/","user_agent":"Mozilla/5.0 (Windows NT 10.0; Win64; x64; rv:155.0) Gecko/20100101 Firefox/155.0","timestamp":"2026-09-14T00:48:26.215Z"} 
[2026-09-14 00:48:26] local.DEBUG: [vite] hot updated: /resources/css/app.css {"url":"http://localhost:8000/","user_agent":"Mozilla/5.0 (Windows NT 10.0; Win64; x64; rv:155.0) Gecko/20100101 Firefox/155.0","timestamp":"2026-09-14T00:48:26.215Z"} 
[2026-09-14 00:48:26] local.ERROR: Encountered two children with the same key, `%s`. Keys should be unique so that components maintain their identity across updates. Non-unique keys may cause children to be duplicated and/or omitted — the behavior is unsupported and could change in a future version. null {"url":"http://localhost:8000/","user_agent":"Mozilla/5.0 (Windows NT 10.0; Win64; x64; rv:155.0) Gecko/20100101 Firefox/155.0","timestamp":"2026-09-14T00:48:26.236Z"} 
[2026-09-14 00:48:26] local.ERROR: Encountered two children with the same key, `%s`. Keys should be unique so that components maintain their identity across updates. Non-unique keys may cause children to be duplicated and/or omitted — the behavior is unsupported and could change in a future version. null {"url":"http://localhost:8000/","user_agent":"Mozilla/5.0 (Windows NT 10.0; Win64; x64; rv:155.0) Gecko/20100101 Firefox/155.0","timestamp":"2026-09-14T00:48:26.236Z"} 
[2026-09-14 00:48:27] local.DEBUG: [vite] connecting... {"url":"http://localhost:8000/","user_agent":"Mozilla/5.0 (Windows NT 10.0; Win64; x64; rv:155.0) Gecko/20100101 Firefox/155.0","timestamp":"2026-09-14T00:48:27.483Z"} 
[2026-09-14 00:48:27] local.INFO: %cDownload the React DevTools for a better development experience: https://react.dev/link/react-devtools font-weight:bold {"url":"http://localhost:8000/","user_agent":"Mozilla/5.0 (Windows NT 10.0; Win64; x64; rv:155.0) Gecko/20100101 Firefox/155.0","timestamp":"2026-09-14T00:48:27.490Z"} 
[2026-09-14 00:48:27] local.DEBUG: [vite] connected. {"url":"http://localhost:8000/","user_agent":"Mozilla/5.0 (Windows NT 10.0; Win64; x64; rv:155.0) Gecko/20100101 Firefox/155.0","timestamp":"2026-09-14T00:48:27.497Z"} 
[2026-09-14 00:48:27] local.ERROR: Each child in a list should have a unique "key" prop.%s%s See https://react.dev/link/warning-keys for more information. Check the render method of `Welcome`. null {"url":"http://localhost:8000/","user_agent":"Mozilla/5.0 (Windows NT 10.0; Win64; x64; rv:155.0) Gecko/20100101 Firefox/155.0","timestamp":"2026-09-14T00:48:27.509Z"} 
[2026-09-14 00:48:27] local.ERROR: Each child in a list should have a unique "key" prop.%s%s See https://react.dev/link/warning-keys for more information. Check the render method of `Footer`. null {"url":"http://localhost:8000/","user_agent":"Mozilla/5.0 (Windows NT 10.0; Win64; x64; rv:155.0) Gecko/20100101 Firefox/155.0","timestamp":"2026-09-14T00:48:27.515Z"} 
[2026-09-14 00:48:27] local.ERROR: Encountered two children with the same key, `%s`. Keys should be unique so that components maintain their identity across updates. Non-unique keys may cause children to be duplicated and/or omitted — the behavior is unsupported and could change in a future version. null {"url":"http://localhost:8000/","user_agent":"Mozilla/5.0 (Windows NT 10.0; Win64; x64; rv:155.0) Gecko/20100101 Firefox/155.0","timestamp":"2026-09-14T00:48:27.515Z"} 
[2026-09-14 00:48:27] local.ERROR: Encountered two children with the same key, `%s`. Keys should be unique so that components maintain their identity across updates. Non-unique keys may cause children to be duplicated and/or omitted — the behavior is unsupported and could change in a future version. null {"url":"http://localhost:8000/","user_agent":"Mozilla/5.0 (Windows NT 10.0; Win64; x64; rv:155.0) Gecko/20100101 Firefox/155.0","timestamp":"2026-09-14T00:48:27.515Z"} 
[2026-09-14 00:48:27] local.ERROR: Encountered two children with the same key, `%s`. Keys should be unique so that components maintain their identity across updates. Non-unique keys may cause children to be duplicated and/or omitted — the behavior is unsupported and could change in a future version. null {"url":"http://localhost:8000/","user_agent":"Mozilla/5.0 (Windows NT 10.0; Win64; x64; rv:155.0) Gecko/20100101 Firefox/155.0","timestamp":"2026-09-14T00:48:27.529Z"} 
[2026-09-14 00:48:27] local.ERROR: Encountered two children with the same key, `%s`. Keys should be unique so that components maintain their identity across updates. Non-unique keys may cause children to be duplicated and/or omitted — the behavior is unsupported and could change in a future version. null {"url":"http://localhost:8000/","user_agent":"Mozilla/5.0 (Windows NT 10.0; Win64; x64; rv:155.0) Gecko/20100101 Firefox/155.0","timestamp":"2026-09-14T00:48:27.529Z"} 
[2026-09-14 00:48:36] local.DEBUG: [vite] hot updated: /resources/js/components/ecovolts/footer.tsx {"url":"http://localhost:8000/","user_agent":"Mozilla/5.0 (Windows NT 10.0; Win64; x64; rv:155.0) Gecko/20100101 Firefox/155.0","timestamp":"2026-09-14T00:48:36.515Z"} 
[2026-09-14 00:48:36] local.DEBUG: [vite] hot updated: /resources/css/app.css {"url":"http://localhost:8000/","user_agent":"Mozilla/5.0 (Windows NT 10.0; Win64; x64; rv:155.0) Gecko/20100101 Firefox/155.0","timestamp":"2026-09-14T00:48:36.515Z"} 
[2026-09-14 00:48:36] local.ERROR: Encountered two children with the same key, `%s`. Keys should be unique so that components maintain their identity across updates. Non-unique keys may cause children to be duplicated and/or omitted — the behavior is unsupported and could change in a future version. null {"url":"http://localhost:8000/","user_agent":"Mozilla/5.0 (Windows NT 10.0; Win64; x64; rv:155.0) Gecko/20100101 Firefox/155.0","timestamp":"2026-09-14T00:48:36.535Z"} 
[2026-09-14 00:48:36] local.ERROR: Encountered two children with the same key, `%s`. Keys should be unique so that components maintain their identity across updates. Non-unique keys may cause children to be duplicated and/or omitted — the behavior is unsupported and could change in a future version. null {"url":"http://localhost:8000/","user_agent":"Mozilla/5.0 (Windows NT 10.0; Win64; x64; rv:155.0) Gecko/20100101 Firefox/155.0","timestamp":"2026-09-14T00:48:36.535Z"} 
[2026-09-14 00:48:37] local.DEBUG: [vite] connecting... {"url":"http://localhost:8000/","user_agent":"Mozilla/5.0 (Windows NT 10.0; Win64; x64; rv:155.0) Gecko/20100101 Firefox/155.0","timestamp":"2026-09-14T00:48:37.470Z"} 
[2026-09-14 00:48:37] local.DEBUG: [vite] connected. {"url":"http://localhost:8000/","user_agent":"Mozilla/5.0 (Windows NT 10.0; Win64; x64; rv:155.0) Gecko/20100101 Firefox/155.0","timestamp":"2026-09-14T00:48:37.481Z"} 
[2026-09-14 00:48:37] local.INFO: %cDownload the React DevTools for a better development experience: https://react.dev/link/react-devtools font-weight:bold {"url":"http://localhost:8000/","user_agent":"Mozilla/5.0 (Windows NT 10.0; Win64; x64; rv:155.0) Gecko/20100101 Firefox/155.0","timestamp":"2026-09-14T00:48:37.485Z"} 
[2026-09-14 00:48:37] local.ERROR: Each child in a list should have a unique "key" prop.%s%s See https://react.dev/link/warning-keys for more information. Check the render method of `Welcome`. null {"url":"http://localhost:8000/","user_agent":"Mozilla/5.0 (Windows NT 10.0; Win64; x64; rv:155.0) Gecko/20100101 Firefox/155.0","timestamp":"2026-09-14T00:48:37.498Z"} 
[2026-09-14 00:48:37] local.ERROR: Each child in a list should have a unique "key" prop.%s%s See https://react.dev/link/warning-keys for more information. Check the render method of `Footer`. null {"url":"http://localhost:8000/","user_agent":"Mozilla/5.0 (Windows NT 10.0; Win64; x64; rv:155.0) Gecko/20100101 Firefox/155.0","timestamp":"2026-09-14T00:48:37.509Z"} 
[2026-09-14 00:48:37] local.ERROR: Encountered two children with the same key, `%s`. Keys should be unique so that components maintain their identity across updates. Non-unique keys may cause children to be duplicated and/or omitted — the behavior is unsupported and could change in a future version. null {"url":"http://localhost:8000/","user_agent":"Mozilla/5.0 (Windows NT 10.0; Win64; x64; rv:155.0) Gecko/20100101 Firefox/155.0","timestamp":"2026-09-14T00:48:37.509Z"} 
[2026-09-14 00:48:37] local.ERROR: Encountered two children with the same key, `%s`. Keys should be unique so that components maintain their identity across updates. Non-unique keys may cause children to be duplicated and/or omitted — the behavior is unsupported and could change in a future version. null {"url":"http://localhost:8000/","user_agent":"Mozilla/5.0 (Windows NT 10.0; Win64; x64; rv:155.0) Gecko/20100101 Firefox/155.0","timestamp":"2026-09-14T00:48:37.509Z"} 
[2026-09-14 00:48:37] local.ERROR: Encountered two children with the same key, `%s`. Keys should be unique so that components maintain their identity across updates. Non-unique keys may cause children to be duplicated and/or omitted — the behavior is unsupported and could change in a future version. null {"url":"http://localhost:8000/","user_agent":"Mozilla/5.0 (Windows NT 10.0; Win64; x64; rv:155.0) Gecko/20100101 Firefox/155.0","timestamp":"2026-09-14T00:48:37.526Z"} 
[2026-09-14 00:48:37] local.ERROR: Encountered two children with the same key, `%s`. Keys should be unique so that components maintain their identity across updates. Non-unique keys may cause children to be duplicated and/or omitted — the behavior is unsupported and could change in a future version. null {"url":"http://localhost:8000/","user_agent":"Mozilla/5.0 (Windows NT 10.0; Win64; x64; rv:155.0) Gecko/20100101 Firefox/155.0","timestamp":"2026-09-14T00:48:37.526Z"} 
[2026-09-14 00:48:40] local.DEBUG: [vite] hot updated: /resources/js/components/ecovolts/footer.tsx {"url":"http://localhost:8000/","user_agent":"Mozilla/5.0 (Windows NT 10.0; Win64; x64; rv:155.0) Gecko/20100101 Firefox/155.0","timestamp":"2026-09-14T00:48:40.585Z"} 
[2026-09-14 00:48:40] local.DEBUG: [vite] hot updated: /resources/css/app.css {"url":"http://localhost:8000/","user_agent":"Mozilla/5.0 (Windows NT 10.0; Win64; x64; rv:155.0) Gecko/20100101 Firefox/155.0","timestamp":"2026-09-14T00:48:40.585Z"} 
[2026-09-14 00:48:40] local.ERROR: Encountered two children with the same key, `%s`. Keys should be unique so that components maintain their identity across updates. Non-unique keys may cause children to be duplicated and/or omitted — the behavior is unsupported and could change in a future version. null {"url":"http://localhost:8000/","user_agent":"Mozilla/5.0 (Windows NT 10.0; Win64; x64; rv:155.0) Gecko/20100101 Firefox/155.0","timestamp":"2026-09-14T00:48:40.606Z"} 
[2026-09-14 00:48:40] local.ERROR: Encountered two children with the same key, `%s`. Keys should be unique so that components maintain their identity across updates. Non-unique keys may cause children to be duplicated and/or omitted — the behavior is unsupported and could change in a future version. null {"url":"http://localhost:8000/","user_agent":"Mozilla/5.0 (Windows NT 10.0; Win64; x64; rv:155.0) Gecko/20100101 Firefox/155.0","timestamp":"2026-09-14T00:48:40.606Z"} 
[2026-09-14 00:48:48] local.DEBUG: [vite] hot updated: /resources/js/components/ecovolts/footer.tsx {"url":"http://localhost:8000/","user_agent":"Mozilla/5.0 (Windows NT 10.0; Win64; x64; rv:155.0) Gecko/20100101 Firefox/155.0","timestamp":"2026-09-14T00:48:47.973Z"} 
[2026-09-14 00:48:48] local.DEBUG: [vite] hot updated: /resources/css/app.css {"url":"http://localhost:8000/","user_agent":"Mozilla/5.0 (Windows NT 10.0; Win64; x64; rv:155.0) Gecko/20100101 Firefox/155.0","timestamp":"2026-09-14T00:48:47.973Z"} 
[2026-09-14 00:48:48] local.ERROR: Encountered two children with the same key, `%s`. Keys should be unique so that components maintain their identity across updates. Non-unique keys may cause children to be duplicated and/or omitted — the behavior is unsupported and could change in a future version. null {"url":"http://localhost:8000/","user_agent":"Mozilla/5.0 (Windows NT 10.0; Win64; x64; rv:155.0) Gecko/20100101 Firefox/155.0","timestamp":"2026-09-14T00:48:47.993Z"} 
[2026-09-14 00:48:48] local.ERROR: Encountered two children with the same key, `%s`. Keys should be unique so that components maintain their identity across updates. Non-unique keys may cause children to be duplicated and/or omitted — the behavior is unsupported and could change in a future version. null {"url":"http://localhost:8000/","user_agent":"Mozilla/5.0 (Windows NT 10.0; Win64; x64; rv:155.0) Gecko/20100101 Firefox/155.0","timestamp":"2026-09-14T00:48:47.993Z"} 
[2026-09-14 00:48:49] local.DEBUG: [vite] connecting... {"url":"http://localhost:8000/","user_agent":"Mozilla/5.0 (Windows NT 10.0; Win64; x64; rv:155.0) Gecko/20100101 Firefox/155.0","timestamp":"2026-09-14T00:48:48.923Z"} 
[2026-09-14 00:48:49] local.DEBUG: [vite] connected. {"url":"http://localhost:8000/","user_agent":"Mozilla/5.0 (Windows NT 10.0; Win64; x64; rv:155.0) Gecko/20100101 Firefox/155.0","timestamp":"2026-09-14T00:48:48.930Z"} 
[2026-09-14 00:48:49] local.INFO: %cDownload the React DevTools for a better development experience: https://react.dev/link/react-devtools font-weight:bold {"url":"http://localhost:8000/","user_agent":"Mozilla/5.0 (Windows NT 10.0; Win64; x64; rv:155.0) Gecko/20100101 Firefox/155.0","timestamp":"2026-09-14T00:48:48.937Z"} 
[2026-09-14 00:48:49] local.ERROR: Each child in a list should have a unique "key" prop.%s%s See https://react.dev/link/warning-keys for more information. Check the render method of `Welcome`. null {"url":"http://localhost:8000/","user_agent":"Mozilla/5.0 (Windows NT 10.0; Win64; x64; rv:155.0) Gecko/20100101 Firefox/155.0","timestamp":"2026-09-14T00:48:48.949Z"} 
[2026-09-14 00:48:49] local.ERROR: Each child in a list should have a unique "key" prop.%s%s See https://react.dev/link/warning-keys for more information. Check the render method of `Footer`. null {"url":"http://localhost:8000/","user_agent":"Mozilla/5.0 (Windows NT 10.0; Win64; x64; rv:155.0) Gecko/20100101 Firefox/155.0","timestamp":"2026-09-14T00:48:48.957Z"} 
[2026-09-14 00:48:49] local.ERROR: Encountered two children with the same key, `%s`. Keys should be unique so that components maintain their identity across updates. Non-unique keys may cause children to be duplicated and/or omitted — the behavior is unsupported and could change in a future version. null {"url":"http://localhost:8000/","user_agent":"Mozilla/5.0 (Windows NT 10.0; Win64; x64; rv:155.0) Gecko/20100101 Firefox/155.0","timestamp":"2026-09-14T00:48:48.958Z"} 
[2026-09-14 00:48:49] local.ERROR: Encountered two children with the same key, `%s`. Keys should be unique so that components maintain their identity across updates. Non-unique keys may cause children to be duplicated and/or omitted — the behavior is unsupported and could change in a future version. null {"url":"http://localhost:8000/","user_agent":"Mozilla/5.0 (Windows NT 10.0; Win64; x64; rv:155.0) Gecko/20100101 Firefox/155.0","timestamp":"2026-09-14T00:48:48.958Z"} 
[2026-09-14 00:48:49] local.ERROR: Encountered two children with the same key, `%s`. Keys should be unique so that components maintain their identity across updates. Non-unique keys may cause children to be duplicated and/or omitted — the behavior is unsupported and could change in a future version. null {"url":"http://localhost:8000/","user_agent":"Mozilla/5.0 (Windows NT 10.0; Win64; x64; rv:155.0) Gecko/20100101 Firefox/155.0","timestamp":"2026-09-14T00:48:48.973Z"} 
[2026-09-14 00:48:49] local.ERROR: Encountered two children with the same key, `%s`. Keys should be unique so that components maintain their identity across updates. Non-unique keys may cause children to be duplicated and/or omitted — the behavior is unsupported and could change in a future version. null {"url":"http://localhost:8000/","user_agent":"Mozilla/5.0 (Windows NT 10.0; Win64; x64; rv:155.0) Gecko/20100101 Firefox/155.0","timestamp":"2026-09-14T00:48:48.973Z"} 
[2026-09-14 00:48:57] local.DEBUG: [vite] hot updated: /resources/js/components/ecovolts/footer.tsx {"url":"http://localhost:8000/","user_agent":"Mozilla/5.0 (Windows NT 10.0; Win64; x64; rv:155.0) Gecko/20100101 Firefox/155.0","timestamp":"2026-09-14T00:48:57.059Z"} 
[2026-09-14 00:48:57] local.DEBUG: [vite] hot updated: /resources/css/app.css {"url":"http://localhost:8000/","user_agent":"Mozilla/5.0 (Windows NT 10.0; Win64; x64; rv:155.0) Gecko/20100101 Firefox/155.0","timestamp":"2026-09-14T00:48:57.059Z"} 
[2026-09-14 00:48:57] local.ERROR: Encountered two children with the same key, `%s`. Keys should be unique so that components maintain their identity across updates. Non-unique keys may cause children to be duplicated and/or omitted — the behavior is unsupported and could change in a future version. null {"url":"http://localhost:8000/","user_agent":"Mozilla/5.0 (Windows NT 10.0; Win64; x64; rv:155.0) Gecko/20100101 Firefox/155.0","timestamp":"2026-09-14T00:48:57.225Z"} 
[2026-09-14 00:48:57] local.ERROR: Encountered two children with the same key, `%s`. Keys should be unique so that components maintain their identity across updates. Non-unique keys may cause children to be duplicated and/or omitted — the behavior is unsupported and could change in a future version. null {"url":"http://localhost:8000/","user_agent":"Mozilla/5.0 (Windows NT 10.0; Win64; x64; rv:155.0) Gecko/20100101 Firefox/155.0","timestamp":"2026-09-14T00:48:57.225Z"} 
[2026-09-14 00:48:58] local.DEBUG: [vite] connecting... {"url":"http://localhost:8000/","user_agent":"Mozilla/5.0 (Windows NT 10.0; Win64; x64; rv:155.0) Gecko/20100101 Firefox/155.0","timestamp":"2026-09-14T00:48:58.019Z"} 
[2026-09-14 00:48:58] local.DEBUG: [vite] connected. {"url":"http://localhost:8000/","user_agent":"Mozilla/5.0 (Windows NT 10.0; Win64; x64; rv:155.0) Gecko/20100101 Firefox/155.0","timestamp":"2026-09-14T00:48:58.029Z"} 
[2026-09-14 00:48:58] local.INFO: %cDownload the React DevTools for a better development experience: https://react.dev/link/react-devtools font-weight:bold {"url":"http://localhost:8000/","user_agent":"Mozilla/5.0 (Windows NT 10.0; Win64; x64; rv:155.0) Gecko/20100101 Firefox/155.0","timestamp":"2026-09-14T00:48:58.032Z"} 
[2026-09-14 00:48:58] local.ERROR: Each child in a list should have a unique "key" prop.%s%s See https://react.dev/link/warning-keys for more information. Check the render method of `Welcome`. null {"url":"http://localhost:8000/","user_agent":"Mozilla/5.0 (Windows NT 10.0; Win64; x64; rv:155.0) Gecko/20100101 Firefox/155.0","timestamp":"2026-09-14T00:48:58.046Z"} 
[2026-09-14 00:48:58] local.ERROR: Each child in a list should have a unique "key" prop.%s%s See https://react.dev/link/warning-keys for more information. Check the render method of `Footer`. null {"url":"http://localhost:8000/","user_agent":"Mozilla/5.0 (Windows NT 10.0; Win64; x64; rv:155.0) Gecko/20100101 Firefox/155.0","timestamp":"2026-09-14T00:48:58.053Z"} 
[2026-09-14 00:48:58] local.ERROR: Encountered two children with the same key, `%s`. Keys should be unique so that components maintain their identity across updates. Non-unique keys may cause children to be duplicated and/or omitted — the behavior is unsupported and could change in a future version. null {"url":"http://localhost:8000/","user_agent":"Mozilla/5.0 (Windows NT 10.0; Win64; x64; rv:155.0) Gecko/20100101 Firefox/155.0","timestamp":"2026-09-14T00:48:58.053Z"} 
[2026-09-14 00:48:58] local.ERROR: Encountered two children with the same key, `%s`. Keys should be unique so that components maintain their identity across updates. Non-unique keys may cause children to be duplicated and/or omitted — the behavior is unsupported and could change in a future version. null {"url":"http://localhost:8000/","user_agent":"Mozilla/5.0 (Windows NT 10.0; Win64; x64; rv:155.0) Gecko/20100101 Firefox/155.0","timestamp":"2026-09-14T00:48:58.053Z"} 
[2026-09-14 00:48:58] local.ERROR: Encountered two children with the same key, `%s`. Keys should be unique so that components maintain their identity across updates. Non-unique keys may cause children to be duplicated and/or omitted — the behavior is unsupported and could change in a future version. null {"url":"http://localhost:8000/","user_agent":"Mozilla/5.0 (Windows NT 10.0; Win64; x64; rv:155.0) Gecko/20100101 Firefox/155.0","timestamp":"2026-09-14T00:48:58.068Z"} 
[2026-09-14 00:48:58] local.ERROR: Encountered two children with the same key, `%s`. Keys should be unique so that components maintain their identity across updates. Non-unique keys may cause children to be duplicated and/or omitted — the behavior is unsupported and could change in a future version. null {"url":"http://localhost:8000/","user_agent":"Mozilla/5.0 (Windows NT 10.0; Win64; x64; rv:155.0) Gecko/20100101 Firefox/155.0","timestamp":"2026-09-14T00:48:58.068Z"} 
[2026-09-14 00:49:05] local.DEBUG: [vite] hot updated: /resources/js/components/ecovolts/footer.tsx {"url":"http://localhost:8000/","user_agent":"Mozilla/5.0 (Windows NT 10.0; Win64; x64; rv:155.0) Gecko/20100101 Firefox/155.0","timestamp":"2026-09-14T00:49:05.075Z"} 
[2026-09-14 00:49:05] local.DEBUG: [vite] hot updated: /resources/css/app.css {"url":"http://localhost:8000/","user_agent":"Mozilla/5.0 (Windows NT 10.0; Win64; x64; rv:155.0) Gecko/20100101 Firefox/155.0","timestamp":"2026-09-14T00:49:05.075Z"} 
[2026-09-14 00:49:05] local.ERROR: Encountered two children with the same key, `%s`. Keys should be unique so that components maintain their identity across updates. Non-unique keys may cause children to be duplicated and/or omitted — the behavior is unsupported and could change in a future version. null {"url":"http://localhost:8000/","user_agent":"Mozilla/5.0 (Windows NT 10.0; Win64; x64; rv:155.0) Gecko/20100101 Firefox/155.0","timestamp":"2026-09-14T00:49:05.096Z"} 
[2026-09-14 00:49:05] local.ERROR: Encountered two children with the same key, `%s`. Keys should be unique so that components maintain their identity across updates. Non-unique keys may cause children to be duplicated and/or omitted — the behavior is unsupported and could change in a future version. null {"url":"http://localhost:8000/","user_agent":"Mozilla/5.0 (Windows NT 10.0; Win64; x64; rv:155.0) Gecko/20100101 Firefox/155.0","timestamp":"2026-09-14T00:49:05.096Z"} 
[2026-09-14 00:49:06] local.DEBUG: [vite] connecting... {"url":"http://localhost:8000/","user_agent":"Mozilla/5.0 (Windows NT 10.0; Win64; x64; rv:155.0) Gecko/20100101 Firefox/155.0","timestamp":"2026-09-14T00:49:05.983Z"} 
[2026-09-14 00:49:06] local.DEBUG: [vite] connected. {"url":"http://localhost:8000/","user_agent":"Mozilla/5.0 (Windows NT 10.0; Win64; x64; rv:155.0) Gecko/20100101 Firefox/155.0","timestamp":"2026-09-14T00:49:05.992Z"} 
[2026-09-14 00:49:06] local.INFO: %cDownload the React DevTools for a better development experience: https://react.dev/link/react-devtools font-weight:bold {"url":"http://localhost:8000/","user_agent":"Mozilla/5.0 (Windows NT 10.0; Win64; x64; rv:155.0) Gecko/20100101 Firefox/155.0","timestamp":"2026-09-14T00:49:05.996Z"} 
[2026-09-14 00:49:06] local.ERROR: Each child in a list should have a unique "key" prop.%s%s See https://react.dev/link/warning-keys for more information. Check the render method of `Welcome`. null {"url":"http://localhost:8000/","user_agent":"Mozilla/5.0 (Windows NT 10.0; Win64; x64; rv:155.0) Gecko/20100101 Firefox/155.0","timestamp":"2026-09-14T00:49:06.010Z"} 
[2026-09-14 00:49:06] local.ERROR: Each child in a list should have a unique "key" prop.%s%s See https://react.dev/link/warning-keys for more information. Check the render method of `Footer`. null {"url":"http://localhost:8000/","user_agent":"Mozilla/5.0 (Windows NT 10.0; Win64; x64; rv:155.0) Gecko/20100101 Firefox/155.0","timestamp":"2026-09-14T00:49:06.020Z"} 
[2026-09-14 00:49:06] local.ERROR: Encountered two children with the same key, `%s`. Keys should be unique so that components maintain their identity across updates. Non-unique keys may cause children to be duplicated and/or omitted — the behavior is unsupported and could change in a future version. null {"url":"http://localhost:8000/","user_agent":"Mozilla/5.0 (Windows NT 10.0; Win64; x64; rv:155.0) Gecko/20100101 Firefox/155.0","timestamp":"2026-09-14T00:49:06.020Z"} 
[2026-09-14 00:49:06] local.ERROR: Encountered two children with the same key, `%s`. Keys should be unique so that components maintain their identity across updates. Non-unique keys may cause children to be duplicated and/or omitted — the behavior is unsupported and could change in a future version. null {"url":"http://localhost:8000/","user_agent":"Mozilla/5.0 (Windows NT 10.0; Win64; x64; rv:155.0) Gecko/20100101 Firefox/155.0","timestamp":"2026-09-14T00:49:06.020Z"} 
[2026-09-14 00:49:06] local.ERROR: Encountered two children with the same key, `%s`. Keys should be unique so that components maintain their identity across updates. Non-unique keys may cause children to be duplicated and/or omitted — the behavior is unsupported and could change in a future version. null {"url":"http://localhost:8000/","user_agent":"Mozilla/5.0 (Windows NT 10.0; Win64; x64; rv:155.0) Gecko/20100101 Firefox/155.0","timestamp":"2026-09-14T00:49:06.039Z"} 
[2026-09-14 00:49:06] local.ERROR: Encountered two children with the same key, `%s`. Keys should be unique so that components maintain their identity across updates. Non-unique keys may cause children to be duplicated and/or omitted — the behavior is unsupported and could change in a future version. null {"url":"http://localhost:8000/","user_agent":"Mozilla/5.0 (Windows NT 10.0; Win64; x64; rv:155.0) Gecko/20100101 Firefox/155.0","timestamp":"2026-09-14T00:49:06.039Z"} 
[2026-09-14 00:49:24] local.DEBUG: [vite] hot updated: /resources/js/components/ecovolts/footer.tsx {"url":"http://localhost:8000/","user_agent":"Mozilla/5.0 (Windows NT 10.0; Win64; x64; rv:155.0) Gecko/20100101 Firefox/155.0","timestamp":"2026-09-14T00:49:24.545Z"} 
[2026-09-14 00:49:24] local.DEBUG: [vite] hot updated: /resources/css/app.css {"url":"http://localhost:8000/","user_agent":"Mozilla/5.0 (Windows NT 10.0; Win64; x64; rv:155.0) Gecko/20100101 Firefox/155.0","timestamp":"2026-09-14T00:49:24.545Z"} 
[2026-09-14 00:49:24] local.ERROR: Encountered two children with the same key, `%s`. Keys should be unique so that components maintain their identity across updates. Non-unique keys may cause children to be duplicated and/or omitted — the behavior is unsupported and could change in a future version. null {"url":"http://localhost:8000/","user_agent":"Mozilla/5.0 (Windows NT 10.0; Win64; x64; rv:155.0) Gecko/20100101 Firefox/155.0","timestamp":"2026-09-14T00:49:24.566Z"} 
[2026-09-14 00:49:24] local.ERROR: Encountered two children with the same key, `%s`. Keys should be unique so that components maintain their identity across updates. Non-unique keys may cause children to be duplicated and/or omitted — the behavior is unsupported and could change in a future version. null {"url":"http://localhost:8000/","user_agent":"Mozilla/5.0 (Windows NT 10.0; Win64; x64; rv:155.0) Gecko/20100101 Firefox/155.0","timestamp":"2026-09-14T00:49:24.566Z"} 
[2026-09-14 00:49:26] local.DEBUG: [vite] connecting... {"url":"http://localhost:8000/","user_agent":"Mozilla/5.0 (Windows NT 10.0; Win64; x64; rv:155.0) Gecko/20100101 Firefox/155.0","timestamp":"2026-09-14T00:49:25.806Z"} 
[2026-09-14 00:49:26] local.DEBUG: [vite] connected. {"url":"http://localhost:8000/","user_agent":"Mozilla/5.0 (Windows NT 10.0; Win64; x64; rv:155.0) Gecko/20100101 Firefox/155.0","timestamp":"2026-09-14T00:49:25.813Z"} 
[2026-09-14 00:49:26] local.INFO: %cDownload the React DevTools for a better development experience: https://react.dev/link/react-devtools font-weight:bold {"url":"http://localhost:8000/","user_agent":"Mozilla/5.0 (Windows NT 10.0; Win64; x64; rv:155.0) Gecko/20100101 Firefox/155.0","timestamp":"2026-09-14T00:49:25.822Z"} 
[2026-09-14 00:49:26] local.ERROR: Each child in a list should have a unique "key" prop.%s%s See https://react.dev/link/warning-keys for more information. Check the render method of `Welcome`. null {"url":"http://localhost:8000/","user_agent":"Mozilla/5.0 (Windows NT 10.0; Win64; x64; rv:155.0) Gecko/20100101 Firefox/155.0","timestamp":"2026-09-14T00:49:25.835Z"} 
[2026-09-14 00:49:26] local.ERROR: Each child in a list should have a unique "key" prop.%s%s See https://react.dev/link/warning-keys for more information. Check the render method of `Footer`. null {"url":"http://localhost:8000/","user_agent":"Mozilla/5.0 (Windows NT 10.0; Win64; x64; rv:155.0) Gecko/20100101 Firefox/155.0","timestamp":"2026-09-14T00:49:25.841Z"} 
[2026-09-14 00:49:26] local.ERROR: Encountered two children with the same key, `%s`. Keys should be unique so that components maintain their identity across updates. Non-unique keys may cause children to be duplicated and/or omitted — the behavior is unsupported and could change in a future version. null {"url":"http://localhost:8000/","user_agent":"Mozilla/5.0 (Windows NT 10.0; Win64; x64; rv:155.0) Gecko/20100101 Firefox/155.0","timestamp":"2026-09-14T00:49:25.842Z"} 
[2026-09-14 00:49:26] local.ERROR: Encountered two children with the same key, `%s`. Keys should be unique so that components maintain their identity across updates. Non-unique keys may cause children to be duplicated and/or omitted — the behavior is unsupported and could change in a future version. null {"url":"http://localhost:8000/","user_agent":"Mozilla/5.0 (Windows NT 10.0; Win64; x64; rv:155.0) Gecko/20100101 Firefox/155.0","timestamp":"2026-09-14T00:49:25.842Z"} 
[2026-09-14 00:49:26] local.ERROR: Encountered two children with the same key, `%s`. Keys should be unique so that components maintain their identity across updates. Non-unique keys may cause children to be duplicated and/or omitted — the behavior is unsupported and could change in a future version. null {"url":"http://localhost:8000/","user_agent":"Mozilla/5.0 (Windows NT 10.0; Win64; x64; rv:155.0) Gecko/20100101 Firefox/155.0","timestamp":"2026-09-14T00:49:25.854Z"} 
[2026-09-14 00:49:26] local.ERROR: Encountered two children with the same key, `%s`. Keys should be unique so that components maintain their identity across updates. Non-unique keys may cause children to be duplicated and/or omitted — the behavior is unsupported and could change in a future version. null {"url":"http://localhost:8000/","user_agent":"Mozilla/5.0 (Windows NT 10.0; Win64; x64; rv:155.0) Gecko/20100101 Firefox/155.0","timestamp":"2026-09-14T00:49:25.854Z"} 
[2026-09-14 00:49:35] local.DEBUG: [vite] hot updated: /resources/js/components/ecovolts/footer.tsx {"url":"http://localhost:8000/","user_agent":"Mozilla/5.0 (Windows NT 10.0; Win64; x64; rv:155.0) Gecko/20100101 Firefox/155.0","timestamp":"2026-09-14T00:49:34.896Z"} 
[2026-09-14 00:49:35] local.DEBUG: [vite] hot updated: /resources/css/app.css {"url":"http://localhost:8000/","user_agent":"Mozilla/5.0 (Windows NT 10.0; Win64; x64; rv:155.0) Gecko/20100101 Firefox/155.0","timestamp":"2026-09-14T00:49:34.896Z"} 
[2026-09-14 00:49:35] local.ERROR: Encountered two children with the same key, `%s`. Keys should be unique so that components maintain their identity across updates. Non-unique keys may cause children to be duplicated and/or omitted — the behavior is unsupported and could change in a future version. null {"url":"http://localhost:8000/","user_agent":"Mozilla/5.0 (Windows NT 10.0; Win64; x64; rv:155.0) Gecko/20100101 Firefox/155.0","timestamp":"2026-09-14T00:49:34.917Z"} 
[2026-09-14 00:49:35] local.ERROR: Encountered two children with the same key, `%s`. Keys should be unique so that components maintain their identity across updates. Non-unique keys may cause children to be duplicated and/or omitted — the behavior is unsupported and could change in a future version. null {"url":"http://localhost:8000/","user_agent":"Mozilla/5.0 (Windows NT 10.0; Win64; x64; rv:155.0) Gecko/20100101 Firefox/155.0","timestamp":"2026-09-14T00:49:34.917Z"} 
[2026-09-14 00:49:40] local.DEBUG: [vite] hot updated: /resources/js/components/ecovolts/footer.tsx {"url":"http://localhost:8000/","user_agent":"Mozilla/5.0 (Windows NT 10.0; Win64; x64; rv:155.0) Gecko/20100101 Firefox/155.0","timestamp":"2026-09-14T00:49:40.052Z"} 
[2026-09-14 00:49:40] local.DEBUG: [vite] hot updated: /resources/css/app.css {"url":"http://localhost:8000/","user_agent":"Mozilla/5.0 (Windows NT 10.0; Win64; x64; rv:155.0) Gecko/20100101 Firefox/155.0","timestamp":"2026-09-14T00:49:40.052Z"} 
[2026-09-14 00:49:40] local.ERROR: Encountered two children with the same key, `%s`. Keys should be unique so that components maintain their identity across updates. Non-unique keys may cause children to be duplicated and/or omitted — the behavior is unsupported and could change in a future version. null {"url":"http://localhost:8000/","user_agent":"Mozilla/5.0 (Windows NT 10.0; Win64; x64; rv:155.0) Gecko/20100101 Firefox/155.0","timestamp":"2026-09-14T00:49:40.072Z"} 
[2026-09-14 00:49:40] local.ERROR: Encountered two children with the same key, `%s`. Keys should be unique so that components maintain their identity across updates. Non-unique keys may cause children to be duplicated and/or omitted — the behavior is unsupported and could change in a future version. null {"url":"http://localhost:8000/","user_agent":"Mozilla/5.0 (Windows NT 10.0; Win64; x64; rv:155.0) Gecko/20100101 Firefox/155.0","timestamp":"2026-09-14T00:49:40.072Z"} 
[2026-09-14 00:49:41] local.DEBUG: [vite] connecting... {"url":"http://localhost:8000/","user_agent":"Mozilla/5.0 (Windows NT 10.0; Win64; x64; rv:155.0) Gecko/20100101 Firefox/155.0","timestamp":"2026-09-14T00:49:41.407Z"} 
[2026-09-14 00:49:41] local.DEBUG: [vite] connected. {"url":"http://localhost:8000/","user_agent":"Mozilla/5.0 (Windows NT 10.0; Win64; x64; rv:155.0) Gecko/20100101 Firefox/155.0","timestamp":"2026-09-14T00:49:41.417Z"} 
[2026-09-14 00:49:41] local.INFO: %cDownload the React DevTools for a better development experience: https://react.dev/link/react-devtools font-weight:bold {"url":"http://localhost:8000/","user_agent":"Mozilla/5.0 (Windows NT 10.0; Win64; x64; rv:155.0) Gecko/20100101 Firefox/155.0","timestamp":"2026-09-14T00:49:41.422Z"} 
[2026-09-14 00:49:41] local.ERROR: Each child in a list should have a unique "key" prop.%s%s See https://react.dev/link/warning-keys for more information. Check the render method of `Welcome`. null {"url":"http://localhost:8000/","user_agent":"Mozilla/5.0 (Windows NT 10.0; Win64; x64; rv:155.0) Gecko/20100101 Firefox/155.0","timestamp":"2026-09-14T00:49:41.433Z"} 
[2026-09-14 00:49:41] local.ERROR: Each child in a list should have a unique "key" prop.%s%s See https://react.dev/link/warning-keys for more information. Check the render method of `Footer`. null {"url":"http://localhost:8000/","user_agent":"Mozilla/5.0 (Windows NT 10.0; Win64; x64; rv:155.0) Gecko/20100101 Firefox/155.0","timestamp":"2026-09-14T00:49:41.439Z"} 
[2026-09-14 00:49:41] local.ERROR: Encountered two children with the same key, `%s`. Keys should be unique so that components maintain their identity across updates. Non-unique keys may cause children to be duplicated and/or omitted — the behavior is unsupported and could change in a future version. null {"url":"http://localhost:8000/","user_agent":"Mozilla/5.0 (Windows NT 10.0; Win64; x64; rv:155.0) Gecko/20100101 Firefox/155.0","timestamp":"2026-09-14T00:49:41.440Z"} 
[2026-09-14 00:49:41] local.ERROR: Encountered two children with the same key, `%s`. Keys should be unique so that components maintain their identity across updates. Non-unique keys may cause children to be duplicated and/or omitted — the behavior is unsupported and could change in a future version. null {"url":"http://localhost:8000/","user_agent":"Mozilla/5.0 (Windows NT 10.0; Win64; x64; rv:155.0) Gecko/20100101 Firefox/155.0","timestamp":"2026-09-14T00:49:41.440Z"} 
[2026-09-14 00:49:41] local.ERROR: Encountered two children with the same key, `%s`. Keys should be unique so that components maintain their identity across updates. Non-unique keys may cause children to be duplicated and/or omitted — the behavior is unsupported and could change in a future version. null {"url":"http://localhost:8000/","user_agent":"Mozilla/5.0 (Windows NT 10.0; Win64; x64; rv:155.0) Gecko/20100101 Firefox/155.0","timestamp":"2026-09-14T00:49:41.461Z"} 
[2026-09-14 00:49:41] local.ERROR: Encountered two children with the same key, `%s`. Keys should be unique so that components maintain their identity across updates. Non-unique keys may cause children to be duplicated and/or omitted — the behavior is unsupported and could change in a future version. null {"url":"http://localhost:8000/","user_agent":"Mozilla/5.0 (Windows NT 10.0; Win64; x64; rv:155.0) Gecko/20100101 Firefox/155.0","timestamp":"2026-09-14T00:49:41.461Z"} 
[2026-09-14 00:49:47] local.DEBUG: [vite] hot updated: /resources/js/components/ecovolts/footer.tsx {"url":"http://localhost:8000/","user_agent":"Mozilla/5.0 (Windows NT 10.0; Win64; x64; rv:155.0) Gecko/20100101 Firefox/155.0","timestamp":"2026-09-14T00:49:47.158Z"} 
[2026-09-14 00:49:47] local.DEBUG: [vite] hot updated: /resources/css/app.css {"url":"http://localhost:8000/","user_agent":"Mozilla/5.0 (Windows NT 10.0; Win64; x64; rv:155.0) Gecko/20100101 Firefox/155.0","timestamp":"2026-09-14T00:49:47.158Z"} 
[2026-09-14 00:49:47] local.ERROR: Encountered two children with the same key, `%s`. Keys should be unique so that components maintain their identity across updates. Non-unique keys may cause children to be duplicated and/or omitted — the behavior is unsupported and could change in a future version. null {"url":"http://localhost:8000/","user_agent":"Mozilla/5.0 (Windows NT 10.0; Win64; x64; rv:155.0) Gecko/20100101 Firefox/155.0","timestamp":"2026-09-14T00:49:47.181Z"} 
[2026-09-14 00:49:47] local.ERROR: Encountered two children with the same key, `%s`. Keys should be unique so that components maintain their identity across updates. Non-unique keys may cause children to be duplicated and/or omitted — the behavior is unsupported and could change in a future version. null {"url":"http://localhost:8000/","user_agent":"Mozilla/5.0 (Windows NT 10.0; Win64; x64; rv:155.0) Gecko/20100101 Firefox/155.0","timestamp":"2026-09-14T00:49:47.181Z"} 
[2026-09-14 00:49:55] local.DEBUG: [vite] hot updated: /resources/js/components/ecovolts/footer.tsx {"url":"http://localhost:8000/","user_agent":"Mozilla/5.0 (Windows NT 10.0; Win64; x64; rv:155.0) Gecko/20100101 Firefox/155.0","timestamp":"2026-09-14T00:49:54.885Z"} 
[2026-09-14 00:49:55] local.DEBUG: [vite] hot updated: /resources/css/app.css {"url":"http://localhost:8000/","user_agent":"Mozilla/5.0 (Windows NT 10.0; Win64; x64; rv:155.0) Gecko/20100101 Firefox/155.0","timestamp":"2026-09-14T00:49:54.885Z"} 
[2026-09-14 00:49:55] local.ERROR: Encountered two children with the same key, `%s`. Keys should be unique so that components maintain their identity across updates. Non-unique keys may cause children to be duplicated and/or omitted — the behavior is unsupported and could change in a future version. null {"url":"http://localhost:8000/","user_agent":"Mozilla/5.0 (Windows NT 10.0; Win64; x64; rv:155.0) Gecko/20100101 Firefox/155.0","timestamp":"2026-09-14T00:49:54.902Z"} 
[2026-09-14 00:49:55] local.ERROR: Encountered two children with the same key, `%s`. Keys should be unique so that components maintain their identity across updates. Non-unique keys may cause children to be duplicated and/or omitted — the behavior is unsupported and could change in a future version. null {"url":"http://localhost:8000/","user_agent":"Mozilla/5.0 (Windows NT 10.0; Win64; x64; rv:155.0) Gecko/20100101 Firefox/155.0","timestamp":"2026-09-14T00:49:54.902Z"} 
[2026-09-14 00:50:09] local.DEBUG: [vite] hot updated: /resources/js/components/ecovolts/footer.tsx {"url":"http://localhost:8000/","user_agent":"Mozilla/5.0 (Windows NT 10.0; Win64; x64; rv:155.0) Gecko/20100101 Firefox/155.0","timestamp":"2026-09-14T00:50:09.152Z"} 
[2026-09-14 00:50:09] local.DEBUG: [vite] hot updated: /resources/css/app.css {"url":"http://localhost:8000/","user_agent":"Mozilla/5.0 (Windows NT 10.0; Win64; x64; rv:155.0) Gecko/20100101 Firefox/155.0","timestamp":"2026-09-14T00:50:09.152Z"} 
[2026-09-14 00:50:09] local.ERROR: Encountered two children with the same key, `%s`. Keys should be unique so that components maintain their identity across updates. Non-unique keys may cause children to be duplicated and/or omitted — the behavior is unsupported and could change in a future version. null {"url":"http://localhost:8000/","user_agent":"Mozilla/5.0 (Windows NT 10.0; Win64; x64; rv:155.0) Gecko/20100101 Firefox/155.0","timestamp":"2026-09-14T00:50:09.169Z"} 
[2026-09-14 00:50:09] local.ERROR: Encountered two children with the same key, `%s`. Keys should be unique so that components maintain their identity across updates. Non-unique keys may cause children to be duplicated and/or omitted — the behavior is unsupported and could change in a future version. null {"url":"http://localhost:8000/","user_agent":"Mozilla/5.0 (Windows NT 10.0; Win64; x64; rv:155.0) Gecko/20100101 Firefox/155.0","timestamp":"2026-09-14T00:50:09.169Z"} 
[2026-09-14 00:51:00] local.DEBUG: [vite] hot updated: /resources/js/components/ecovolts/footer.tsx {"url":"http://localhost:8000/","user_agent":"Mozilla/5.0 (Windows NT 10.0; Win64; x64; rv:155.0) Gecko/20100101 Firefox/155.0","timestamp":"2026-09-14T00:51:00.087Z"} 
[2026-09-14 00:51:00] local.DEBUG: [vite] hot updated: /resources/css/app.css {"url":"http://localhost:8000/","user_agent":"Mozilla/5.0 (Windows NT 10.0; Win64; x64; rv:155.0) Gecko/20100101 Firefox/155.0","timestamp":"2026-09-14T00:51:00.087Z"} 
[2026-09-14 00:51:00] local.ERROR: Encountered two children with the same key, `%s`. Keys should be unique so that components maintain their identity across updates. Non-unique keys may cause children to be duplicated and/or omitted — the behavior is unsupported and could change in a future version. null {"url":"http://localhost:8000/","user_agent":"Mozilla/5.0 (Windows NT 10.0; Win64; x64; rv:155.0) Gecko/20100101 Firefox/155.0","timestamp":"2026-09-14T00:51:00.107Z"} 
[2026-09-14 00:51:00] local.ERROR: Encountered two children with the same key, `%s`. Keys should be unique so that components maintain their identity across updates. Non-unique keys may cause children to be duplicated and/or omitted — the behavior is unsupported and could change in a future version. null {"url":"http://localhost:8000/","user_agent":"Mozilla/5.0 (Windows NT 10.0; Win64; x64; rv:155.0) Gecko/20100101 Firefox/155.0","timestamp":"2026-09-14T00:51:00.107Z"} 
[2026-09-14 00:51:12] local.DEBUG: [vite] hot updated: /resources/js/components/ecovolts/footer.tsx {"url":"http://localhost:8000/","user_agent":"Mozilla/5.0 (Windows NT 10.0; Win64; x64; rv:155.0) Gecko/20100101 Firefox/155.0","timestamp":"2026-09-14T00:51:12.247Z"} 
[2026-09-14 00:51:12] local.DEBUG: [vite] hot updated: /resources/css/app.css {"url":"http://localhost:8000/","user_agent":"Mozilla/5.0 (Windows NT 10.0; Win64; x64; rv:155.0) Gecko/20100101 Firefox/155.0","timestamp":"2026-09-14T00:51:12.247Z"} 
[2026-09-14 00:51:12] local.ERROR: Encountered two children with the same key, `%s`. Keys should be unique so that components maintain their identity across updates. Non-unique keys may cause children to be duplicated and/or omitted — the behavior is unsupported and could change in a future version. null {"url":"http://localhost:8000/","user_agent":"Mozilla/5.0 (Windows NT 10.0; Win64; x64; rv:155.0) Gecko/20100101 Firefox/155.0","timestamp":"2026-09-14T00:51:12.265Z"} 
[2026-09-14 00:51:12] local.ERROR: Encountered two children with the same key, `%s`. Keys should be unique so that components maintain their identity across updates. Non-unique keys may cause children to be duplicated and/or omitted — the behavior is unsupported and could change in a future version. null {"url":"http://localhost:8000/","user_agent":"Mozilla/5.0 (Windows NT 10.0; Win64; x64; rv:155.0) Gecko/20100101 Firefox/155.0","timestamp":"2026-09-14T00:51:12.265Z"} 
[2026-09-14 00:51:14] local.DEBUG: [vite] hot updated: /resources/js/components/ecovolts/footer.tsx {"url":"http://localhost:8000/","user_agent":"Mozilla/5.0 (Windows NT 10.0; Win64; x64; rv:155.0) Gecko/20100101 Firefox/155.0","timestamp":"2026-09-14T00:51:14.198Z"} 
[2026-09-14 00:51:14] local.DEBUG: [vite] hot updated: /resources/css/app.css {"url":"http://localhost:8000/","user_agent":"Mozilla/5.0 (Windows NT 10.0; Win64; x64; rv:155.0) Gecko/20100101 Firefox/155.0","timestamp":"2026-09-14T00:51:14.198Z"} 
[2026-09-14 00:51:14] local.ERROR: Encountered two children with the same key, `%s`. Keys should be unique so that components maintain their identity across updates. Non-unique keys may cause children to be duplicated and/or omitted — the behavior is unsupported and could change in a future version. null {"url":"http://localhost:8000/","user_agent":"Mozilla/5.0 (Windows NT 10.0; Win64; x64; rv:155.0) Gecko/20100101 Firefox/155.0","timestamp":"2026-09-14T00:51:14.216Z"} 
[2026-09-14 00:51:14] local.ERROR: Encountered two children with the same key, `%s`. Keys should be unique so that components maintain their identity across updates. Non-unique keys may cause children to be duplicated and/or omitted — the behavior is unsupported and could change in a future version. null {"url":"http://localhost:8000/","user_agent":"Mozilla/5.0 (Windows NT 10.0; Win64; x64; rv:155.0) Gecko/20100101 Firefox/155.0","timestamp":"2026-09-14T00:51:14.216Z"} 
[2026-09-14 00:51:17] local.DEBUG: [vite] hot updated: /resources/js/components/ecovolts/footer.tsx {"url":"http://localhost:8000/","user_agent":"Mozilla/5.0 (Windows NT 10.0; Win64; x64; rv:155.0) Gecko/20100101 Firefox/155.0","timestamp":"2026-09-14T00:51:16.786Z"} 
[2026-09-14 00:51:17] local.DEBUG: [vite] hot updated: /resources/css/app.css {"url":"http://localhost:8000/","user_agent":"Mozilla/5.0 (Windows NT 10.0; Win64; x64; rv:155.0) Gecko/20100101 Firefox/155.0","timestamp":"2026-09-14T00:51:16.786Z"} 
[2026-09-14 00:51:17] local.ERROR: Encountered two children with the same key, `%s`. Keys should be unique so that components maintain their identity across updates. Non-unique keys may cause children to be duplicated and/or omitted — the behavior is unsupported and could change in a future version. null {"url":"http://localhost:8000/","user_agent":"Mozilla/5.0 (Windows NT 10.0; Win64; x64; rv:155.0) Gecko/20100101 Firefox/155.0","timestamp":"2026-09-14T00:51:16.802Z"} 
[2026-09-14 00:51:17] local.ERROR: Encountered two children with the same key, `%s`. Keys should be unique so that components maintain their identity across updates. Non-unique keys may cause children to be duplicated and/or omitted — the behavior is unsupported and could change in a future version. null {"url":"http://localhost:8000/","user_agent":"Mozilla/5.0 (Windows NT 10.0; Win64; x64; rv:155.0) Gecko/20100101 Firefox/155.0","timestamp":"2026-09-14T00:51:16.802Z"} 
[2026-09-14 00:51:31] local.DEBUG: [vite] hot updated: /resources/js/components/ecovolts/footer.tsx {"url":"http://localhost:8000/","user_agent":"Mozilla/5.0 (Windows NT 10.0; Win64; x64; rv:155.0) Gecko/20100101 Firefox/155.0","timestamp":"2026-09-14T00:51:31.681Z"} 
[2026-09-14 00:51:31] local.DEBUG: [vite] hot updated: /resources/css/app.css {"url":"http://localhost:8000/","user_agent":"Mozilla/5.0 (Windows NT 10.0; Win64; x64; rv:155.0) Gecko/20100101 Firefox/155.0","timestamp":"2026-09-14T00:51:31.681Z"} 
[2026-09-14 00:51:31] local.ERROR: Encountered two children with the same key, `%s`. Keys should be unique so that components maintain their identity across updates. Non-unique keys may cause children to be duplicated and/or omitted — the behavior is unsupported and could change in a future version. null {"url":"http://localhost:8000/","user_agent":"Mozilla/5.0 (Windows NT 10.0; Win64; x64; rv:155.0) Gecko/20100101 Firefox/155.0","timestamp":"2026-09-14T00:51:31.700Z"} 
[2026-09-14 00:51:31] local.ERROR: Encountered two children with the same key, `%s`. Keys should be unique so that components maintain their identity across updates. Non-unique keys may cause children to be duplicated and/or omitted — the behavior is unsupported and could change in a future version. null {"url":"http://localhost:8000/","user_agent":"Mozilla/5.0 (Windows NT 10.0; Win64; x64; rv:155.0) Gecko/20100101 Firefox/155.0","timestamp":"2026-09-14T00:51:31.700Z"} 
[2026-09-14 00:51:35] local.DEBUG: [vite] hot updated: /resources/js/components/ecovolts/footer.tsx {"url":"http://localhost:8000/","user_agent":"Mozilla/5.0 (Windows NT 10.0; Win64; x64; rv:155.0) Gecko/20100101 Firefox/155.0","timestamp":"2026-09-14T00:51:34.965Z"} 
[2026-09-14 00:51:35] local.DEBUG: [vite] hot updated: /resources/css/app.css {"url":"http://localhost:8000/","user_agent":"Mozilla/5.0 (Windows NT 10.0; Win64; x64; rv:155.0) Gecko/20100101 Firefox/155.0","timestamp":"2026-09-14T00:51:34.965Z"} 
[2026-09-14 00:51:35] local.ERROR: Encountered two children with the same key, `%s`. Keys should be unique so that components maintain their identity across updates. Non-unique keys may cause children to be duplicated and/or omitted — the behavior is unsupported and could change in a future version. null {"url":"http://localhost:8000/","user_agent":"Mozilla/5.0 (Windows NT 10.0; Win64; x64; rv:155.0) Gecko/20100101 Firefox/155.0","timestamp":"2026-09-14T00:51:34.982Z"} 
[2026-09-14 00:51:35] local.ERROR: Encountered two children with the same key, `%s`. Keys should be unique so that components maintain their identity across updates. Non-unique keys may cause children to be duplicated and/or omitted — the behavior is unsupported and could change in a future version. null {"url":"http://localhost:8000/","user_agent":"Mozilla/5.0 (Windows NT 10.0; Win64; x64; rv:155.0) Gecko/20100101 Firefox/155.0","timestamp":"2026-09-14T00:51:34.982Z"} 
[2026-09-14 00:51:41] local.DEBUG: [vite] hot updated: /resources/js/components/ecovolts/footer.tsx {"url":"http://localhost:8000/","user_agent":"Mozilla/5.0 (Windows NT 10.0; Win64; x64; rv:155.0) Gecko/20100101 Firefox/155.0","timestamp":"2026-09-14T00:51:41.579Z"} 
[2026-09-14 00:51:41] local.DEBUG: [vite] hot updated: /resources/css/app.css {"url":"http://localhost:8000/","user_agent":"Mozilla/5.0 (Windows NT 10.0; Win64; x64; rv:155.0) Gecko/20100101 Firefox/155.0","timestamp":"2026-09-14T00:51:41.579Z"} 
[2026-09-14 00:51:41] local.ERROR: Encountered two children with the same key, `%s`. Keys should be unique so that components maintain their identity across updates. Non-unique keys may cause children to be duplicated and/or omitted — the behavior is unsupported and could change in a future version. null {"url":"http://localhost:8000/","user_agent":"Mozilla/5.0 (Windows NT 10.0; Win64; x64; rv:155.0) Gecko/20100101 Firefox/155.0","timestamp":"2026-09-14T00:51:41.596Z"} 
[2026-09-14 00:51:41] local.ERROR: Encountered two children with the same key, `%s`. Keys should be unique so that components maintain their identity across updates. Non-unique keys may cause children to be duplicated and/or omitted — the behavior is unsupported and could change in a future version. null {"url":"http://localhost:8000/","user_agent":"Mozilla/5.0 (Windows NT 10.0; Win64; x64; rv:155.0) Gecko/20100101 Firefox/155.0","timestamp":"2026-09-14T00:51:41.596Z"} 
[2026-09-14 00:51:45] local.DEBUG: [vite] hot updated: /resources/js/components/ecovolts/footer.tsx {"url":"http://localhost:8000/","user_agent":"Mozilla/5.0 (Windows NT 10.0; Win64; x64; rv:155.0) Gecko/20100101 Firefox/155.0","timestamp":"2026-09-14T00:51:45.712Z"} 
[2026-09-14 00:51:45] local.DEBUG: [vite] hot updated: /resources/css/app.css {"url":"http://localhost:8000/","user_agent":"Mozilla/5.0 (Windows NT 10.0; Win64; x64; rv:155.0) Gecko/20100101 Firefox/155.0","timestamp":"2026-09-14T00:51:45.712Z"} 
[2026-09-14 00:51:45] local.ERROR: Encountered two children with the same key, `%s`. Keys should be unique so that components maintain their identity across updates. Non-unique keys may cause children to be duplicated and/or omitted — the behavior is unsupported and could change in a future version. null {"url":"http://localhost:8000/","user_agent":"Mozilla/5.0 (Windows NT 10.0; Win64; x64; rv:155.0) Gecko/20100101 Firefox/155.0","timestamp":"2026-09-14T00:51:45.729Z"} 
[2026-09-14 00:51:45] local.ERROR: Encountered two children with the same key, `%s`. Keys should be unique so that components maintain their identity across updates. Non-unique keys may cause children to be duplicated and/or omitted — the behavior is unsupported and could change in a future version. null {"url":"http://localhost:8000/","user_agent":"Mozilla/5.0 (Windows NT 10.0; Win64; x64; rv:155.0) Gecko/20100101 Firefox/155.0","timestamp":"2026-09-14T00:51:45.729Z"} 
[2026-09-14 00:51:49] local.DEBUG: [vite] hot updated: /resources/js/components/ecovolts/footer.tsx {"url":"http://localhost:8000/","user_agent":"Mozilla/5.0 (Windows NT 10.0; Win64; x64; rv:155.0) Gecko/20100101 Firefox/155.0","timestamp":"2026-09-14T00:51:48.773Z"} 
[2026-09-14 00:51:49] local.DEBUG: [vite] hot updated: /resources/css/app.css {"url":"http://localhost:8000/","user_agent":"Mozilla/5.0 (Windows NT 10.0; Win64; x64; rv:155.0) Gecko/20100101 Firefox/155.0","timestamp":"2026-09-14T00:51:48.773Z"} 
[2026-09-14 00:51:49] local.ERROR: Encountered two children with the same key, `%s`. Keys should be unique so that components maintain their identity across updates. Non-unique keys may cause children to be duplicated and/or omitted — the behavior is unsupported and could change in a future version. null {"url":"http://localhost:8000/","user_agent":"Mozilla/5.0 (Windows NT 10.0; Win64; x64; rv:155.0) Gecko/20100101 Firefox/155.0","timestamp":"2026-09-14T00:51:48.790Z"} 
[2026-09-14 00:51:49] local.ERROR: Encountered two children with the same key, `%s`. Keys should be unique so that components maintain their identity across updates. Non-unique keys may cause children to be duplicated and/or omitted — the behavior is unsupported and could change in a future version. null {"url":"http://localhost:8000/","user_agent":"Mozilla/5.0 (Windows NT 10.0; Win64; x64; rv:155.0) Gecko/20100101 Firefox/155.0","timestamp":"2026-09-14T00:51:48.790Z"} 
[2026-09-14 00:51:54] local.DEBUG: [vite] hot updated: /resources/js/components/ecovolts/footer.tsx {"url":"http://localhost:8000/","user_agent":"Mozilla/5.0 (Windows NT 10.0; Win64; x64; rv:155.0) Gecko/20100101 Firefox/155.0","timestamp":"2026-09-14T00:51:54.198Z"} 
[2026-09-14 00:51:54] local.DEBUG: [vite] hot updated: /resources/css/app.css {"url":"http://localhost:8000/","user_agent":"Mozilla/5.0 (Windows NT 10.0; Win64; x64; rv:155.0) Gecko/20100101 Firefox/155.0","timestamp":"2026-09-14T00:51:54.198Z"} 
[2026-09-14 00:51:54] local.ERROR: Encountered two children with the same key, `%s`. Keys should be unique so that components maintain their identity across updates. Non-unique keys may cause children to be duplicated and/or omitted — the behavior is unsupported and could change in a future version. null {"url":"http://localhost:8000/","user_agent":"Mozilla/5.0 (Windows NT 10.0; Win64; x64; rv:155.0) Gecko/20100101 Firefox/155.0","timestamp":"2026-09-14T00:51:54.215Z"} 
[2026-09-14 00:51:54] local.ERROR: Encountered two children with the same key, `%s`. Keys should be unique so that components maintain their identity across updates. Non-unique keys may cause children to be duplicated and/or omitted — the behavior is unsupported and could change in a future version. null {"url":"http://localhost:8000/","user_agent":"Mozilla/5.0 (Windows NT 10.0; Win64; x64; rv:155.0) Gecko/20100101 Firefox/155.0","timestamp":"2026-09-14T00:51:54.215Z"} 
[2026-09-14 00:51:55] local.DEBUG: [vite] hot updated: /resources/js/components/ecovolts/footer.tsx {"url":"http://localhost:8000/","user_agent":"Mozilla/5.0 (Windows NT 10.0; Win64; x64; rv:155.0) Gecko/20100101 Firefox/155.0","timestamp":"2026-09-14T00:51:55.063Z"} 
[2026-09-14 00:51:55] local.DEBUG: [vite] hot updated: /resources/css/app.css {"url":"http://localhost:8000/","user_agent":"Mozilla/5.0 (Windows NT 10.0; Win64; x64; rv:155.0) Gecko/20100101 Firefox/155.0","timestamp":"2026-09-14T00:51:55.063Z"} 
[2026-09-14 00:51:55] local.ERROR: Encountered two children with the same key, `%s`. Keys should be unique so that components maintain their identity across updates. Non-unique keys may cause children to be duplicated and/or omitted — the behavior is unsupported and could change in a future version. null {"url":"http://localhost:8000/","user_agent":"Mozilla/5.0 (Windows NT 10.0; Win64; x64; rv:155.0) Gecko/20100101 Firefox/155.0","timestamp":"2026-09-14T00:51:55.080Z"} 
[2026-09-14 00:51:55] local.ERROR: Encountered two children with the same key, `%s`. Keys should be unique so that components maintain their identity across updates. Non-unique keys may cause children to be duplicated and/or omitted — the behavior is unsupported and could change in a future version. null {"url":"http://localhost:8000/","user_agent":"Mozilla/5.0 (Windows NT 10.0; Win64; x64; rv:155.0) Gecko/20100101 Firefox/155.0","timestamp":"2026-09-14T00:51:55.080Z"} 
[2026-09-14 00:52:33] local.DEBUG: [vite] hot updated: /resources/js/components/ecovolts/footer.tsx {"url":"http://localhost:8000/","user_agent":"Mozilla/5.0 (Windows NT 10.0; Win64; x64; rv:155.0) Gecko/20100101 Firefox/155.0","timestamp":"2026-09-14T00:52:32.806Z"} 
[2026-09-14 00:52:33] local.DEBUG: [vite] hot updated: /resources/css/app.css {"url":"http://localhost:8000/","user_agent":"Mozilla/5.0 (Windows NT 10.0; Win64; x64; rv:155.0) Gecko/20100101 Firefox/155.0","timestamp":"2026-09-14T00:52:32.806Z"} 
[2026-09-14 00:52:33] local.ERROR: Encountered two children with the same key, `%s`. Keys should be unique so that components maintain their identity across updates. Non-unique keys may cause children to be duplicated and/or omitted — the behavior is unsupported and could change in a future version. null {"url":"http://localhost:8000/","user_agent":"Mozilla/5.0 (Windows NT 10.0; Win64; x64; rv:155.0) Gecko/20100101 Firefox/155.0","timestamp":"2026-09-14T00:52:32.824Z"} 
[2026-09-14 00:52:33] local.ERROR: Encountered two children with the same key, `%s`. Keys should be unique so that components maintain their identity across updates. Non-unique keys may cause children to be duplicated and/or omitted — the behavior is unsupported and could change in a future version. null {"url":"http://localhost:8000/","user_agent":"Mozilla/5.0 (Windows NT 10.0; Win64; x64; rv:155.0) Gecko/20100101 Firefox/155.0","timestamp":"2026-09-14T00:52:32.824Z"} 
[2026-09-14 00:52:33] local.ERROR: Encountered two children with the same key, `%s`. Keys should be unique so that components maintain their identity across updates. Non-unique keys may cause children to be duplicated and/or omitted — the behavior is unsupported and could change in a future version. null {"url":"http://localhost:8000/","user_agent":"Mozilla/5.0 (Windows NT 10.0; Win64; x64; rv:155.0) Gecko/20100101 Firefox/155.0","timestamp":"2026-09-14T00:52:32.824Z"} 
[2026-09-14 00:52:33] local.ERROR: Encountered two children with the same key, `%s`. Keys should be unique so that components maintain their identity across updates. Non-unique keys may cause children to be duplicated and/or omitted — the behavior is unsupported and could change in a future version. null {"url":"http://localhost:8000/","user_agent":"Mozilla/5.0 (Windows NT 10.0; Win64; x64; rv:155.0) Gecko/20100101 Firefox/155.0","timestamp":"2026-09-14T00:52:32.824Z"} 
[2026-09-14 00:52:59] local.DEBUG: [vite] hot updated: /resources/js/components/ecovolts/footer.tsx {"url":"http://localhost:8000/","user_agent":"Mozilla/5.0 (Windows NT 10.0; Win64; x64; rv:155.0) Gecko/20100101 Firefox/155.0","timestamp":"2026-09-14T00:52:59.217Z"} 
[2026-09-14 00:52:59] local.DEBUG: [vite] hot updated: /resources/css/app.css {"url":"http://localhost:8000/","user_agent":"Mozilla/5.0 (Windows NT 10.0; Win64; x64; rv:155.0) Gecko/20100101 Firefox/155.0","timestamp":"2026-09-14T00:52:59.217Z"} 
[2026-09-14 00:52:59] local.ERROR: Encountered two children with the same key, `%s`. Keys should be unique so that components maintain their identity across updates. Non-unique keys may cause children to be duplicated and/or omitted — the behavior is unsupported and could change in a future version. null {"url":"http://localhost:8000/","user_agent":"Mozilla/5.0 (Windows NT 10.0; Win64; x64; rv:155.0) Gecko/20100101 Firefox/155.0","timestamp":"2026-09-14T00:52:59.235Z"} 
[2026-09-14 00:52:59] local.ERROR: Encountered two children with the same key, `%s`. Keys should be unique so that components maintain their identity across updates. Non-unique keys may cause children to be duplicated and/or omitted — the behavior is unsupported and could change in a future version. null {"url":"http://localhost:8000/","user_agent":"Mozilla/5.0 (Windows NT 10.0; Win64; x64; rv:155.0) Gecko/20100101 Firefox/155.0","timestamp":"2026-09-14T00:52:59.235Z"} 
[2026-09-14 00:52:59] local.ERROR: Encountered two children with the same key, `%s`. Keys should be unique so that components maintain their identity across updates. Non-unique keys may cause children to be duplicated and/or omitted — the behavior is unsupported and could change in a future version. null {"url":"http://localhost:8000/","user_agent":"Mozilla/5.0 (Windows NT 10.0; Win64; x64; rv:155.0) Gecko/20100101 Firefox/155.0","timestamp":"2026-09-14T00:52:59.235Z"} 
[2026-09-14 00:52:59] local.ERROR: Encountered two children with the same key, `%s`. Keys should be unique so that components maintain their identity across updates. Non-unique keys may cause children to be duplicated and/or omitted — the behavior is unsupported and could change in a future version. null {"url":"http://localhost:8000/","user_agent":"Mozilla/5.0 (Windows NT 10.0; Win64; x64; rv:155.0) Gecko/20100101 Firefox/155.0","timestamp":"2026-09-14T00:52:59.235Z"} 
[2026-09-14 00:53:24] local.DEBUG: [vite] hot updated: /resources/js/components/ecovolts/footer.tsx {"url":"http://localhost:8000/","user_agent":"Mozilla/5.0 (Windows NT 10.0; Win64; x64; rv:155.0) Gecko/20100101 Firefox/155.0","timestamp":"2026-09-14T00:53:23.067Z"} 
[2026-09-14 00:53:24] local.DEBUG: [vite] hot updated: /resources/css/app.css {"url":"http://localhost:8000/","user_agent":"Mozilla/5.0 (Windows NT 10.0; Win64; x64; rv:155.0) Gecko/20100101 Firefox/155.0","timestamp":"2026-09-14T00:53:23.067Z"} 
[2026-09-14 00:53:24] local.ERROR: Encountered two children with the same key, `%s`. Keys should be unique so that components maintain their identity across updates. Non-unique keys may cause children to be duplicated and/or omitted — the behavior is unsupported and could change in a future version. null {"url":"http://localhost:8000/","user_agent":"Mozilla/5.0 (Windows NT 10.0; Win64; x64; rv:155.0) Gecko/20100101 Firefox/155.0","timestamp":"2026-09-14T00:53:23.915Z"} 
[2026-09-14 00:53:24] local.ERROR: Encountered two children with the same key, `%s`. Keys should be unique so that components maintain their identity across updates. Non-unique keys may cause children to be duplicated and/or omitted — the behavior is unsupported and could change in a future version. null {"url":"http://localhost:8000/","user_agent":"Mozilla/5.0 (Windows NT 10.0; Win64; x64; rv:155.0) Gecko/20100101 Firefox/155.0","timestamp":"2026-09-14T00:53:23.915Z"} 
[2026-09-14 00:53:24] local.ERROR: Encountered two children with the same key, `%s`. Keys should be unique so that components maintain their identity across updates. Non-unique keys may cause children to be duplicated and/or omitted — the behavior is unsupported and could change in a future version. null {"url":"http://localhost:8000/","user_agent":"Mozilla/5.0 (Windows NT 10.0; Win64; x64; rv:155.0) Gecko/20100101 Firefox/155.0","timestamp":"2026-09-14T00:53:23.915Z"} 
[2026-09-14 00:53:24] local.ERROR: Encountered two children with the same key, `%s`. Keys should be unique so that components maintain their identity across updates. Non-unique keys may cause children to be duplicated and/or omitted — the behavior is unsupported and could change in a future version. null {"url":"http://localhost:8000/","user_agent":"Mozilla/5.0 (Windows NT 10.0; Win64; x64; rv:155.0) Gecko/20100101 Firefox/155.0","timestamp":"2026-09-14T00:53:23.915Z"} 
[2026-09-14 00:53:24] local.ERROR: Encountered two children with the same key, `%s`. Keys should be unique so that components maintain their identity across updates. Non-unique keys may cause children to be duplicated and/or omitted — the behavior is unsupported and could change in a future version. null {"url":"http://localhost:8000/","user_agent":"Mozilla/5.0 (Windows NT 10.0; Win64; x64; rv:155.0) Gecko/20100101 Firefox/155.0","timestamp":"2026-09-14T00:53:23.915Z"} 
[2026-09-14 00:53:46] local.DEBUG: [vite] hot updated: /resources/js/components/ecovolts/footer.tsx {"url":"http://localhost:8000/","user_agent":"Mozilla/5.0 (Windows NT 10.0; Win64; x64; rv:155.0) Gecko/20100101 Firefox/155.0","timestamp":"2026-09-14T00:53:42.151Z"} 
[2026-09-14 00:53:46] local.DEBUG: [vite] hot updated: /resources/css/app.css {"url":"http://localhost:8000/","user_agent":"Mozilla/5.0 (Windows NT 10.0; Win64; x64; rv:155.0) Gecko/20100101 Firefox/155.0","timestamp":"2026-09-14T00:53:42.151Z"} 
[2026-09-14 00:53:46] local.ERROR: ReferenceError: X is not defined http://[::1]:5173/resources/js/components/ecovolts/footer.tsx?t=1789347222101 216 13 ReferenceError X is not defined Footer@http://[::1]:5173/resources/js/components/ecovolts/footer.tsx?t=1789347222101:216:13
react-stack-bottom-frame@http://[::1]:5173/node_modules/.vite/deps/react-dom_client.js?v=024a2c6e:16192:20
renderWithHooks@http://[::1]:5173/node_modules/.vite/deps/react-dom_client.js?v=024a2c6e:4306:42
updateFunctionComponent@http://[::1]:5173/node_modules/.vite/deps/react-dom_client.js?v=024a2c6e:5972:21
beginWork@http://[::1]:5173/node_modules/.vite/deps/react-dom_client.js?v=024a2c6e:7048:20
runWithFiberInDEV@http://[::1]:5173/node_modules/.vite/deps/react-dom_client.js?v=024a2c6e:726:18
performUnitOfWork@http://[::1]:5173/node_modules/.vite/deps/react-dom_client.js?v=024a2c6e:10831:98
workLoopSync@http://[::1]:5173/node_modules/.vite/deps/react-dom_client.js?v=024a2c6e:10692:60
renderRootSync@http://[::1]:5173/node_modules/.vite/deps/react-dom_client.js?v=024a2c6e:10675:13
performWorkOnRoot@http://[::1]:5173/node_modules/.vite/deps/react-dom_client.js?v=024a2c6e:10323:46
performSyncWorkOnRoot@http://[::1]:5173/node_modules/.vite/deps/react-dom_client.js?v=024a2c6e:11448:26
flushSyncWorkAcrossRoots_impl@http://[::1]:5173/node_modules/.vite/deps/react-dom_client.js?v=024a2c6e:11356:122
flushSyncWork$1@http://[::1]:5173/node_modules/.vite/deps/react-dom_client.js?v=024a2c6e:10533:86
scheduleRefresh@http://[::1]:5173/node_modules/.vite/deps/react-dom_client.js?v=024a2c6e:381:11
performReactRefresh/<@http://[::1]:5173/@react-refresh:188:21
performReactRefresh@http://[::1]:5173/@react-refresh:180:30
enqueueUpdate<@http://[::1]:5173/@react-refresh:474:11 {"url":"http://localhost:8000/","user_agent":"Mozilla/5.0 (Windows NT 10.0; Win64; x64; rv:155.0) Gecko/20100101 Firefox/155.0","timestamp":"2026-09-14T00:53:46.654Z"} 
[2026-09-14 00:53:46] local.ERROR: ReferenceError: X is not defined http://[::1]:5173/resources/js/components/ecovolts/footer.tsx?t=1789347222101 216 13 ReferenceError X is not defined Footer@http://[::1]:5173/resources/js/components/ecovolts/footer.tsx?t=1789347222101:216:13
react-stack-bottom-frame@http://[::1]:5173/node_modules/.vite/deps/react-dom_client.js?v=024a2c6e:16192:20
renderWithHooks@http://[::1]:5173/node_modules/.vite/deps/react-dom_client.js?v=024a2c6e:4306:42
updateFunctionComponent@http://[::1]:5173/node_modules/.vite/deps/react-dom_client.js?v=024a2c6e:5972:21
beginWork@http://[::1]:5173/node_modules/.vite/deps/react-dom_client.js?v=024a2c6e:7048:20
runWithFiberInDEV@http://[::1]:5173/node_modules/.vite/deps/react-dom_client.js?v=024a2c6e:726:18
performUnitOfWork@http://[::1]:5173/node_modules/.vite/deps/react-dom_client.js?v=024a2c6e:10831:98
workLoopSync@http://[::1]:5173/node_modules/.vite/deps/react-dom_client.js?v=024a2c6e:10692:60
renderRootSync@http://[::1]:5173/node_modules/.vite/deps/react-dom_client.js?v=024a2c6e:10675:13
performWorkOnRoot@http://[::1]:5173/node_modules/.vite/deps/react-dom_client.js?v=024a2c6e:10323:46
performSyncWorkOnRoot@http://[::1]:5173/node_modules/.vite/deps/react-dom_client.js?v=024a2c6e:11448:26
flushSyncWorkAcrossRoots_impl@http://[::1]:5173/node_modules/.vite/deps/react-dom_client.js?v=024a2c6e:11356:122
flushSyncWork$1@http://[::1]:5173/node_modules/.vite/deps/react-dom_client.js?v=024a2c6e:10533:86
scheduleRefresh@http://[::1]:5173/node_modules/.vite/deps/react-dom_client.js?v=024a2c6e:381:11
performReactRefresh/<@http://[::1]:5173/@react-refresh:188:21
performReactRefresh@http://[::1]:5173/@react-refresh:180:30
enqueueUpdate<@http://[::1]:5173/@react-refresh:474:11 {"url":"http://localhost:8000/","user_agent":"Mozilla/5.0 (Windows NT 10.0; Win64; x64; rv:155.0) Gecko/20100101 Firefox/155.0","timestamp":"2026-09-14T00:53:46.654Z"} 
[2026-09-14 00:53:46] local.WARNING: %s

%s An error occurred in the <Footer> component. Consider adding an error boundary to your tree to customize error handling behavior.
Visit https://react.dev/link/error-boundaries to learn more about error boundaries. {"url":"http://localhost:8000/","user_agent":"Mozilla/5.0 (Windows NT 10.0; Win64; x64; rv:155.0) Gecko/20100101 Firefox/155.0","timestamp":"2026-09-14T00:53:46.654Z"} 
[2026-09-14 00:53:53] local.DEBUG: [vite] hot updated: /resources/js/components/ecovolts/footer.tsx {"url":"http://localhost:8000/","user_agent":"Mozilla/5.0 (Windows NT 10.0; Win64; x64; rv:155.0) Gecko/20100101 Firefox/155.0","timestamp":"2026-09-14T00:53:53.204Z"} 
[2026-09-14 00:53:53] local.DEBUG: [vite] hot updated: /resources/css/app.css {"url":"http://localhost:8000/","user_agent":"Mozilla/5.0 (Windows NT 10.0; Win64; x64; rv:155.0) Gecko/20100101 Firefox/155.0","timestamp":"2026-09-14T00:53:53.204Z"} 
[2026-09-14 00:53:53] local.ERROR: Encountered two children with the same key, `%s`. Keys should be unique so that components maintain their identity across updates. Non-unique keys may cause children to be duplicated and/or omitted — the behavior is unsupported and could change in a future version. null {"url":"http://localhost:8000/","user_agent":"Mozilla/5.0 (Windows NT 10.0; Win64; x64; rv:155.0) Gecko/20100101 Firefox/155.0","timestamp":"2026-09-14T00:53:53.224Z"} 
[2026-09-14 00:53:53] local.ERROR: Encountered two children with the same key, `%s`. Keys should be unique so that components maintain their identity across updates. Non-unique keys may cause children to be duplicated and/or omitted — the behavior is unsupported and could change in a future version. null {"url":"http://localhost:8000/","user_agent":"Mozilla/5.0 (Windows NT 10.0; Win64; x64; rv:155.0) Gecko/20100101 Firefox/155.0","timestamp":"2026-09-14T00:53:53.224Z"} 
[2026-09-14 00:53:53] local.ERROR: Encountered two children with the same key, `%s`. Keys should be unique so that components maintain their identity across updates. Non-unique keys may cause children to be duplicated and/or omitted — the behavior is unsupported and could change in a future version. null {"url":"http://localhost:8000/","user_agent":"Mozilla/5.0 (Windows NT 10.0; Win64; x64; rv:155.0) Gecko/20100101 Firefox/155.0","timestamp":"2026-09-14T00:53:53.224Z"} 
[2026-09-14 00:53:53] local.ERROR: Encountered two children with the same key, `%s`. Keys should be unique so that components maintain their identity across updates. Non-unique keys may cause children to be duplicated and/or omitted — the behavior is unsupported and could change in a future version. null {"url":"http://localhost:8000/","user_agent":"Mozilla/5.0 (Windows NT 10.0; Win64; x64; rv:155.0) Gecko/20100101 Firefox/155.0","timestamp":"2026-09-14T00:53:53.224Z"} 
[2026-09-14 00:53:53] local.ERROR: Encountered two children with the same key, `%s`. Keys should be unique so that components maintain their identity across updates. Non-unique keys may cause children to be duplicated and/or omitted — the behavior is unsupported and could change in a future version. null {"url":"http://localhost:8000/","user_agent":"Mozilla/5.0 (Windows NT 10.0; Win64; x64; rv:155.0) Gecko/20100101 Firefox/155.0","timestamp":"2026-09-14T00:53:53.224Z"} 
[2026-09-14 00:53:53] local.ERROR: Encountered two children with the same key, `%s`. Keys should be unique so that components maintain their identity across updates. Non-unique keys may cause children to be duplicated and/or omitted — the behavior is unsupported and could change in a future version. null {"url":"http://localhost:8000/","user_agent":"Mozilla/5.0 (Windows NT 10.0; Win64; x64; rv:155.0) Gecko/20100101 Firefox/155.0","timestamp":"2026-09-14T00:53:53.236Z"} 
[2026-09-14 00:53:53] local.ERROR: Encountered two children with the same key, `%s`. Keys should be unique so that components maintain their identity across updates. Non-unique keys may cause children to be duplicated and/or omitted — the behavior is unsupported and could change in a future version. null {"url":"http://localhost:8000/","user_agent":"Mozilla/5.0 (Windows NT 10.0; Win64; x64; rv:155.0) Gecko/20100101 Firefox/155.0","timestamp":"2026-09-14T00:53:53.236Z"} 
[2026-09-14 00:53:53] local.ERROR: Encountered two children with the same key, `%s`. Keys should be unique so that components maintain their identity across updates. Non-unique keys may cause children to be duplicated and/or omitted — the behavior is unsupported and could change in a future version. null {"url":"http://localhost:8000/","user_agent":"Mozilla/5.0 (Windows NT 10.0; Win64; x64; rv:155.0) Gecko/20100101 Firefox/155.0","timestamp":"2026-09-14T00:53:53.236Z"} 
[2026-09-14 00:53:53] local.ERROR: Encountered two children with the same key, `%s`. Keys should be unique so that components maintain their identity across updates. Non-unique keys may cause children to be duplicated and/or omitted — the behavior is unsupported and could change in a future version. null {"url":"http://localhost:8000/","user_agent":"Mozilla/5.0 (Windows NT 10.0; Win64; x64; rv:155.0) Gecko/20100101 Firefox/155.0","timestamp":"2026-09-14T00:53:53.236Z"} 
[2026-09-14 00:53:53] local.ERROR: Encountered two children with the same key, `%s`. Keys should be unique so that components maintain their identity across updates. Non-unique keys may cause children to be duplicated and/or omitted — the behavior is unsupported and could change in a future version. null {"url":"http://localhost:8000/","user_agent":"Mozilla/5.0 (Windows NT 10.0; Win64; x64; rv:155.0) Gecko/20100101 Firefox/155.0","timestamp":"2026-09-14T00:53:53.236Z"} 
[2026-09-14 00:59:55] local.DEBUG: [vite] connecting... {"url":"http://localhost:8000/","user_agent":"Mozilla/5.0 (Windows NT 10.0; Win64; x64; rv:155.0) Gecko/20100101 Firefox/155.0","timestamp":"2026-09-14T00:59:55.222Z"} 
[2026-09-14 00:59:55] local.DEBUG: [vite] connected. {"url":"http://localhost:8000/","user_agent":"Mozilla/5.0 (Windows NT 10.0; Win64; x64; rv:155.0) Gecko/20100101 Firefox/155.0","timestamp":"2026-09-14T00:59:55.226Z"} 
[2026-09-14 00:59:59] local.DEBUG: [vite] connecting... {"url":"http://localhost:8000/","user_agent":"Mozilla/5.0 (Windows NT 10.0; Win64; x64; rv:155.0) Gecko/20100101 Firefox/155.0","timestamp":"2026-09-14T00:59:58.927Z"} 
[2026-09-14 00:59:59] local.DEBUG: [vite] connected. {"url":"http://localhost:8000/","user_agent":"Mozilla/5.0 (Windows NT 10.0; Win64; x64; rv:155.0) Gecko/20100101 Firefox/155.0","timestamp":"2026-09-14T00:59:58.937Z"} 
[2026-09-14 01:00:00] local.INFO: %cDownload the React DevTools for a better development experience: https://react.dev/link/react-devtools font-weight:bold {"url":"http://localhost:8000/","user_agent":"Mozilla/5.0 (Windows NT 10.0; Win64; x64; rv:155.0) Gecko/20100101 Firefox/155.0","timestamp":"2026-09-14T01:00:00.190Z"} 
[2026-09-14 01:00:00] local.ERROR: Each child in a list should have a unique "key" prop.%s%s See https://react.dev/link/warning-keys for more information. Check the render method of `Welcome`. null {"url":"http://localhost:8000/","user_agent":"Mozilla/5.0 (Windows NT 10.0; Win64; x64; rv:155.0) Gecko/20100101 Firefox/155.0","timestamp":"2026-09-14T01:00:00.203Z"} 
[2026-09-14 01:00:00] local.ERROR: Each child in a list should have a unique "key" prop.%s%s See https://react.dev/link/warning-keys for more information. Check the render method of `Footer`. null {"url":"http://localhost:8000/","user_agent":"Mozilla/5.0 (Windows NT 10.0; Win64; x64; rv:155.0) Gecko/20100101 Firefox/155.0","timestamp":"2026-09-14T01:00:00.211Z"} 
[2026-09-14 01:00:00] local.ERROR: Encountered two children with the same key, `%s`. Keys should be unique so that components maintain their identity across updates. Non-unique keys may cause children to be duplicated and/or omitted — the behavior is unsupported and could change in a future version. null {"url":"http://localhost:8000/","user_agent":"Mozilla/5.0 (Windows NT 10.0; Win64; x64; rv:155.0) Gecko/20100101 Firefox/155.0","timestamp":"2026-09-14T01:00:00.213Z"} 
[2026-09-14 01:00:00] local.ERROR: Encountered two children with the same key, `%s`. Keys should be unique so that components maintain their identity across updates. Non-unique keys may cause children to be duplicated and/or omitted — the behavior is unsupported and could change in a future version. null {"url":"http://localhost:8000/","user_agent":"Mozilla/5.0 (Windows NT 10.0; Win64; x64; rv:155.0) Gecko/20100101 Firefox/155.0","timestamp":"2026-09-14T01:00:00.213Z"} 
[2026-09-14 01:00:00] local.ERROR: Encountered two children with the same key, `%s`. Keys should be unique so that components maintain their identity across updates. Non-unique keys may cause children to be duplicated and/or omitted — the behavior is unsupported and could change in a future version. null {"url":"http://localhost:8000/","user_agent":"Mozilla/5.0 (Windows NT 10.0; Win64; x64; rv:155.0) Gecko/20100101 Firefox/155.0","timestamp":"2026-09-14T01:00:00.214Z"} 
[2026-09-14 01:00:00] local.ERROR: Encountered two children with the same key, `%s`. Keys should be unique so that components maintain their identity across updates. Non-unique keys may cause children to be duplicated and/or omitted — the behavior is unsupported and could change in a future version. null {"url":"http://localhost:8000/","user_agent":"Mozilla/5.0 (Windows NT 10.0; Win64; x64; rv:155.0) Gecko/20100101 Firefox/155.0","timestamp":"2026-09-14T01:00:00.214Z"} 
[2026-09-14 01:00:00] local.ERROR: Encountered two children with the same key, `%s`. Keys should be unique so that components maintain their identity across updates. Non-unique keys may cause children to be duplicated and/or omitted — the behavior is unsupported and could change in a future version. null {"url":"http://localhost:8000/","user_agent":"Mozilla/5.0 (Windows NT 10.0; Win64; x64; rv:155.0) Gecko/20100101 Firefox/155.0","timestamp":"2026-09-14T01:00:00.214Z"} 
[2026-09-14 01:00:00] local.ERROR: Encountered two children with the same key, `%s`. Keys should be unique so that components maintain their identity across updates. Non-unique keys may cause children to be duplicated and/or omitted — the behavior is unsupported and could change in a future version. null {"url":"http://localhost:8000/","user_agent":"Mozilla/5.0 (Windows NT 10.0; Win64; x64; rv:155.0) Gecko/20100101 Firefox/155.0","timestamp":"2026-09-14T01:00:00.236Z"} 
[2026-09-14 01:00:00] local.ERROR: Encountered two children with the same key, `%s`. Keys should be unique so that components maintain their identity across updates. Non-unique keys may cause children to be duplicated and/or omitted — the behavior is unsupported and could change in a future version. null {"url":"http://localhost:8000/","user_agent":"Mozilla/5.0 (Windows NT 10.0; Win64; x64; rv:155.0) Gecko/20100101 Firefox/155.0","timestamp":"2026-09-14T01:00:00.236Z"} 
[2026-09-14 01:00:00] local.ERROR: Encountered two children with the same key, `%s`. Keys should be unique so that components maintain their identity across updates. Non-unique keys may cause children to be duplicated and/or omitted — the behavior is unsupported and could change in a future version. null {"url":"http://localhost:8000/","user_agent":"Mozilla/5.0 (Windows NT 10.0; Win64; x64; rv:155.0) Gecko/20100101 Firefox/155.0","timestamp":"2026-09-14T01:00:00.237Z"} 
[2026-09-14 01:00:00] local.ERROR: Encountered two children with the same key, `%s`. Keys should be unique so that components maintain their identity across updates. Non-unique keys may cause children to be duplicated and/or omitted — the behavior is unsupported and could change in a future version. null {"url":"http://localhost:8000/","user_agent":"Mozilla/5.0 (Windows NT 10.0; Win64; x64; rv:155.0) Gecko/20100101 Firefox/155.0","timestamp":"2026-09-14T01:00:00.237Z"} 
[2026-09-14 01:00:00] local.ERROR: Encountered two children with the same key, `%s`. Keys should be unique so that components maintain their identity across updates. Non-unique keys may cause children to be duplicated and/or omitted — the behavior is unsupported and could change in a future version. null {"url":"http://localhost:8000/","user_agent":"Mozilla/5.0 (Windows NT 10.0; Win64; x64; rv:155.0) Gecko/20100101 Firefox/155.0","timestamp":"2026-09-14T01:00:00.237Z"} 
[2026-09-14 01:00:12] local.ERROR: [vite] TypeError error loading dynamically imported module: http://[::1]:5173/node_modules/.vite/deps/@icons-pack_react-simple-icons.js?v=83c6c47e null {"url":"http://localhost:8000/","user_agent":"Mozilla/5.0 (Windows NT 10.0; Win64; x64; rv:155.0) Gecko/20100101 Firefox/155.0","timestamp":"2026-09-14T01:00:11.904Z"} 
[2026-09-14 01:00:12] local.ERROR: [vite] Failed to reload /resources/js/components/ecovolts/footer.tsx. This could be due to syntax errors or importing non-existent modules. (see errors above) {"url":"http://localhost:8000/","user_agent":"Mozilla/5.0 (Windows NT 10.0; Win64; x64; rv:155.0) Gecko/20100101 Firefox/155.0","timestamp":"2026-09-14T01:00:11.904Z"} 
[2026-09-14 01:00:12] local.DEBUG: [vite] hot updated: /resources/js/components/ecovolts/footer.tsx {"url":"http://localhost:8000/","user_agent":"Mozilla/5.0 (Windows NT 10.0; Win64; x64; rv:155.0) Gecko/20100101 Firefox/155.0","timestamp":"2026-09-14T01:00:11.904Z"} 
[2026-09-14 01:00:12] local.DEBUG: [vite] hot updated: /resources/css/app.css {"url":"http://localhost:8000/","user_agent":"Mozilla/5.0 (Windows NT 10.0; Win64; x64; rv:155.0) Gecko/20100101 Firefox/155.0","timestamp":"2026-09-14T01:00:11.904Z"} 
[2026-09-14 01:00:12] local.DEBUG: [vite] connecting... {"url":"http://localhost:8000/","user_agent":"Mozilla/5.0 (Windows NT 10.0; Win64; x64; rv:155.0) Gecko/20100101 Firefox/155.0","timestamp":"2026-09-14T01:00:12.420Z"} 
[2026-09-14 01:00:12] local.DEBUG: [vite] connected. {"url":"http://localhost:8000/","user_agent":"Mozilla/5.0 (Windows NT 10.0; Win64; x64; rv:155.0) Gecko/20100101 Firefox/155.0","timestamp":"2026-09-14T01:00:12.434Z"} 
[2026-09-14 01:00:12] local.INFO: %cDownload the React DevTools for a better development experience: https://react.dev/link/react-devtools font-weight:bold {"url":"http://localhost:8000/","user_agent":"Mozilla/5.0 (Windows NT 10.0; Win64; x64; rv:155.0) Gecko/20100101 Firefox/155.0","timestamp":"2026-09-14T01:00:12.440Z"} 
[2026-09-14 01:00:15] local.ERROR: Unhandled Promise Rejection TypeError error loading dynamically imported module: http://[::1]:5173/node_modules/.vite/deps/@icons-pack_react-simple-icons.js?v=83c6c47e null {"url":"http://localhost:8000/","user_agent":"Mozilla/5.0 (Windows NT 10.0; Win64; x64; rv:155.0) Gecko/20100101 Firefox/155.0","timestamp":"2026-09-14T01:00:15.489Z"} 
[2026-09-14 01:00:16] local.DEBUG: [vite] connecting... {"url":"http://localhost:8000/","user_agent":"Mozilla/5.0 (Windows NT 10.0; Win64; x64; rv:155.0) Gecko/20100101 Firefox/155.0","timestamp":"2026-09-14T01:00:15.810Z"} 
[2026-09-14 01:00:16] local.DEBUG: [vite] connected. {"url":"http://localhost:8000/","user_agent":"Mozilla/5.0 (Windows NT 10.0; Win64; x64; rv:155.0) Gecko/20100101 Firefox/155.0","timestamp":"2026-09-14T01:00:15.884Z"} 
[2026-09-14 01:00:16] local.INFO: %cDownload the React DevTools for a better development experience: https://react.dev/link/react-devtools font-weight:bold {"url":"http://localhost:8000/","user_agent":"Mozilla/5.0 (Windows NT 10.0; Win64; x64; rv:155.0) Gecko/20100101 Firefox/155.0","timestamp":"2026-09-14T01:00:16.074Z"} 
[2026-09-14 01:00:16] local.ERROR: Each child in a list should have a unique "key" prop.%s%s See https://react.dev/link/warning-keys for more information. Check the render method of `Welcome`. null {"url":"http://localhost:8000/","user_agent":"Mozilla/5.0 (Windows NT 10.0; Win64; x64; rv:155.0) Gecko/20100101 Firefox/155.0","timestamp":"2026-09-14T01:00:16.641Z"} 
[2026-09-14 01:00:16] local.ERROR: Each child in a list should have a unique "key" prop.%s%s See https://react.dev/link/warning-keys for more information. Check the render method of `Footer`. null {"url":"http://localhost:8000/","user_agent":"Mozilla/5.0 (Windows NT 10.0; Win64; x64; rv:155.0) Gecko/20100101 Firefox/155.0","timestamp":"2026-09-14T01:00:16.648Z"} 
[2026-09-14 01:00:16] local.ERROR: Encountered two children with the same key, `%s`. Keys should be unique so that components maintain their identity across updates. Non-unique keys may cause children to be duplicated and/or omitted — the behavior is unsupported and could change in a future version. null {"url":"http://localhost:8000/","user_agent":"Mozilla/5.0 (Windows NT 10.0; Win64; x64; rv:155.0) Gecko/20100101 Firefox/155.0","timestamp":"2026-09-14T01:00:16.649Z"} 
[2026-09-14 01:00:16] local.ERROR: Encountered two children with the same key, `%s`. Keys should be unique so that components maintain their identity across updates. Non-unique keys may cause children to be duplicated and/or omitted — the behavior is unsupported and could change in a future version. null {"url":"http://localhost:8000/","user_agent":"Mozilla/5.0 (Windows NT 10.0; Win64; x64; rv:155.0) Gecko/20100101 Firefox/155.0","timestamp":"2026-09-14T01:00:16.649Z"} 
[2026-09-14 01:00:16] local.ERROR: Encountered two children with the same key, `%s`. Keys should be unique so that components maintain their identity across updates. Non-unique keys may cause children to be duplicated and/or omitted — the behavior is unsupported and could change in a future version. null {"url":"http://localhost:8000/","user_agent":"Mozilla/5.0 (Windows NT 10.0; Win64; x64; rv:155.0) Gecko/20100101 Firefox/155.0","timestamp":"2026-09-14T01:00:16.651Z"} 
[2026-09-14 01:00:16] local.ERROR: Encountered two children with the same key, `%s`. Keys should be unique so that components maintain their identity across updates. Non-unique keys may cause children to be duplicated and/or omitted — the behavior is unsupported and could change in a future version. null {"url":"http://localhost:8000/","user_agent":"Mozilla/5.0 (Windows NT 10.0; Win64; x64; rv:155.0) Gecko/20100101 Firefox/155.0","timestamp":"2026-09-14T01:00:16.651Z"} 
[2026-09-14 01:00:16] local.ERROR: Encountered two children with the same key, `%s`. Keys should be unique so that components maintain their identity across updates. Non-unique keys may cause children to be duplicated and/or omitted — the behavior is unsupported and could change in a future version. null {"url":"http://localhost:8000/","user_agent":"Mozilla/5.0 (Windows NT 10.0; Win64; x64; rv:155.0) Gecko/20100101 Firefox/155.0","timestamp":"2026-09-14T01:00:16.651Z"} 
[2026-09-14 01:00:16] local.ERROR: Encountered two children with the same key, `%s`. Keys should be unique so that components maintain their identity across updates. Non-unique keys may cause children to be duplicated and/or omitted — the behavior is unsupported and could change in a future version. null {"url":"http://localhost:8000/","user_agent":"Mozilla/5.0 (Windows NT 10.0; Win64; x64; rv:155.0) Gecko/20100101 Firefox/155.0","timestamp":"2026-09-14T01:00:16.668Z"} 
[2026-09-14 01:00:16] local.ERROR: Encountered two children with the same key, `%s`. Keys should be unique so that components maintain their identity across updates. Non-unique keys may cause children to be duplicated and/or omitted — the behavior is unsupported and could change in a future version. null {"url":"http://localhost:8000/","user_agent":"Mozilla/5.0 (Windows NT 10.0; Win64; x64; rv:155.0) Gecko/20100101 Firefox/155.0","timestamp":"2026-09-14T01:00:16.668Z"} 
[2026-09-14 01:00:16] local.ERROR: Encountered two children with the same key, `%s`. Keys should be unique so that components maintain their identity across updates. Non-unique keys may cause children to be duplicated and/or omitted — the behavior is unsupported and could change in a future version. null {"url":"http://localhost:8000/","user_agent":"Mozilla/5.0 (Windows NT 10.0; Win64; x64; rv:155.0) Gecko/20100101 Firefox/155.0","timestamp":"2026-09-14T01:00:16.669Z"} 
[2026-09-14 01:00:16] local.ERROR: Encountered two children with the same key, `%s`. Keys should be unique so that components maintain their identity across updates. Non-unique keys may cause children to be duplicated and/or omitted — the behavior is unsupported and could change in a future version. null {"url":"http://localhost:8000/","user_agent":"Mozilla/5.0 (Windows NT 10.0; Win64; x64; rv:155.0) Gecko/20100101 Firefox/155.0","timestamp":"2026-09-14T01:00:16.669Z"} 
[2026-09-14 01:00:16] local.ERROR: Encountered two children with the same key, `%s`. Keys should be unique so that components maintain their identity across updates. Non-unique keys may cause children to be duplicated and/or omitted — the behavior is unsupported and could change in a future version. null {"url":"http://localhost:8000/","user_agent":"Mozilla/5.0 (Windows NT 10.0; Win64; x64; rv:155.0) Gecko/20100101 Firefox/155.0","timestamp":"2026-09-14T01:00:16.669Z"} 
[2026-09-14 01:00:33] local.DEBUG: [vite] hot updated: /resources/js/components/ecovolts/footer.tsx {"url":"http://localhost:8000/","user_agent":"Mozilla/5.0 (Windows NT 10.0; Win64; x64; rv:155.0) Gecko/20100101 Firefox/155.0","timestamp":"2026-09-14T01:00:33.710Z"} 
[2026-09-14 01:00:33] local.DEBUG: [vite] hot updated: /resources/css/app.css {"url":"http://localhost:8000/","user_agent":"Mozilla/5.0 (Windows NT 10.0; Win64; x64; rv:155.0) Gecko/20100101 Firefox/155.0","timestamp":"2026-09-14T01:00:33.710Z"} 
[2026-09-14 01:00:33] local.ERROR: ReferenceError: Instagram is not defined http://[::1]:5173/resources/js/components/ecovolts/footer.tsx?t=1789347633631 199 13 ReferenceError Instagram is not defined Footer@http://[::1]:5173/resources/js/components/ecovolts/footer.tsx?t=1789347633631:199:13
react-stack-bottom-frame@http://[::1]:5173/node_modules/.vite/deps/react-dom_client.js?v=9e5c15c8:16192:20
renderWithHooks@http://[::1]:5173/node_modules/.vite/deps/react-dom_client.js?v=9e5c15c8:4306:42
updateFunctionComponent@http://[::1]:5173/node_modules/.vite/deps/react-dom_client.js?v=9e5c15c8:5972:21
beginWork@http://[::1]:5173/node_modules/.vite/deps/react-dom_client.js?v=9e5c15c8:7048:20
runWithFiberInDEV@http://[::1]:5173/node_modules/.vite/deps/react-dom_client.js?v=9e5c15c8:726:18
performUnitOfWork@http://[::1]:5173/node_modules/.vite/deps/react-dom_client.js?v=9e5c15c8:10831:98
workLoopSync@http://[::1]:5173/node_modules/.vite/deps/react-dom_client.js?v=9e5c15c8:10692:60
renderRootSync@http://[::1]:5173/node_modules/.vite/deps/react-dom_client.js?v=9e5c15c8:10675:13
performWorkOnRoot@http://[::1]:5173/node_modules/.vite/deps/react-dom_client.js?v=9e5c15c8:10323:46
performSyncWorkOnRoot@http://[::1]:5173/node_modules/.vite/deps/react-dom_client.js?v=9e5c15c8:11448:26
flushSyncWorkAcrossRoots_impl@http://[::1]:5173/node_modules/.vite/deps/react-dom_client.js?v=9e5c15c8:11356:122
flushSyncWork$1@http://[::1]:5173/node_modules/.vite/deps/react-dom_client.js?v=9e5c15c8:10533:86
scheduleRefresh@http://[::1]:5173/node_modules/.vite/deps/react-dom_client.js?v=9e5c15c8:381:11
performReactRefresh/<@http://[::1]:5173/@react-refresh:188:21
performReactRefresh@http://[::1]:5173/@react-refresh:180:30
enqueueUpdate<@http://[::1]:5173/@react-refresh:474:11 {"url":"http://localhost:8000/","user_agent":"Mozilla/5.0 (Windows NT 10.0; Win64; x64; rv:155.0) Gecko/20100101 Firefox/155.0","timestamp":"2026-09-14T01:00:33.733Z"} 
[2026-09-14 01:00:33] local.ERROR: ReferenceError: Instagram is not defined http://[::1]:5173/resources/js/components/ecovolts/footer.tsx?t=1789347633631 199 13 ReferenceError Instagram is not defined Footer@http://[::1]:5173/resources/js/components/ecovolts/footer.tsx?t=1789347633631:199:13
react-stack-bottom-frame@http://[::1]:5173/node_modules/.vite/deps/react-dom_client.js?v=9e5c15c8:16192:20
renderWithHooks@http://[::1]:5173/node_modules/.vite/deps/react-dom_client.js?v=9e5c15c8:4306:42
updateFunctionComponent@http://[::1]:5173/node_modules/.vite/deps/react-dom_client.js?v=9e5c15c8:5972:21
beginWork@http://[::1]:5173/node_modules/.vite/deps/react-dom_client.js?v=9e5c15c8:7048:20
runWithFiberInDEV@http://[::1]:5173/node_modules/.vite/deps/react-dom_client.js?v=9e5c15c8:726:18
performUnitOfWork@http://[::1]:5173/node_modules/.vite/deps/react-dom_client.js?v=9e5c15c8:10831:98
workLoopSync@http://[::1]:5173/node_modules/.vite/deps/react-dom_client.js?v=9e5c15c8:10692:60
renderRootSync@http://[::1]:5173/node_modules/.vite/deps/react-dom_client.js?v=9e5c15c8:10675:13
performWorkOnRoot@http://[::1]:5173/node_modules/.vite/deps/react-dom_client.js?v=9e5c15c8:10323:46
performSyncWorkOnRoot@http://[::1]:5173/node_modules/.vite/deps/react-dom_client.js?v=9e5c15c8:11448:26
flushSyncWorkAcrossRoots_impl@http://[::1]:5173/node_modules/.vite/deps/react-dom_client.js?v=9e5c15c8:11356:122
flushSyncWork$1@http://[::1]:5173/node_modules/.vite/deps/react-dom_client.js?v=9e5c15c8:10533:86
scheduleRefresh@http://[::1]:5173/node_modules/.vite/deps/react-dom_client.js?v=9e5c15c8:381:11
performReactRefresh/<@http://[::1]:5173/@react-refresh:188:21
performReactRefresh@http://[::1]:5173/@react-refresh:180:30
enqueueUpdate<@http://[::1]:5173/@react-refresh:474:11 {"url":"http://localhost:8000/","user_agent":"Mozilla/5.0 (Windows NT 10.0; Win64; x64; rv:155.0) Gecko/20100101 Firefox/155.0","timestamp":"2026-09-14T01:00:33.733Z"} 
[2026-09-14 01:00:33] local.WARNING: %s

%s An error occurred in the <Footer> component. Consider adding an error boundary to your tree to customize error handling behavior.
Visit https://react.dev/link/error-boundaries to learn more about error boundaries. {"url":"http://localhost:8000/","user_agent":"Mozilla/5.0 (Windows NT 10.0; Win64; x64; rv:155.0) Gecko/20100101 Firefox/155.0","timestamp":"2026-09-14T01:00:33.733Z"} 
[2026-09-14 01:01:07] local.DEBUG: [vite] hot updated: /resources/js/components/ecovolts/footer.tsx {"url":"http://localhost:8000/","user_agent":"Mozilla/5.0 (Windows NT 10.0; Win64; x64; rv:155.0) Gecko/20100101 Firefox/155.0","timestamp":"2026-09-14T01:01:03.034Z"} 
[2026-09-14 01:01:07] local.DEBUG: [vite] hot updated: /resources/css/app.css {"url":"http://localhost:8000/","user_agent":"Mozilla/5.0 (Windows NT 10.0; Win64; x64; rv:155.0) Gecko/20100101 Firefox/155.0","timestamp":"2026-09-14T01:01:03.034Z"} 
[2026-09-14 01:01:07] local.ERROR: ReferenceError: Instagram is not defined http://[::1]:5173/resources/js/components/ecovolts/footer.tsx?t=1789347662981 199 13 ReferenceError Instagram is not defined Footer@http://[::1]:5173/resources/js/components/ecovolts/footer.tsx?t=1789347662981:199:13
react-stack-bottom-frame@http://[::1]:5173/node_modules/.vite/deps/react-dom_client.js?v=9e5c15c8:16192:20
renderWithHooks@http://[::1]:5173/node_modules/.vite/deps/react-dom_client.js?v=9e5c15c8:4306:42
updateFunctionComponent@http://[::1]:5173/node_modules/.vite/deps/react-dom_client.js?v=9e5c15c8:5972:21
beginWork@http://[::1]:5173/node_modules/.vite/deps/react-dom_client.js?v=9e5c15c8:7048:20
runWithFiberInDEV@http://[::1]:5173/node_modules/.vite/deps/react-dom_client.js?v=9e5c15c8:726:18
performUnitOfWork@http://[::1]:5173/node_modules/.vite/deps/react-dom_client.js?v=9e5c15c8:10831:98
workLoopSync@http://[::1]:5173/node_modules/.vite/deps/react-dom_client.js?v=9e5c15c8:10692:60
renderRootSync@http://[::1]:5173/node_modules/.vite/deps/react-dom_client.js?v=9e5c15c8:10675:13
performWorkOnRoot@http://[::1]:5173/node_modules/.vite/deps/react-dom_client.js?v=9e5c15c8:10323:46
performSyncWorkOnRoot@http://[::1]:5173/node_modules/.vite/deps/react-dom_client.js?v=9e5c15c8:11448:26
flushSyncWorkAcrossRoots_impl@http://[::1]:5173/node_modules/.vite/deps/react-dom_client.js?v=9e5c15c8:11356:122
flushSyncWork$1@http://[::1]:5173/node_modules/.vite/deps/react-dom_client.js?v=9e5c15c8:10533:86
scheduleRoot@http://[::1]:5173/node_modules/.vite/deps/react-dom_client.js?v=9e5c15c8:369:99
performReactRefresh/<@http://[::1]:5173/@react-refresh:172:21
performReactRefresh@http://[::1]:5173/@react-refresh:157:29
enqueueUpdate<@http://[::1]:5173/@react-refresh:474:11 {"url":"http://localhost:8000/","user_agent":"Mozilla/5.0 (Windows NT 10.0; Win64; x64; rv:155.0) Gecko/20100101 Firefox/155.0","timestamp":"2026-09-14T01:01:07.087Z"} 
[2026-09-14 01:01:07] local.ERROR: ReferenceError: Instagram is not defined http://[::1]:5173/resources/js/components/ecovolts/footer.tsx?t=1789347662981 199 13 ReferenceError Instagram is not defined Footer@http://[::1]:5173/resources/js/components/ecovolts/footer.tsx?t=1789347662981:199:13
react-stack-bottom-frame@http://[::1]:5173/node_modules/.vite/deps/react-dom_client.js?v=9e5c15c8:16192:20
renderWithHooks@http://[::1]:5173/node_modules/.vite/deps/react-dom_client.js?v=9e5c15c8:4306:42
updateFunctionComponent@http://[::1]:5173/node_modules/.vite/deps/react-dom_client.js?v=9e5c15c8:5972:21
beginWork@http://[::1]:5173/node_modules/.vite/deps/react-dom_client.js?v=9e5c15c8:7048:20
runWithFiberInDEV@http://[::1]:5173/node_modules/.vite/deps/react-dom_client.js?v=9e5c15c8:726:18
performUnitOfWork@http://[::1]:5173/node_modules/.vite/deps/react-dom_client.js?v=9e5c15c8:10831:98
workLoopSync@http://[::1]:5173/node_modules/.vite/deps/react-dom_client.js?v=9e5c15c8:10692:60
renderRootSync@http://[::1]:5173/node_modules/.vite/deps/react-dom_client.js?v=9e5c15c8:10675:13
performWorkOnRoot@http://[::1]:5173/node_modules/.vite/deps/react-dom_client.js?v=9e5c15c8:10323:46
performSyncWorkOnRoot@http://[::1]:5173/node_modules/.vite/deps/react-dom_client.js?v=9e5c15c8:11448:26
flushSyncWorkAcrossRoots_impl@http://[::1]:5173/node_modules/.vite/deps/react-dom_client.js?v=9e5c15c8:11356:122
flushSyncWork$1@http://[::1]:5173/node_modules/.vite/deps/react-dom_client.js?v=9e5c15c8:10533:86
scheduleRoot@http://[::1]:5173/node_modules/.vite/deps/react-dom_client.js?v=9e5c15c8:369:99
performReactRefresh/<@http://[::1]:5173/@react-refresh:172:21
performReactRefresh@http://[::1]:5173/@react-refresh:157:29
enqueueUpdate<@http://[::1]:5173/@react-refresh:474:11 {"url":"http://localhost:8000/","user_agent":"Mozilla/5.0 (Windows NT 10.0; Win64; x64; rv:155.0) Gecko/20100101 Firefox/155.0","timestamp":"2026-09-14T01:01:07.088Z"} 
[2026-09-14 01:01:07] local.WARNING: %s

%s An error occurred in the <Footer> component. Consider adding an error boundary to your tree to customize error handling behavior.
Visit https://react.dev/link/error-boundaries to learn more about error boundaries. {"url":"http://localhost:8000/","user_agent":"Mozilla/5.0 (Windows NT 10.0; Win64; x64; rv:155.0) Gecko/20100101 Firefox/155.0","timestamp":"2026-09-14T01:01:07.088Z"} 
[2026-09-14 01:01:13] local.DEBUG: [vite] hot updated: /resources/js/components/ecovolts/footer.tsx {"url":"http://localhost:8000/","user_agent":"Mozilla/5.0 (Windows NT 10.0; Win64; x64; rv:155.0) Gecko/20100101 Firefox/155.0","timestamp":"2026-09-14T01:01:13.108Z"} 
[2026-09-14 01:01:13] local.DEBUG: [vite] hot updated: /resources/css/app.css {"url":"http://localhost:8000/","user_agent":"Mozilla/5.0 (Windows NT 10.0; Win64; x64; rv:155.0) Gecko/20100101 Firefox/155.0","timestamp":"2026-09-14T01:01:13.108Z"} 
[2026-09-14 01:01:13] local.ERROR: Encountered two children with the same key, `%s`. Keys should be unique so that components maintain their identity across updates. Non-unique keys may cause children to be duplicated and/or omitted — the behavior is unsupported and could change in a future version. null {"url":"http://localhost:8000/","user_agent":"Mozilla/5.0 (Windows NT 10.0; Win64; x64; rv:155.0) Gecko/20100101 Firefox/155.0","timestamp":"2026-09-14T01:01:13.129Z"} 
[2026-09-14 01:01:13] local.ERROR: Encountered two children with the same key, `%s`. Keys should be unique so that components maintain their identity across updates. Non-unique keys may cause children to be duplicated and/or omitted — the behavior is unsupported and could change in a future version. null {"url":"http://localhost:8000/","user_agent":"Mozilla/5.0 (Windows NT 10.0; Win64; x64; rv:155.0) Gecko/20100101 Firefox/155.0","timestamp":"2026-09-14T01:01:13.129Z"} 
[2026-09-14 01:01:13] local.ERROR: Encountered two children with the same key, `%s`. Keys should be unique so that components maintain their identity across updates. Non-unique keys may cause children to be duplicated and/or omitted — the behavior is unsupported and could change in a future version. null {"url":"http://localhost:8000/","user_agent":"Mozilla/5.0 (Windows NT 10.0; Win64; x64; rv:155.0) Gecko/20100101 Firefox/155.0","timestamp":"2026-09-14T01:01:13.129Z"} 
[2026-09-14 01:01:13] local.ERROR: Encountered two children with the same key, `%s`. Keys should be unique so that components maintain their identity across updates. Non-unique keys may cause children to be duplicated and/or omitted — the behavior is unsupported and could change in a future version. null {"url":"http://localhost:8000/","user_agent":"Mozilla/5.0 (Windows NT 10.0; Win64; x64; rv:155.0) Gecko/20100101 Firefox/155.0","timestamp":"2026-09-14T01:01:13.129Z"} 
[2026-09-14 01:01:13] local.ERROR: Encountered two children with the same key, `%s`. Keys should be unique so that components maintain their identity across updates. Non-unique keys may cause children to be duplicated and/or omitted — the behavior is unsupported and could change in a future version. null {"url":"http://localhost:8000/","user_agent":"Mozilla/5.0 (Windows NT 10.0; Win64; x64; rv:155.0) Gecko/20100101 Firefox/155.0","timestamp":"2026-09-14T01:01:13.129Z"} 
[2026-09-14 01:01:13] local.ERROR: Encountered two children with the same key, `%s`. Keys should be unique so that components maintain their identity across updates. Non-unique keys may cause children to be duplicated and/or omitted — the behavior is unsupported and could change in a future version. null {"url":"http://localhost:8000/","user_agent":"Mozilla/5.0 (Windows NT 10.0; Win64; x64; rv:155.0) Gecko/20100101 Firefox/155.0","timestamp":"2026-09-14T01:01:13.140Z"} 
[2026-09-14 01:01:13] local.ERROR: Encountered two children with the same key, `%s`. Keys should be unique so that components maintain their identity across updates. Non-unique keys may cause children to be duplicated and/or omitted — the behavior is unsupported and could change in a future version. null {"url":"http://localhost:8000/","user_agent":"Mozilla/5.0 (Windows NT 10.0; Win64; x64; rv:155.0) Gecko/20100101 Firefox/155.0","timestamp":"2026-09-14T01:01:13.140Z"} 
[2026-09-14 01:01:13] local.ERROR: Encountered two children with the same key, `%s`. Keys should be unique so that components maintain their identity across updates. Non-unique keys may cause children to be duplicated and/or omitted — the behavior is unsupported and could change in a future version. null {"url":"http://localhost:8000/","user_agent":"Mozilla/5.0 (Windows NT 10.0; Win64; x64; rv:155.0) Gecko/20100101 Firefox/155.0","timestamp":"2026-09-14T01:01:13.140Z"} 
[2026-09-14 01:01:13] local.ERROR: Encountered two children with the same key, `%s`. Keys should be unique so that components maintain their identity across updates. Non-unique keys may cause children to be duplicated and/or omitted — the behavior is unsupported and could change in a future version. null {"url":"http://localhost:8000/","user_agent":"Mozilla/5.0 (Windows NT 10.0; Win64; x64; rv:155.0) Gecko/20100101 Firefox/155.0","timestamp":"2026-09-14T01:01:13.140Z"} 
[2026-09-14 01:01:13] local.ERROR: Encountered two children with the same key, `%s`. Keys should be unique so that components maintain their identity across updates. Non-unique keys may cause children to be duplicated and/or omitted — the behavior is unsupported and could change in a future version. null {"url":"http://localhost:8000/","user_agent":"Mozilla/5.0 (Windows NT 10.0; Win64; x64; rv:155.0) Gecko/20100101 Firefox/155.0","timestamp":"2026-09-14T01:01:13.140Z"} 
[2026-09-14 01:01:47] local.DEBUG: [vite] hot updated: /resources/js/components/ecovolts/footer.tsx {"url":"http://localhost:8000/","user_agent":"Mozilla/5.0 (Windows NT 10.0; Win64; x64; rv:155.0) Gecko/20100101 Firefox/155.0","timestamp":"2026-09-14T01:01:47.266Z"} 
[2026-09-14 01:01:47] local.DEBUG: [vite] hot updated: /resources/css/app.css {"url":"http://localhost:8000/","user_agent":"Mozilla/5.0 (Windows NT 10.0; Win64; x64; rv:155.0) Gecko/20100101 Firefox/155.0","timestamp":"2026-09-14T01:01:47.266Z"} 
[2026-09-14 01:01:47] local.ERROR: Encountered two children with the same key, `%s`. Keys should be unique so that components maintain their identity across updates. Non-unique keys may cause children to be duplicated and/or omitted — the behavior is unsupported and could change in a future version. null {"url":"http://localhost:8000/","user_agent":"Mozilla/5.0 (Windows NT 10.0; Win64; x64; rv:155.0) Gecko/20100101 Firefox/155.0","timestamp":"2026-09-14T01:01:47.285Z"} 
[2026-09-14 01:01:47] local.ERROR: Encountered two children with the same key, `%s`. Keys should be unique so that components maintain their identity across updates. Non-unique keys may cause children to be duplicated and/or omitted — the behavior is unsupported and could change in a future version. null {"url":"http://localhost:8000/","user_agent":"Mozilla/5.0 (Windows NT 10.0; Win64; x64; rv:155.0) Gecko/20100101 Firefox/155.0","timestamp":"2026-09-14T01:01:47.285Z"} 
[2026-09-14 01:01:47] local.ERROR: Encountered two children with the same key, `%s`. Keys should be unique so that components maintain their identity across updates. Non-unique keys may cause children to be duplicated and/or omitted — the behavior is unsupported and could change in a future version. null {"url":"http://localhost:8000/","user_agent":"Mozilla/5.0 (Windows NT 10.0; Win64; x64; rv:155.0) Gecko/20100101 Firefox/155.0","timestamp":"2026-09-14T01:01:47.285Z"} 
[2026-09-14 01:01:47] local.ERROR: Encountered two children with the same key, `%s`. Keys should be unique so that components maintain their identity across updates. Non-unique keys may cause children to be duplicated and/or omitted — the behavior is unsupported and could change in a future version. null {"url":"http://localhost:8000/","user_agent":"Mozilla/5.0 (Windows NT 10.0; Win64; x64; rv:155.0) Gecko/20100101 Firefox/155.0","timestamp":"2026-09-14T01:01:47.285Z"} 
[2026-09-14 01:01:47] local.ERROR: Encountered two children with the same key, `%s`. Keys should be unique so that components maintain their identity across updates. Non-unique keys may cause children to be duplicated and/or omitted — the behavior is unsupported and could change in a future version. null {"url":"http://localhost:8000/","user_agent":"Mozilla/5.0 (Windows NT 10.0; Win64; x64; rv:155.0) Gecko/20100101 Firefox/155.0","timestamp":"2026-09-14T01:01:47.285Z"} 
[2026-09-14 01:02:00] local.DEBUG: [vite] hot updated: /resources/js/components/ecovolts/footer.tsx {"url":"http://localhost:8000/","user_agent":"Mozilla/5.0 (Windows NT 10.0; Win64; x64; rv:155.0) Gecko/20100101 Firefox/155.0","timestamp":"2026-09-14T01:02:00.386Z"} 
[2026-09-14 01:02:00] local.DEBUG: [vite] hot updated: /resources/css/app.css {"url":"http://localhost:8000/","user_agent":"Mozilla/5.0 (Windows NT 10.0; Win64; x64; rv:155.0) Gecko/20100101 Firefox/155.0","timestamp":"2026-09-14T01:02:00.386Z"} 
[2026-09-14 01:02:00] local.ERROR: Encountered two children with the same key, `%s`. Keys should be unique so that components maintain their identity across updates. Non-unique keys may cause children to be duplicated and/or omitted — the behavior is unsupported and could change in a future version. null {"url":"http://localhost:8000/","user_agent":"Mozilla/5.0 (Windows NT 10.0; Win64; x64; rv:155.0) Gecko/20100101 Firefox/155.0","timestamp":"2026-09-14T01:02:00.402Z"} 
[2026-09-14 01:02:00] local.ERROR: Encountered two children with the same key, `%s`. Keys should be unique so that components maintain their identity across updates. Non-unique keys may cause children to be duplicated and/or omitted — the behavior is unsupported and could change in a future version. null {"url":"http://localhost:8000/","user_agent":"Mozilla/5.0 (Windows NT 10.0; Win64; x64; rv:155.0) Gecko/20100101 Firefox/155.0","timestamp":"2026-09-14T01:02:00.402Z"} 
[2026-09-14 01:02:00] local.ERROR: Encountered two children with the same key, `%s`. Keys should be unique so that components maintain their identity across updates. Non-unique keys may cause children to be duplicated and/or omitted — the behavior is unsupported and could change in a future version. null {"url":"http://localhost:8000/","user_agent":"Mozilla/5.0 (Windows NT 10.0; Win64; x64; rv:155.0) Gecko/20100101 Firefox/155.0","timestamp":"2026-09-14T01:02:00.403Z"} 
[2026-09-14 01:02:00] local.ERROR: Encountered two children with the same key, `%s`. Keys should be unique so that components maintain their identity across updates. Non-unique keys may cause children to be duplicated and/or omitted — the behavior is unsupported and could change in a future version. null {"url":"http://localhost:8000/","user_agent":"Mozilla/5.0 (Windows NT 10.0; Win64; x64; rv:155.0) Gecko/20100101 Firefox/155.0","timestamp":"2026-09-14T01:02:00.403Z"} 
[2026-09-14 01:02:00] local.ERROR: Encountered two children with the same key, `%s`. Keys should be unique so that components maintain their identity across updates. Non-unique keys may cause children to be duplicated and/or omitted — the behavior is unsupported and could change in a future version. null {"url":"http://localhost:8000/","user_agent":"Mozilla/5.0 (Windows NT 10.0; Win64; x64; rv:155.0) Gecko/20100101 Firefox/155.0","timestamp":"2026-09-14T01:02:00.403Z"} 
[2026-09-14 01:02:31] local.DEBUG: [vite] hot updated: /resources/js/components/ecovolts/footer.tsx {"url":"http://localhost:8000/","user_agent":"Mozilla/5.0 (Windows NT 10.0; Win64; x64; rv:155.0) Gecko/20100101 Firefox/155.0","timestamp":"2026-09-14T01:02:25.942Z"} 
[2026-09-14 01:02:31] local.DEBUG: [vite] hot updated: /resources/css/app.css {"url":"http://localhost:8000/","user_agent":"Mozilla/5.0 (Windows NT 10.0; Win64; x64; rv:155.0) Gecko/20100101 Firefox/155.0","timestamp":"2026-09-14T01:02:25.942Z"} 
[2026-09-14 01:02:31] local.ERROR: Encountered two children with the same key, `%s`. Keys should be unique so that components maintain their identity across updates. Non-unique keys may cause children to be duplicated and/or omitted — the behavior is unsupported and could change in a future version. null {"url":"http://localhost:8000/","user_agent":"Mozilla/5.0 (Windows NT 10.0; Win64; x64; rv:155.0) Gecko/20100101 Firefox/155.0","timestamp":"2026-09-14T01:02:30.783Z"} 
[2026-09-14 01:02:31] local.ERROR: Encountered two children with the same key, `%s`. Keys should be unique so that components maintain their identity across updates. Non-unique keys may cause children to be duplicated and/or omitted — the behavior is unsupported and could change in a future version. null {"url":"http://localhost:8000/","user_agent":"Mozilla/5.0 (Windows NT 10.0; Win64; x64; rv:155.0) Gecko/20100101 Firefox/155.0","timestamp":"2026-09-14T01:02:30.783Z"} 
[2026-09-14 01:02:31] local.ERROR: Encountered two children with the same key, `%s`. Keys should be unique so that components maintain their identity across updates. Non-unique keys may cause children to be duplicated and/or omitted — the behavior is unsupported and could change in a future version. null {"url":"http://localhost:8000/","user_agent":"Mozilla/5.0 (Windows NT 10.0; Win64; x64; rv:155.0) Gecko/20100101 Firefox/155.0","timestamp":"2026-09-14T01:02:30.783Z"} 
[2026-09-14 01:02:31] local.ERROR: Encountered two children with the same key, `%s`. Keys should be unique so that components maintain their identity across updates. Non-unique keys may cause children to be duplicated and/or omitted — the behavior is unsupported and could change in a future version. null {"url":"http://localhost:8000/","user_agent":"Mozilla/5.0 (Windows NT 10.0; Win64; x64; rv:155.0) Gecko/20100101 Firefox/155.0","timestamp":"2026-09-14T01:02:30.783Z"} 
[2026-09-14 01:02:31] local.ERROR: Encountered two children with the same key, `%s`. Keys should be unique so that components maintain their identity across updates. Non-unique keys may cause children to be duplicated and/or omitted — the behavior is unsupported and could change in a future version. null {"url":"http://localhost:8000/","user_agent":"Mozilla/5.0 (Windows NT 10.0; Win64; x64; rv:155.0) Gecko/20100101 Firefox/155.0","timestamp":"2026-09-14T01:02:30.783Z"} 
[2026-09-14 01:02:42] local.DEBUG: [vite] hot updated: /resources/js/components/ecovolts/footer.tsx {"url":"http://localhost:8000/","user_agent":"Mozilla/5.0 (Windows NT 10.0; Win64; x64; rv:155.0) Gecko/20100101 Firefox/155.0","timestamp":"2026-09-14T01:02:41.588Z"} 
[2026-09-14 01:02:42] local.DEBUG: [vite] hot updated: /resources/css/app.css {"url":"http://localhost:8000/","user_agent":"Mozilla/5.0 (Windows NT 10.0; Win64; x64; rv:155.0) Gecko/20100101 Firefox/155.0","timestamp":"2026-09-14T01:02:41.588Z"} 
[2026-09-14 01:02:42] local.ERROR: Encountered two children with the same key, `%s`. Keys should be unique so that components maintain their identity across updates. Non-unique keys may cause children to be duplicated and/or omitted — the behavior is unsupported and could change in a future version. null {"url":"http://localhost:8000/","user_agent":"Mozilla/5.0 (Windows NT 10.0; Win64; x64; rv:155.0) Gecko/20100101 Firefox/155.0","timestamp":"2026-09-14T01:02:42.179Z"} 
[2026-09-14 01:02:42] local.ERROR: Encountered two children with the same key, `%s`. Keys should be unique so that components maintain their identity across updates. Non-unique keys may cause children to be duplicated and/or omitted — the behavior is unsupported and could change in a future version. null {"url":"http://localhost:8000/","user_agent":"Mozilla/5.0 (Windows NT 10.0; Win64; x64; rv:155.0) Gecko/20100101 Firefox/155.0","timestamp":"2026-09-14T01:02:42.179Z"} 
[2026-09-14 01:02:42] local.ERROR: Encountered two children with the same key, `%s`. Keys should be unique so that components maintain their identity across updates. Non-unique keys may cause children to be duplicated and/or omitted — the behavior is unsupported and could change in a future version. [object Object] {"url":"http://localhost:8000/","user_agent":"Mozilla/5.0 (Windows NT 10.0; Win64; x64; rv:155.0) Gecko/20100101 Firefox/155.0","timestamp":"2026-09-14T01:02:42.180Z"} 
[2026-09-14 01:02:42] local.ERROR: Encountered two children with the same key, `%s`. Keys should be unique so that components maintain their identity across updates. Non-unique keys may cause children to be duplicated and/or omitted — the behavior is unsupported and could change in a future version. [object Object] {"url":"http://localhost:8000/","user_agent":"Mozilla/5.0 (Windows NT 10.0; Win64; x64; rv:155.0) Gecko/20100101 Firefox/155.0","timestamp":"2026-09-14T01:02:42.180Z"} 
[2026-09-14 01:02:42] local.ERROR: Encountered two children with the same key, `%s`. Keys should be unique so that components maintain their identity across updates. Non-unique keys may cause children to be duplicated and/or omitted — the behavior is unsupported and could change in a future version. [object Object] {"url":"http://localhost:8000/","user_agent":"Mozilla/5.0 (Windows NT 10.0; Win64; x64; rv:155.0) Gecko/20100101 Firefox/155.0","timestamp":"2026-09-14T01:02:42.180Z"} 
[2026-09-14 01:02:45] local.DEBUG: [vite] connecting... {"url":"http://localhost:8000/","user_agent":"Mozilla/5.0 (Windows NT 10.0; Win64; x64; rv:155.0) Gecko/20100101 Firefox/155.0","timestamp":"2026-09-14T01:02:44.770Z"} 
[2026-09-14 01:02:45] local.DEBUG: [vite] connected. {"url":"http://localhost:8000/","user_agent":"Mozilla/5.0 (Windows NT 10.0; Win64; x64; rv:155.0) Gecko/20100101 Firefox/155.0","timestamp":"2026-09-14T01:02:44.794Z"} 
[2026-09-14 01:02:45] local.INFO: %cDownload the React DevTools for a better development experience: https://react.dev/link/react-devtools font-weight:bold {"url":"http://localhost:8000/","user_agent":"Mozilla/5.0 (Windows NT 10.0; Win64; x64; rv:155.0) Gecko/20100101 Firefox/155.0","timestamp":"2026-09-14T01:02:44.799Z"} 
[2026-09-14 01:02:45] local.ERROR: Each child in a list should have a unique "key" prop.%s%s See https://react.dev/link/warning-keys for more information. Check the render method of `Welcome`. null {"url":"http://localhost:8000/","user_agent":"Mozilla/5.0 (Windows NT 10.0; Win64; x64; rv:155.0) Gecko/20100101 Firefox/155.0","timestamp":"2026-09-14T01:02:44.906Z"} 
[2026-09-14 01:02:45] local.ERROR: Each child in a list should have a unique "key" prop.%s%s See https://react.dev/link/warning-keys for more information. Check the render method of `Footer`. null {"url":"http://localhost:8000/","user_agent":"Mozilla/5.0 (Windows NT 10.0; Win64; x64; rv:155.0) Gecko/20100101 Firefox/155.0","timestamp":"2026-09-14T01:02:44.913Z"} 
[2026-09-14 01:02:45] local.ERROR: Encountered two children with the same key, `%s`. Keys should be unique so that components maintain their identity across updates. Non-unique keys may cause children to be duplicated and/or omitted — the behavior is unsupported and could change in a future version. null {"url":"http://localhost:8000/","user_agent":"Mozilla/5.0 (Windows NT 10.0; Win64; x64; rv:155.0) Gecko/20100101 Firefox/155.0","timestamp":"2026-09-14T01:02:44.914Z"} 
[2026-09-14 01:02:45] local.ERROR: Encountered two children with the same key, `%s`. Keys should be unique so that components maintain their identity across updates. Non-unique keys may cause children to be duplicated and/or omitted — the behavior is unsupported and could change in a future version. null {"url":"http://localhost:8000/","user_agent":"Mozilla/5.0 (Windows NT 10.0; Win64; x64; rv:155.0) Gecko/20100101 Firefox/155.0","timestamp":"2026-09-14T01:02:44.914Z"} 
[2026-09-14 01:02:45] local.ERROR: Encountered two children with the same key, `%s`. Keys should be unique so that components maintain their identity across updates. Non-unique keys may cause children to be duplicated and/or omitted — the behavior is unsupported and could change in a future version. [object Object] {"url":"http://localhost:8000/","user_agent":"Mozilla/5.0 (Windows NT 10.0; Win64; x64; rv:155.0) Gecko/20100101 Firefox/155.0","timestamp":"2026-09-14T01:02:44.915Z"} 
[2026-09-14 01:02:45] local.ERROR: Encountered two children with the same key, `%s`. Keys should be unique so that components maintain their identity across updates. Non-unique keys may cause children to be duplicated and/or omitted — the behavior is unsupported and could change in a future version. [object Object] {"url":"http://localhost:8000/","user_agent":"Mozilla/5.0 (Windows NT 10.0; Win64; x64; rv:155.0) Gecko/20100101 Firefox/155.0","timestamp":"2026-09-14T01:02:44.915Z"} 
[2026-09-14 01:02:45] local.ERROR: Encountered two children with the same key, `%s`. Keys should be unique so that components maintain their identity across updates. Non-unique keys may cause children to be duplicated and/or omitted — the behavior is unsupported and could change in a future version. [object Object] {"url":"http://localhost:8000/","user_agent":"Mozilla/5.0 (Windows NT 10.0; Win64; x64; rv:155.0) Gecko/20100101 Firefox/155.0","timestamp":"2026-09-14T01:02:44.915Z"} 
[2026-09-14 01:02:45] local.ERROR: Encountered two children with the same key, `%s`. Keys should be unique so that components maintain their identity across updates. Non-unique keys may cause children to be duplicated and/or omitted — the behavior is unsupported and could change in a future version. null {"url":"http://localhost:8000/","user_agent":"Mozilla/5.0 (Windows NT 10.0; Win64; x64; rv:155.0) Gecko/20100101 Firefox/155.0","timestamp":"2026-09-14T01:02:44.932Z"} 
[2026-09-14 01:02:45] local.ERROR: Encountered two children with the same key, `%s`. Keys should be unique so that components maintain their identity across updates. Non-unique keys may cause children to be duplicated and/or omitted — the behavior is unsupported and could change in a future version. null {"url":"http://localhost:8000/","user_agent":"Mozilla/5.0 (Windows NT 10.0; Win64; x64; rv:155.0) Gecko/20100101 Firefox/155.0","timestamp":"2026-09-14T01:02:44.932Z"} 
[2026-09-14 01:02:45] local.ERROR: Encountered two children with the same key, `%s`. Keys should be unique so that components maintain their identity across updates. Non-unique keys may cause children to be duplicated and/or omitted — the behavior is unsupported and could change in a future version. [object Object] {"url":"http://localhost:8000/","user_agent":"Mozilla/5.0 (Windows NT 10.0; Win64; x64; rv:155.0) Gecko/20100101 Firefox/155.0","timestamp":"2026-09-14T01:02:44.934Z"} 
[2026-09-14 01:02:45] local.ERROR: Encountered two children with the same key, `%s`. Keys should be unique so that components maintain their identity across updates. Non-unique keys may cause children to be duplicated and/or omitted — the behavior is unsupported and could change in a future version. [object Object] {"url":"http://localhost:8000/","user_agent":"Mozilla/5.0 (Windows NT 10.0; Win64; x64; rv:155.0) Gecko/20100101 Firefox/155.0","timestamp":"2026-09-14T01:02:44.934Z"} 
[2026-09-14 01:02:45] local.ERROR: Encountered two children with the same key, `%s`. Keys should be unique so that components maintain their identity across updates. Non-unique keys may cause children to be duplicated and/or omitted — the behavior is unsupported and could change in a future version. [object Object] {"url":"http://localhost:8000/","user_agent":"Mozilla/5.0 (Windows NT 10.0; Win64; x64; rv:155.0) Gecko/20100101 Firefox/155.0","timestamp":"2026-09-14T01:02:44.934Z"} 
[2026-09-14 01:02:54] local.DEBUG: [vite] hot updated: /resources/js/components/ecovolts/footer.tsx {"url":"http://localhost:8000/","user_agent":"Mozilla/5.0 (Windows NT 10.0; Win64; x64; rv:155.0) Gecko/20100101 Firefox/155.0","timestamp":"2026-09-14T01:02:53.806Z"} 
[2026-09-14 01:02:54] local.DEBUG: [vite] hot updated: /resources/css/app.css {"url":"http://localhost:8000/","user_agent":"Mozilla/5.0 (Windows NT 10.0; Win64; x64; rv:155.0) Gecko/20100101 Firefox/155.0","timestamp":"2026-09-14T01:02:53.806Z"} 
[2026-09-14 01:02:54] local.ERROR: Encountered two children with the same key, `%s`. Keys should be unique so that components maintain their identity across updates. Non-unique keys may cause children to be duplicated and/or omitted — the behavior is unsupported and could change in a future version. null {"url":"http://localhost:8000/","user_agent":"Mozilla/5.0 (Windows NT 10.0; Win64; x64; rv:155.0) Gecko/20100101 Firefox/155.0","timestamp":"2026-09-14T01:02:53.826Z"} 
[2026-09-14 01:02:54] local.ERROR: Encountered two children with the same key, `%s`. Keys should be unique so that components maintain their identity across updates. Non-unique keys may cause children to be duplicated and/or omitted — the behavior is unsupported and could change in a future version. null {"url":"http://localhost:8000/","user_agent":"Mozilla/5.0 (Windows NT 10.0; Win64; x64; rv:155.0) Gecko/20100101 Firefox/155.0","timestamp":"2026-09-14T01:02:53.826Z"} 
[2026-09-14 01:02:56] local.DEBUG: [vite] connecting... {"url":"http://localhost:8000/","user_agent":"Mozilla/5.0 (Windows NT 10.0; Win64; x64; rv:155.0) Gecko/20100101 Firefox/155.0","timestamp":"2026-09-14T01:02:55.710Z"} 
[2026-09-14 01:02:56] local.DEBUG: [vite] connected. {"url":"http://localhost:8000/","user_agent":"Mozilla/5.0 (Windows NT 10.0; Win64; x64; rv:155.0) Gecko/20100101 Firefox/155.0","timestamp":"2026-09-14T01:02:55.735Z"} 
[2026-09-14 01:02:56] local.INFO: %cDownload the React DevTools for a better development experience: https://react.dev/link/react-devtools font-weight:bold {"url":"http://localhost:8000/","user_agent":"Mozilla/5.0 (Windows NT 10.0; Win64; x64; rv:155.0) Gecko/20100101 Firefox/155.0","timestamp":"2026-09-14T01:02:55.740Z"} 
[2026-09-14 01:02:56] local.ERROR: Each child in a list should have a unique "key" prop.%s%s See https://react.dev/link/warning-keys for more information. Check the render method of `Welcome`. null {"url":"http://localhost:8000/","user_agent":"Mozilla/5.0 (Windows NT 10.0; Win64; x64; rv:155.0) Gecko/20100101 Firefox/155.0","timestamp":"2026-09-14T01:02:55.859Z"} 
[2026-09-14 01:02:56] local.ERROR: Each child in a list should have a unique "key" prop.%s%s See https://react.dev/link/warning-keys for more information. Check the render method of `Footer`. null {"url":"http://localhost:8000/","user_agent":"Mozilla/5.0 (Windows NT 10.0; Win64; x64; rv:155.0) Gecko/20100101 Firefox/155.0","timestamp":"2026-09-14T01:02:55.865Z"} 
[2026-09-14 01:02:56] local.ERROR: Encountered two children with the same key, `%s`. Keys should be unique so that components maintain their identity across updates. Non-unique keys may cause children to be duplicated and/or omitted — the behavior is unsupported and could change in a future version. null {"url":"http://localhost:8000/","user_agent":"Mozilla/5.0 (Windows NT 10.0; Win64; x64; rv:155.0) Gecko/20100101 Firefox/155.0","timestamp":"2026-09-14T01:02:55.866Z"} 
[2026-09-14 01:02:56] local.ERROR: Encountered two children with the same key, `%s`. Keys should be unique so that components maintain their identity across updates. Non-unique keys may cause children to be duplicated and/or omitted — the behavior is unsupported and could change in a future version. null {"url":"http://localhost:8000/","user_agent":"Mozilla/5.0 (Windows NT 10.0; Win64; x64; rv:155.0) Gecko/20100101 Firefox/155.0","timestamp":"2026-09-14T01:02:55.866Z"} 
[2026-09-14 01:02:56] local.ERROR: Encountered two children with the same key, `%s`. Keys should be unique so that components maintain their identity across updates. Non-unique keys may cause children to be duplicated and/or omitted — the behavior is unsupported and could change in a future version. null {"url":"http://localhost:8000/","user_agent":"Mozilla/5.0 (Windows NT 10.0; Win64; x64; rv:155.0) Gecko/20100101 Firefox/155.0","timestamp":"2026-09-14T01:02:55.882Z"} 
[2026-09-14 01:02:56] local.ERROR: Encountered two children with the same key, `%s`. Keys should be unique so that components maintain their identity across updates. Non-unique keys may cause children to be duplicated and/or omitted — the behavior is unsupported and could change in a future version. null {"url":"http://localhost:8000/","user_agent":"Mozilla/5.0 (Windows NT 10.0; Win64; x64; rv:155.0) Gecko/20100101 Firefox/155.0","timestamp":"2026-09-14T01:02:55.882Z"} 
[2026-09-14 01:03:10] local.DEBUG: [vite] hot updated: /resources/js/components/ecovolts/footer.tsx {"url":"http://localhost:8000/","user_agent":"Mozilla/5.0 (Windows NT 10.0; Win64; x64; rv:155.0) Gecko/20100101 Firefox/155.0","timestamp":"2026-09-14T01:03:10.301Z"} 
[2026-09-14 01:03:10] local.DEBUG: [vite] hot updated: /resources/css/app.css {"url":"http://localhost:8000/","user_agent":"Mozilla/5.0 (Windows NT 10.0; Win64; x64; rv:155.0) Gecko/20100101 Firefox/155.0","timestamp":"2026-09-14T01:03:10.301Z"} 
[2026-09-14 01:03:10] local.ERROR: Encountered two children with the same key, `%s`. Keys should be unique so that components maintain their identity across updates. Non-unique keys may cause children to be duplicated and/or omitted — the behavior is unsupported and could change in a future version. null {"url":"http://localhost:8000/","user_agent":"Mozilla/5.0 (Windows NT 10.0; Win64; x64; rv:155.0) Gecko/20100101 Firefox/155.0","timestamp":"2026-09-14T01:03:10.322Z"} 
[2026-09-14 01:03:10] local.ERROR: Encountered two children with the same key, `%s`. Keys should be unique so that components maintain their identity across updates. Non-unique keys may cause children to be duplicated and/or omitted — the behavior is unsupported and could change in a future version. null {"url":"http://localhost:8000/","user_agent":"Mozilla/5.0 (Windows NT 10.0; Win64; x64; rv:155.0) Gecko/20100101 Firefox/155.0","timestamp":"2026-09-14T01:03:10.322Z"} 
[2026-09-14 01:03:12] local.DEBUG: [vite] connecting... {"url":"http://localhost:8000/","user_agent":"Mozilla/5.0 (Windows NT 10.0; Win64; x64; rv:155.0) Gecko/20100101 Firefox/155.0","timestamp":"2026-09-14T01:03:11.757Z"} 
[2026-09-14 01:03:12] local.INFO: %cDownload the React DevTools for a better development experience: https://react.dev/link/react-devtools font-weight:bold {"url":"http://localhost:8000/","user_agent":"Mozilla/5.0 (Windows NT 10.0; Win64; x64; rv:155.0) Gecko/20100101 Firefox/155.0","timestamp":"2026-09-14T01:03:11.786Z"} 
[2026-09-14 01:03:12] local.DEBUG: [vite] connected. {"url":"http://localhost:8000/","user_agent":"Mozilla/5.0 (Windows NT 10.0; Win64; x64; rv:155.0) Gecko/20100101 Firefox/155.0","timestamp":"2026-09-14T01:03:11.789Z"} 
[2026-09-14 01:03:12] local.ERROR: Each child in a list should have a unique "key" prop.%s%s See https://react.dev/link/warning-keys for more information. Check the render method of `Welcome`. null {"url":"http://localhost:8000/","user_agent":"Mozilla/5.0 (Windows NT 10.0; Win64; x64; rv:155.0) Gecko/20100101 Firefox/155.0","timestamp":"2026-09-14T01:03:11.902Z"} 
[2026-09-14 01:03:12] local.ERROR: Each child in a list should have a unique "key" prop.%s%s See https://react.dev/link/warning-keys for more information. Check the render method of `Footer`. null {"url":"http://localhost:8000/","user_agent":"Mozilla/5.0 (Windows NT 10.0; Win64; x64; rv:155.0) Gecko/20100101 Firefox/155.0","timestamp":"2026-09-14T01:03:11.907Z"} 
[2026-09-14 01:03:12] local.ERROR: Encountered two children with the same key, `%s`. Keys should be unique so that components maintain their identity across updates. Non-unique keys may cause children to be duplicated and/or omitted — the behavior is unsupported and could change in a future version. null {"url":"http://localhost:8000/","user_agent":"Mozilla/5.0 (Windows NT 10.0; Win64; x64; rv:155.0) Gecko/20100101 Firefox/155.0","timestamp":"2026-09-14T01:03:11.908Z"} 
[2026-09-14 01:03:12] local.ERROR: Encountered two children with the same key, `%s`. Keys should be unique so that components maintain their identity across updates. Non-unique keys may cause children to be duplicated and/or omitted — the behavior is unsupported and could change in a future version. null {"url":"http://localhost:8000/","user_agent":"Mozilla/5.0 (Windows NT 10.0; Win64; x64; rv:155.0) Gecko/20100101 Firefox/155.0","timestamp":"2026-09-14T01:03:11.908Z"} 
[2026-09-14 01:03:12] local.ERROR: Encountered two children with the same key, `%s`. Keys should be unique so that components maintain their identity across updates. Non-unique keys may cause children to be duplicated and/or omitted — the behavior is unsupported and could change in a future version. null {"url":"http://localhost:8000/","user_agent":"Mozilla/5.0 (Windows NT 10.0; Win64; x64; rv:155.0) Gecko/20100101 Firefox/155.0","timestamp":"2026-09-14T01:03:11.923Z"} 
[2026-09-14 01:03:12] local.ERROR: Encountered two children with the same key, `%s`. Keys should be unique so that components maintain their identity across updates. Non-unique keys may cause children to be duplicated and/or omitted — the behavior is unsupported and could change in a future version. null {"url":"http://localhost:8000/","user_agent":"Mozilla/5.0 (Windows NT 10.0; Win64; x64; rv:155.0) Gecko/20100101 Firefox/155.0","timestamp":"2026-09-14T01:03:11.923Z"} 
[2026-09-14 01:03:23] local.DEBUG: [vite] hot updated: /resources/js/components/ecovolts/footer.tsx {"url":"http://localhost:8000/","user_agent":"Mozilla/5.0 (Windows NT 10.0; Win64; x64; rv:155.0) Gecko/20100101 Firefox/155.0","timestamp":"2026-09-14T01:03:23.305Z"} 
[2026-09-14 01:03:23] local.DEBUG: [vite] hot updated: /resources/css/app.css {"url":"http://localhost:8000/","user_agent":"Mozilla/5.0 (Windows NT 10.0; Win64; x64; rv:155.0) Gecko/20100101 Firefox/155.0","timestamp":"2026-09-14T01:03:23.305Z"} 
[2026-09-14 01:03:23] local.ERROR: Encountered two children with the same key, `%s`. Keys should be unique so that components maintain their identity across updates. Non-unique keys may cause children to be duplicated and/or omitted — the behavior is unsupported and could change in a future version. null {"url":"http://localhost:8000/","user_agent":"Mozilla/5.0 (Windows NT 10.0; Win64; x64; rv:155.0) Gecko/20100101 Firefox/155.0","timestamp":"2026-09-14T01:03:23.325Z"} 
[2026-09-14 01:03:23] local.ERROR: Encountered two children with the same key, `%s`. Keys should be unique so that components maintain their identity across updates. Non-unique keys may cause children to be duplicated and/or omitted — the behavior is unsupported and could change in a future version. null {"url":"http://localhost:8000/","user_agent":"Mozilla/5.0 (Windows NT 10.0; Win64; x64; rv:155.0) Gecko/20100101 Firefox/155.0","timestamp":"2026-09-14T01:03:23.325Z"} 
[2026-09-14 01:03:29] local.DEBUG: [vite] hot updated: /resources/js/components/ecovolts/footer.tsx {"url":"http://localhost:8000/","user_agent":"Mozilla/5.0 (Windows NT 10.0; Win64; x64; rv:155.0) Gecko/20100101 Firefox/155.0","timestamp":"2026-09-14T01:03:29.217Z"} 
[2026-09-14 01:03:29] local.DEBUG: [vite] hot updated: /resources/css/app.css {"url":"http://localhost:8000/","user_agent":"Mozilla/5.0 (Windows NT 10.0; Win64; x64; rv:155.0) Gecko/20100101 Firefox/155.0","timestamp":"2026-09-14T01:03:29.217Z"} 
[2026-09-14 01:03:29] local.ERROR: Encountered two children with the same key, `%s`. Keys should be unique so that components maintain their identity across updates. Non-unique keys may cause children to be duplicated and/or omitted — the behavior is unsupported and could change in a future version. null {"url":"http://localhost:8000/","user_agent":"Mozilla/5.0 (Windows NT 10.0; Win64; x64; rv:155.0) Gecko/20100101 Firefox/155.0","timestamp":"2026-09-14T01:03:29.237Z"} 
[2026-09-14 01:03:29] local.ERROR: Encountered two children with the same key, `%s`. Keys should be unique so that components maintain their identity across updates. Non-unique keys may cause children to be duplicated and/or omitted — the behavior is unsupported and could change in a future version. null {"url":"http://localhost:8000/","user_agent":"Mozilla/5.0 (Windows NT 10.0; Win64; x64; rv:155.0) Gecko/20100101 Firefox/155.0","timestamp":"2026-09-14T01:03:29.237Z"} 
[2026-09-14 01:03:31] local.DEBUG: [vite] connecting... {"url":"http://localhost:8000/","user_agent":"Mozilla/5.0 (Windows NT 10.0; Win64; x64; rv:155.0) Gecko/20100101 Firefox/155.0","timestamp":"2026-09-14T01:03:31.374Z"} 
[2026-09-14 01:03:31] local.INFO: %cDownload the React DevTools for a better development experience: https://react.dev/link/react-devtools font-weight:bold {"url":"http://localhost:8000/","user_agent":"Mozilla/5.0 (Windows NT 10.0; Win64; x64; rv:155.0) Gecko/20100101 Firefox/155.0","timestamp":"2026-09-14T01:03:31.404Z"} 
[2026-09-14 01:03:31] local.DEBUG: [vite] connected. {"url":"http://localhost:8000/","user_agent":"Mozilla/5.0 (Windows NT 10.0; Win64; x64; rv:155.0) Gecko/20100101 Firefox/155.0","timestamp":"2026-09-14T01:03:31.414Z"} 
[2026-09-14 01:03:31] local.ERROR: Each child in a list should have a unique "key" prop.%s%s See https://react.dev/link/warning-keys for more information. Check the render method of `Welcome`. null {"url":"http://localhost:8000/","user_agent":"Mozilla/5.0 (Windows NT 10.0; Win64; x64; rv:155.0) Gecko/20100101 Firefox/155.0","timestamp":"2026-09-14T01:03:31.488Z"} 
[2026-09-14 01:03:31] local.ERROR: Each child in a list should have a unique "key" prop.%s%s See https://react.dev/link/warning-keys for more information. Check the render method of `Footer`. null {"url":"http://localhost:8000/","user_agent":"Mozilla/5.0 (Windows NT 10.0; Win64; x64; rv:155.0) Gecko/20100101 Firefox/155.0","timestamp":"2026-09-14T01:03:31.494Z"} 
[2026-09-14 01:03:31] local.ERROR: Encountered two children with the same key, `%s`. Keys should be unique so that components maintain their identity across updates. Non-unique keys may cause children to be duplicated and/or omitted — the behavior is unsupported and could change in a future version. null {"url":"http://localhost:8000/","user_agent":"Mozilla/5.0 (Windows NT 10.0; Win64; x64; rv:155.0) Gecko/20100101 Firefox/155.0","timestamp":"2026-09-14T01:03:31.496Z"} 
[2026-09-14 01:03:31] local.ERROR: Encountered two children with the same key, `%s`. Keys should be unique so that components maintain their identity across updates. Non-unique keys may cause children to be duplicated and/or omitted — the behavior is unsupported and could change in a future version. null {"url":"http://localhost:8000/","user_agent":"Mozilla/5.0 (Windows NT 10.0; Win64; x64; rv:155.0) Gecko/20100101 Firefox/155.0","timestamp":"2026-09-14T01:03:31.497Z"} 
[2026-09-14 01:03:31] local.ERROR: Encountered two children with the same key, `%s`. Keys should be unique so that components maintain their identity across updates. Non-unique keys may cause children to be duplicated and/or omitted — the behavior is unsupported and could change in a future version. null {"url":"http://localhost:8000/","user_agent":"Mozilla/5.0 (Windows NT 10.0; Win64; x64; rv:155.0) Gecko/20100101 Firefox/155.0","timestamp":"2026-09-14T01:03:31.516Z"} 
[2026-09-14 01:03:31] local.ERROR: Encountered two children with the same key, `%s`. Keys should be unique so that components maintain their identity across updates. Non-unique keys may cause children to be duplicated and/or omitted — the behavior is unsupported and could change in a future version. null {"url":"http://localhost:8000/","user_agent":"Mozilla/5.0 (Windows NT 10.0; Win64; x64; rv:155.0) Gecko/20100101 Firefox/155.0","timestamp":"2026-09-14T01:03:31.516Z"} 
[2026-09-14 01:03:38] local.DEBUG: [vite] hot updated: /resources/js/components/ecovolts/footer.tsx {"url":"http://localhost:8000/","user_agent":"Mozilla/5.0 (Windows NT 10.0; Win64; x64; rv:155.0) Gecko/20100101 Firefox/155.0","timestamp":"2026-09-14T01:03:37.984Z"} 
[2026-09-14 01:03:38] local.DEBUG: [vite] hot updated: /resources/css/app.css {"url":"http://localhost:8000/","user_agent":"Mozilla/5.0 (Windows NT 10.0; Win64; x64; rv:155.0) Gecko/20100101 Firefox/155.0","timestamp":"2026-09-14T01:03:37.984Z"} 
[2026-09-14 01:03:38] local.ERROR: Encountered two children with the same key, `%s`. Keys should be unique so that components maintain their identity across updates. Non-unique keys may cause children to be duplicated and/or omitted — the behavior is unsupported and could change in a future version. null {"url":"http://localhost:8000/","user_agent":"Mozilla/5.0 (Windows NT 10.0; Win64; x64; rv:155.0) Gecko/20100101 Firefox/155.0","timestamp":"2026-09-14T01:03:38.002Z"} 
[2026-09-14 01:03:38] local.ERROR: Encountered two children with the same key, `%s`. Keys should be unique so that components maintain their identity across updates. Non-unique keys may cause children to be duplicated and/or omitted — the behavior is unsupported and could change in a future version. null {"url":"http://localhost:8000/","user_agent":"Mozilla/5.0 (Windows NT 10.0; Win64; x64; rv:155.0) Gecko/20100101 Firefox/155.0","timestamp":"2026-09-14T01:03:38.002Z"} 
[2026-09-14 01:03:40] local.DEBUG: [vite] connecting... {"url":"http://localhost:8000/","user_agent":"Mozilla/5.0 (Windows NT 10.0; Win64; x64; rv:155.0) Gecko/20100101 Firefox/155.0","timestamp":"2026-09-14T01:03:39.966Z"} 
[2026-09-14 01:03:40] local.INFO: %cDownload the React DevTools for a better development experience: https://react.dev/link/react-devtools font-weight:bold {"url":"http://localhost:8000/","user_agent":"Mozilla/5.0 (Windows NT 10.0; Win64; x64; rv:155.0) Gecko/20100101 Firefox/155.0","timestamp":"2026-09-14T01:03:39.994Z"} 
[2026-09-14 01:03:40] local.DEBUG: [vite] connected. {"url":"http://localhost:8000/","user_agent":"Mozilla/5.0 (Windows NT 10.0; Win64; x64; rv:155.0) Gecko/20100101 Firefox/155.0","timestamp":"2026-09-14T01:03:39.999Z"} 
[2026-09-14 01:03:40] local.ERROR: Each child in a list should have a unique "key" prop.%s%s See https://react.dev/link/warning-keys for more information. Check the render method of `Welcome`. null {"url":"http://localhost:8000/","user_agent":"Mozilla/5.0 (Windows NT 10.0; Win64; x64; rv:155.0) Gecko/20100101 Firefox/155.0","timestamp":"2026-09-14T01:03:40.080Z"} 
[2026-09-14 01:03:40] local.ERROR: Each child in a list should have a unique "key" prop.%s%s See https://react.dev/link/warning-keys for more information. Check the render method of `Footer`. null {"url":"http://localhost:8000/","user_agent":"Mozilla/5.0 (Windows NT 10.0; Win64; x64; rv:155.0) Gecko/20100101 Firefox/155.0","timestamp":"2026-09-14T01:03:40.086Z"} 
[2026-09-14 01:03:40] local.ERROR: Encountered two children with the same key, `%s`. Keys should be unique so that components maintain their identity across updates. Non-unique keys may cause children to be duplicated and/or omitted — the behavior is unsupported and could change in a future version. null {"url":"http://localhost:8000/","user_agent":"Mozilla/5.0 (Windows NT 10.0; Win64; x64; rv:155.0) Gecko/20100101 Firefox/155.0","timestamp":"2026-09-14T01:03:40.087Z"} 
[2026-09-14 01:03:40] local.ERROR: Encountered two children with the same key, `%s`. Keys should be unique so that components maintain their identity across updates. Non-unique keys may cause children to be duplicated and/or omitted — the behavior is unsupported and could change in a future version. null {"url":"http://localhost:8000/","user_agent":"Mozilla/5.0 (Windows NT 10.0; Win64; x64; rv:155.0) Gecko/20100101 Firefox/155.0","timestamp":"2026-09-14T01:03:40.087Z"} 
[2026-09-14 01:03:40] local.ERROR: Encountered two children with the same key, `%s`. Keys should be unique so that components maintain their identity across updates. Non-unique keys may cause children to be duplicated and/or omitted — the behavior is unsupported and could change in a future version. null {"url":"http://localhost:8000/","user_agent":"Mozilla/5.0 (Windows NT 10.0; Win64; x64; rv:155.0) Gecko/20100101 Firefox/155.0","timestamp":"2026-09-14T01:03:40.100Z"} 
[2026-09-14 01:03:40] local.ERROR: Encountered two children with the same key, `%s`. Keys should be unique so that components maintain their identity across updates. Non-unique keys may cause children to be duplicated and/or omitted — the behavior is unsupported and could change in a future version. null {"url":"http://localhost:8000/","user_agent":"Mozilla/5.0 (Windows NT 10.0; Win64; x64; rv:155.0) Gecko/20100101 Firefox/155.0","timestamp":"2026-09-14T01:03:40.100Z"} 
[2026-09-14 01:03:56] local.DEBUG: [vite] hot updated: /resources/js/components/ecovolts/footer.tsx {"url":"http://localhost:8000/","user_agent":"Mozilla/5.0 (Windows NT 10.0; Win64; x64; rv:155.0) Gecko/20100101 Firefox/155.0","timestamp":"2026-09-14T01:03:55.725Z"} 
[2026-09-14 01:03:56] local.DEBUG: [vite] hot updated: /resources/css/app.css {"url":"http://localhost:8000/","user_agent":"Mozilla/5.0 (Windows NT 10.0; Win64; x64; rv:155.0) Gecko/20100101 Firefox/155.0","timestamp":"2026-09-14T01:03:55.725Z"} 
[2026-09-14 01:03:56] local.ERROR: Encountered two children with the same key, `%s`. Keys should be unique so that components maintain their identity across updates. Non-unique keys may cause children to be duplicated and/or omitted — the behavior is unsupported and could change in a future version. null {"url":"http://localhost:8000/","user_agent":"Mozilla/5.0 (Windows NT 10.0; Win64; x64; rv:155.0) Gecko/20100101 Firefox/155.0","timestamp":"2026-09-14T01:03:56.191Z"} 
[2026-09-14 01:03:56] local.ERROR: Encountered two children with the same key, `%s`. Keys should be unique so that components maintain their identity across updates. Non-unique keys may cause children to be duplicated and/or omitted — the behavior is unsupported and could change in a future version. null {"url":"http://localhost:8000/","user_agent":"Mozilla/5.0 (Windows NT 10.0; Win64; x64; rv:155.0) Gecko/20100101 Firefox/155.0","timestamp":"2026-09-14T01:03:56.191Z"} 
[2026-09-14 01:04:38] local.DEBUG: [vite] hot updated: /resources/js/components/ecovolts/footer.tsx {"url":"http://localhost:8000/","user_agent":"Mozilla/5.0 (Windows NT 10.0; Win64; x64; rv:155.0) Gecko/20100101 Firefox/155.0","timestamp":"2026-09-14T01:04:38.507Z"} 
[2026-09-14 01:04:38] local.DEBUG: [vite] hot updated: /resources/css/app.css {"url":"http://localhost:8000/","user_agent":"Mozilla/5.0 (Windows NT 10.0; Win64; x64; rv:155.0) Gecko/20100101 Firefox/155.0","timestamp":"2026-09-14T01:04:38.507Z"} 
[2026-09-14 01:04:38] local.ERROR: Encountered two children with the same key, `%s`. Keys should be unique so that components maintain their identity across updates. Non-unique keys may cause children to be duplicated and/or omitted — the behavior is unsupported and could change in a future version. null {"url":"http://localhost:8000/","user_agent":"Mozilla/5.0 (Windows NT 10.0; Win64; x64; rv:155.0) Gecko/20100101 Firefox/155.0","timestamp":"2026-09-14T01:04:38.525Z"} 
[2026-09-14 01:04:38] local.ERROR: Encountered two children with the same key, `%s`. Keys should be unique so that components maintain their identity across updates. Non-unique keys may cause children to be duplicated and/or omitted — the behavior is unsupported and could change in a future version. null {"url":"http://localhost:8000/","user_agent":"Mozilla/5.0 (Windows NT 10.0; Win64; x64; rv:155.0) Gecko/20100101 Firefox/155.0","timestamp":"2026-09-14T01:04:38.525Z"} 
[2026-09-14 01:05:07] local.DEBUG: [vite] hot updated: /resources/js/pages/welcome.tsx {"url":"http://localhost:8000/","user_agent":"Mozilla/5.0 (Windows NT 10.0; Win64; x64; rv:155.0) Gecko/20100101 Firefox/155.0","timestamp":"2026-09-14T01:05:06.775Z"} 
[2026-09-14 01:05:07] local.DEBUG: [vite] hot updated: /resources/css/app.css {"url":"http://localhost:8000/","user_agent":"Mozilla/5.0 (Windows NT 10.0; Win64; x64; rv:155.0) Gecko/20100101 Firefox/155.0","timestamp":"2026-09-14T01:05:06.775Z"} 
[2026-09-14 01:05:07] local.ERROR: Encountered two children with the same key, `%s`. Keys should be unique so that components maintain their identity across updates. Non-unique keys may cause children to be duplicated and/or omitted — the behavior is unsupported and could change in a future version. null {"url":"http://localhost:8000/","user_agent":"Mozilla/5.0 (Windows NT 10.0; Win64; x64; rv:155.0) Gecko/20100101 Firefox/155.0","timestamp":"2026-09-14T01:05:06.799Z"} 
[2026-09-14 01:05:07] local.ERROR: Encountered two children with the same key, `%s`. Keys should be unique so that components maintain their identity across updates. Non-unique keys may cause children to be duplicated and/or omitted — the behavior is unsupported and could change in a future version. null {"url":"http://localhost:8000/","user_agent":"Mozilla/5.0 (Windows NT 10.0; Win64; x64; rv:155.0) Gecko/20100101 Firefox/155.0","timestamp":"2026-09-14T01:05:06.800Z"} 
[2026-09-14 01:05:15] local.DEBUG: [vite] hot updated: /resources/js/pages/welcome.tsx {"url":"http://localhost:8000/","user_agent":"Mozilla/5.0 (Windows NT 10.0; Win64; x64; rv:155.0) Gecko/20100101 Firefox/155.0","timestamp":"2026-09-14T01:05:15.066Z"} 
[2026-09-14 01:05:15] local.DEBUG: [vite] hot updated: /resources/css/app.css {"url":"http://localhost:8000/","user_agent":"Mozilla/5.0 (Windows NT 10.0; Win64; x64; rv:155.0) Gecko/20100101 Firefox/155.0","timestamp":"2026-09-14T01:05:15.066Z"} 
[2026-09-14 01:05:15] local.ERROR: Encountered two children with the same key, `%s`. Keys should be unique so that components maintain their identity across updates. Non-unique keys may cause children to be duplicated and/or omitted — the behavior is unsupported and could change in a future version. null {"url":"http://localhost:8000/","user_agent":"Mozilla/5.0 (Windows NT 10.0; Win64; x64; rv:155.0) Gecko/20100101 Firefox/155.0","timestamp":"2026-09-14T01:05:15.085Z"} 
[2026-09-14 01:05:15] local.ERROR: Encountered two children with the same key, `%s`. Keys should be unique so that components maintain their identity across updates. Non-unique keys may cause children to be duplicated and/or omitted — the behavior is unsupported and could change in a future version. null {"url":"http://localhost:8000/","user_agent":"Mozilla/5.0 (Windows NT 10.0; Win64; x64; rv:155.0) Gecko/20100101 Firefox/155.0","timestamp":"2026-09-14T01:05:15.085Z"} 
[2026-09-14 01:05:49] local.DEBUG: [vite] hot updated: /resources/js/components/ecovolts/footer.tsx {"url":"http://localhost:8000/","user_agent":"Mozilla/5.0 (Windows NT 10.0; Win64; x64; rv:155.0) Gecko/20100101 Firefox/155.0","timestamp":"2026-09-14T01:05:49.414Z"} 
[2026-09-14 01:05:49] local.DEBUG: [vite] hot updated: /resources/css/app.css {"url":"http://localhost:8000/","user_agent":"Mozilla/5.0 (Windows NT 10.0; Win64; x64; rv:155.0) Gecko/20100101 Firefox/155.0","timestamp":"2026-09-14T01:05:49.414Z"} 
[2026-09-14 01:05:49] local.ERROR: Encountered two children with the same key, `%s`. Keys should be unique so that components maintain their identity across updates. Non-unique keys may cause children to be duplicated and/or omitted — the behavior is unsupported and could change in a future version. null {"url":"http://localhost:8000/","user_agent":"Mozilla/5.0 (Windows NT 10.0; Win64; x64; rv:155.0) Gecko/20100101 Firefox/155.0","timestamp":"2026-09-14T01:05:49.433Z"} 
[2026-09-14 01:05:49] local.ERROR: Encountered two children with the same key, `%s`. Keys should be unique so that components maintain their identity across updates. Non-unique keys may cause children to be duplicated and/or omitted — the behavior is unsupported and could change in a future version. null {"url":"http://localhost:8000/","user_agent":"Mozilla/5.0 (Windows NT 10.0; Win64; x64; rv:155.0) Gecko/20100101 Firefox/155.0","timestamp":"2026-09-14T01:05:49.433Z"} 
[2026-09-14 01:05:53] local.DEBUG: [vite] hot updated: /resources/js/components/ecovolts/footer.tsx {"url":"http://localhost:8000/","user_agent":"Mozilla/5.0 (Windows NT 10.0; Win64; x64; rv:155.0) Gecko/20100101 Firefox/155.0","timestamp":"2026-09-14T01:05:53.197Z"} 
[2026-09-14 01:05:53] local.DEBUG: [vite] hot updated: /resources/css/app.css {"url":"http://localhost:8000/","user_agent":"Mozilla/5.0 (Windows NT 10.0; Win64; x64; rv:155.0) Gecko/20100101 Firefox/155.0","timestamp":"2026-09-14T01:05:53.197Z"} 
[2026-09-14 01:05:53] local.ERROR: Encountered two children with the same key, `%s`. Keys should be unique so that components maintain their identity across updates. Non-unique keys may cause children to be duplicated and/or omitted — the behavior is unsupported and could change in a future version. null {"url":"http://localhost:8000/","user_agent":"Mozilla/5.0 (Windows NT 10.0; Win64; x64; rv:155.0) Gecko/20100101 Firefox/155.0","timestamp":"2026-09-14T01:05:53.214Z"} 
[2026-09-14 01:05:53] local.ERROR: Encountered two children with the same key, `%s`. Keys should be unique so that components maintain their identity across updates. Non-unique keys may cause children to be duplicated and/or omitted — the behavior is unsupported and could change in a future version. null {"url":"http://localhost:8000/","user_agent":"Mozilla/5.0 (Windows NT 10.0; Win64; x64; rv:155.0) Gecko/20100101 Firefox/155.0","timestamp":"2026-09-14T01:05:53.214Z"} 
[2026-09-14 01:06:04] local.DEBUG: [vite] hot updated: /resources/js/components/ecovolts/footer.tsx {"url":"http://localhost:8000/","user_agent":"Mozilla/5.0 (Windows NT 10.0; Win64; x64; rv:155.0) Gecko/20100101 Firefox/155.0","timestamp":"2026-09-14T01:06:03.775Z"} 
[2026-09-14 01:06:04] local.DEBUG: [vite] hot updated: /resources/css/app.css {"url":"http://localhost:8000/","user_agent":"Mozilla/5.0 (Windows NT 10.0; Win64; x64; rv:155.0) Gecko/20100101 Firefox/155.0","timestamp":"2026-09-14T01:06:03.775Z"} 
[2026-09-14 01:06:04] local.ERROR: Encountered two children with the same key, `%s`. Keys should be unique so that components maintain their identity across updates. Non-unique keys may cause children to be duplicated and/or omitted — the behavior is unsupported and could change in a future version. null {"url":"http://localhost:8000/","user_agent":"Mozilla/5.0 (Windows NT 10.0; Win64; x64; rv:155.0) Gecko/20100101 Firefox/155.0","timestamp":"2026-09-14T01:06:03.793Z"} 
[2026-09-14 01:06:04] local.ERROR: Encountered two children with the same key, `%s`. Keys should be unique so that components maintain their identity across updates. Non-unique keys may cause children to be duplicated and/or omitted — the behavior is unsupported and could change in a future version. null {"url":"http://localhost:8000/","user_agent":"Mozilla/5.0 (Windows NT 10.0; Win64; x64; rv:155.0) Gecko/20100101 Firefox/155.0","timestamp":"2026-09-14T01:06:03.794Z"} 
[2026-09-14 01:06:18] local.DEBUG: [vite] hot updated: /resources/js/components/ecovolts/footer.tsx {"url":"http://localhost:8000/","user_agent":"Mozilla/5.0 (Windows NT 10.0; Win64; x64; rv:155.0) Gecko/20100101 Firefox/155.0","timestamp":"2026-09-14T01:06:18.080Z"} 
[2026-09-14 01:06:18] local.DEBUG: [vite] hot updated: /resources/css/app.css {"url":"http://localhost:8000/","user_agent":"Mozilla/5.0 (Windows NT 10.0; Win64; x64; rv:155.0) Gecko/20100101 Firefox/155.0","timestamp":"2026-09-14T01:06:18.080Z"} 
[2026-09-14 01:06:18] local.ERROR: Encountered two children with the same key, `%s`. Keys should be unique so that components maintain their identity across updates. Non-unique keys may cause children to be duplicated and/or omitted — the behavior is unsupported and could change in a future version. null {"url":"http://localhost:8000/","user_agent":"Mozilla/5.0 (Windows NT 10.0; Win64; x64; rv:155.0) Gecko/20100101 Firefox/155.0","timestamp":"2026-09-14T01:06:18.098Z"} 
[2026-09-14 01:06:18] local.ERROR: Encountered two children with the same key, `%s`. Keys should be unique so that components maintain their identity across updates. Non-unique keys may cause children to be duplicated and/or omitted — the behavior is unsupported and could change in a future version. null {"url":"http://localhost:8000/","user_agent":"Mozilla/5.0 (Windows NT 10.0; Win64; x64; rv:155.0) Gecko/20100101 Firefox/155.0","timestamp":"2026-09-14T01:06:18.098Z"} 
[2026-09-14 01:06:46] local.DEBUG: [vite] hot updated: /resources/js/components/ecovolts/footer.tsx {"url":"http://localhost:8000/","user_agent":"Mozilla/5.0 (Windows NT 10.0; Win64; x64; rv:155.0) Gecko/20100101 Firefox/155.0","timestamp":"2026-09-14T01:06:46.079Z"} 
[2026-09-14 01:06:46] local.DEBUG: [vite] hot updated: /resources/css/app.css {"url":"http://localhost:8000/","user_agent":"Mozilla/5.0 (Windows NT 10.0; Win64; x64; rv:155.0) Gecko/20100101 Firefox/155.0","timestamp":"2026-09-14T01:06:46.079Z"} 
[2026-09-14 01:06:46] local.ERROR: Encountered two children with the same key, `%s`. Keys should be unique so that components maintain their identity across updates. Non-unique keys may cause children to be duplicated and/or omitted — the behavior is unsupported and could change in a future version. null {"url":"http://localhost:8000/","user_agent":"Mozilla/5.0 (Windows NT 10.0; Win64; x64; rv:155.0) Gecko/20100101 Firefox/155.0","timestamp":"2026-09-14T01:06:46.097Z"} 
[2026-09-14 01:06:46] local.ERROR: Encountered two children with the same key, `%s`. Keys should be unique so that components maintain their identity across updates. Non-unique keys may cause children to be duplicated and/or omitted — the behavior is unsupported and could change in a future version. null {"url":"http://localhost:8000/","user_agent":"Mozilla/5.0 (Windows NT 10.0; Win64; x64; rv:155.0) Gecko/20100101 Firefox/155.0","timestamp":"2026-09-14T01:06:46.097Z"} 
[2026-09-14 01:07:25] local.DEBUG: [vite] hot updated: /resources/js/components/ecovolts/footer.tsx {"url":"http://localhost:8000/","user_agent":"Mozilla/5.0 (Windows NT 10.0; Win64; x64; rv:155.0) Gecko/20100101 Firefox/155.0","timestamp":"2026-09-14T01:07:24.773Z"} 
[2026-09-14 01:07:25] local.DEBUG: [vite] hot updated: /resources/css/app.css {"url":"http://localhost:8000/","user_agent":"Mozilla/5.0 (Windows NT 10.0; Win64; x64; rv:155.0) Gecko/20100101 Firefox/155.0","timestamp":"2026-09-14T01:07:24.773Z"} 
[2026-09-14 01:07:25] local.ERROR: Encountered two children with the same key, `%s`. Keys should be unique so that components maintain their identity across updates. Non-unique keys may cause children to be duplicated and/or omitted — the behavior is unsupported and could change in a future version. null {"url":"http://localhost:8000/","user_agent":"Mozilla/5.0 (Windows NT 10.0; Win64; x64; rv:155.0) Gecko/20100101 Firefox/155.0","timestamp":"2026-09-14T01:07:24.792Z"} 
[2026-09-14 01:07:25] local.ERROR: Encountered two children with the same key, `%s`. Keys should be unique so that components maintain their identity across updates. Non-unique keys may cause children to be duplicated and/or omitted — the behavior is unsupported and could change in a future version. null {"url":"http://localhost:8000/","user_agent":"Mozilla/5.0 (Windows NT 10.0; Win64; x64; rv:155.0) Gecko/20100101 Firefox/155.0","timestamp":"2026-09-14T01:07:24.792Z"} 
[2026-09-14 01:07:42] local.DEBUG: [vite] hot updated: /resources/js/components/ecovolts/footer.tsx {"url":"http://localhost:8000/","user_agent":"Mozilla/5.0 (Windows NT 10.0; Win64; x64; rv:155.0) Gecko/20100101 Firefox/155.0","timestamp":"2026-09-14T01:07:42.300Z"} 
[2026-09-14 01:07:42] local.DEBUG: [vite] hot updated: /resources/css/app.css {"url":"http://localhost:8000/","user_agent":"Mozilla/5.0 (Windows NT 10.0; Win64; x64; rv:155.0) Gecko/20100101 Firefox/155.0","timestamp":"2026-09-14T01:07:42.300Z"} 
[2026-09-14 01:07:42] local.ERROR: Encountered two children with the same key, `%s`. Keys should be unique so that components maintain their identity across updates. Non-unique keys may cause children to be duplicated and/or omitted — the behavior is unsupported and could change in a future version. null {"url":"http://localhost:8000/","user_agent":"Mozilla/5.0 (Windows NT 10.0; Win64; x64; rv:155.0) Gecko/20100101 Firefox/155.0","timestamp":"2026-09-14T01:07:42.317Z"} 
[2026-09-14 01:07:42] local.ERROR: Encountered two children with the same key, `%s`. Keys should be unique so that components maintain their identity across updates. Non-unique keys may cause children to be duplicated and/or omitted — the behavior is unsupported and could change in a future version. null {"url":"http://localhost:8000/","user_agent":"Mozilla/5.0 (Windows NT 10.0; Win64; x64; rv:155.0) Gecko/20100101 Firefox/155.0","timestamp":"2026-09-14T01:07:42.317Z"} 
[2026-09-14 01:07:48] local.DEBUG: [vite] hot updated: /resources/js/components/ecovolts/footer.tsx {"url":"http://localhost:8000/","user_agent":"Mozilla/5.0 (Windows NT 10.0; Win64; x64; rv:155.0) Gecko/20100101 Firefox/155.0","timestamp":"2026-09-14T01:07:48.391Z"} 
[2026-09-14 01:07:48] local.DEBUG: [vite] hot updated: /resources/css/app.css {"url":"http://localhost:8000/","user_agent":"Mozilla/5.0 (Windows NT 10.0; Win64; x64; rv:155.0) Gecko/20100101 Firefox/155.0","timestamp":"2026-09-14T01:07:48.391Z"} 
[2026-09-14 01:07:48] local.ERROR: Encountered two children with the same key, `%s`. Keys should be unique so that components maintain their identity across updates. Non-unique keys may cause children to be duplicated and/or omitted — the behavior is unsupported and could change in a future version. null {"url":"http://localhost:8000/","user_agent":"Mozilla/5.0 (Windows NT 10.0; Win64; x64; rv:155.0) Gecko/20100101 Firefox/155.0","timestamp":"2026-09-14T01:07:48.407Z"} 
[2026-09-14 01:07:48] local.ERROR: Encountered two children with the same key, `%s`. Keys should be unique so that components maintain their identity across updates. Non-unique keys may cause children to be duplicated and/or omitted — the behavior is unsupported and could change in a future version. null {"url":"http://localhost:8000/","user_agent":"Mozilla/5.0 (Windows NT 10.0; Win64; x64; rv:155.0) Gecko/20100101 Firefox/155.0","timestamp":"2026-09-14T01:07:48.407Z"} 
[2026-09-14 01:07:58] local.DEBUG: [vite] hot updated: /resources/js/components/ecovolts/footer.tsx {"url":"http://localhost:8000/","user_agent":"Mozilla/5.0 (Windows NT 10.0; Win64; x64; rv:155.0) Gecko/20100101 Firefox/155.0","timestamp":"2026-09-14T01:07:58.231Z"} 
[2026-09-14 01:07:58] local.DEBUG: [vite] hot updated: /resources/css/app.css {"url":"http://localhost:8000/","user_agent":"Mozilla/5.0 (Windows NT 10.0; Win64; x64; rv:155.0) Gecko/20100101 Firefox/155.0","timestamp":"2026-09-14T01:07:58.231Z"} 
[2026-09-14 01:07:58] local.ERROR: Encountered two children with the same key, `%s`. Keys should be unique so that components maintain their identity across updates. Non-unique keys may cause children to be duplicated and/or omitted — the behavior is unsupported and could change in a future version. null {"url":"http://localhost:8000/","user_agent":"Mozilla/5.0 (Windows NT 10.0; Win64; x64; rv:155.0) Gecko/20100101 Firefox/155.0","timestamp":"2026-09-14T01:07:58.248Z"} 
[2026-09-14 01:07:58] local.ERROR: Encountered two children with the same key, `%s`. Keys should be unique so that components maintain their identity across updates. Non-unique keys may cause children to be duplicated and/or omitted — the behavior is unsupported and could change in a future version. null {"url":"http://localhost:8000/","user_agent":"Mozilla/5.0 (Windows NT 10.0; Win64; x64; rv:155.0) Gecko/20100101 Firefox/155.0","timestamp":"2026-09-14T01:07:58.248Z"} 
[2026-09-14 01:08:04] local.DEBUG: [vite] hot updated: /resources/js/components/ecovolts/footer.tsx {"url":"http://localhost:8000/","user_agent":"Mozilla/5.0 (Windows NT 10.0; Win64; x64; rv:155.0) Gecko/20100101 Firefox/155.0","timestamp":"2026-09-14T01:08:02.188Z"} 
[2026-09-14 01:08:04] local.DEBUG: [vite] hot updated: /resources/css/app.css {"url":"http://localhost:8000/","user_agent":"Mozilla/5.0 (Windows NT 10.0; Win64; x64; rv:155.0) Gecko/20100101 Firefox/155.0","timestamp":"2026-09-14T01:08:02.188Z"} 
[2026-09-14 01:08:07] local.DEBUG: [vite] connecting... {"url":"http://localhost:8000/","user_agent":"Mozilla/5.0 (Windows NT 10.0; Win64; x64; rv:155.0) Gecko/20100101 Firefox/155.0","timestamp":"2026-09-14T01:08:05.084Z"} 
[2026-09-14 01:08:07] local.INFO: %cDownload the React DevTools for a better development experience: https://react.dev/link/react-devtools font-weight:bold {"url":"http://localhost:8000/","user_agent":"Mozilla/5.0 (Windows NT 10.0; Win64; x64; rv:155.0) Gecko/20100101 Firefox/155.0","timestamp":"2026-09-14T01:08:05.100Z"} 
[2026-09-14 01:08:07] local.DEBUG: [vite] connected. {"url":"http://localhost:8000/","user_agent":"Mozilla/5.0 (Windows NT 10.0; Win64; x64; rv:155.0) Gecko/20100101 Firefox/155.0","timestamp":"2026-09-14T01:08:05.111Z"} 
[2026-09-14 01:08:07] local.ERROR: Each child in a list should have a unique "key" prop.%s%s See https://react.dev/link/warning-keys for more information. Check the render method of `Welcome`. null {"url":"http://localhost:8000/","user_agent":"Mozilla/5.0 (Windows NT 10.0; Win64; x64; rv:155.0) Gecko/20100101 Firefox/155.0","timestamp":"2026-09-14T01:08:05.204Z"} 
[2026-09-14 01:08:07] local.ERROR: Each child in a list should have a unique "key" prop.%s%s See https://react.dev/link/warning-keys for more information. Check the render method of `Footer`. null {"url":"http://localhost:8000/","user_agent":"Mozilla/5.0 (Windows NT 10.0; Win64; x64; rv:155.0) Gecko/20100101 Firefox/155.0","timestamp":"2026-09-14T01:08:05.209Z"} 
[2026-09-14 01:08:07] local.ERROR: Encountered two children with the same key, `%s`. Keys should be unique so that components maintain their identity across updates. Non-unique keys may cause children to be duplicated and/or omitted — the behavior is unsupported and could change in a future version. null {"url":"http://localhost:8000/","user_agent":"Mozilla/5.0 (Windows NT 10.0; Win64; x64; rv:155.0) Gecko/20100101 Firefox/155.0","timestamp":"2026-09-14T01:08:05.210Z"} 
[2026-09-14 01:08:07] local.ERROR: Encountered two children with the same key, `%s`. Keys should be unique so that components maintain their identity across updates. Non-unique keys may cause children to be duplicated and/or omitted — the behavior is unsupported and could change in a future version. null {"url":"http://localhost:8000/","user_agent":"Mozilla/5.0 (Windows NT 10.0; Win64; x64; rv:155.0) Gecko/20100101 Firefox/155.0","timestamp":"2026-09-14T01:08:05.210Z"} 
[2026-09-14 01:08:07] local.ERROR: Encountered two children with the same key, `%s`. Keys should be unique so that components maintain their identity across updates. Non-unique keys may cause children to be duplicated and/or omitted — the behavior is unsupported and could change in a future version. null {"url":"http://localhost:8000/","user_agent":"Mozilla/5.0 (Windows NT 10.0; Win64; x64; rv:155.0) Gecko/20100101 Firefox/155.0","timestamp":"2026-09-14T01:08:05.229Z"} 
[2026-09-14 01:08:07] local.ERROR: Encountered two children with the same key, `%s`. Keys should be unique so that components maintain their identity across updates. Non-unique keys may cause children to be duplicated and/or omitted — the behavior is unsupported and could change in a future version. null {"url":"http://localhost:8000/","user_agent":"Mozilla/5.0 (Windows NT 10.0; Win64; x64; rv:155.0) Gecko/20100101 Firefox/155.0","timestamp":"2026-09-14T01:08:05.229Z"} 
[2026-09-14 01:08:15] local.DEBUG: [vite] hot updated: /resources/js/components/ecovolts/footer.tsx {"url":"http://localhost:8000/","user_agent":"Mozilla/5.0 (Windows NT 10.0; Win64; x64; rv:155.0) Gecko/20100101 Firefox/155.0","timestamp":"2026-09-14T01:08:15.023Z"} 
[2026-09-14 01:08:15] local.DEBUG: [vite] hot updated: /resources/css/app.css {"url":"http://localhost:8000/","user_agent":"Mozilla/5.0 (Windows NT 10.0; Win64; x64; rv:155.0) Gecko/20100101 Firefox/155.0","timestamp":"2026-09-14T01:08:15.023Z"} 
[2026-09-14 01:08:15] local.ERROR: Encountered two children with the same key, `%s`. Keys should be unique so that components maintain their identity across updates. Non-unique keys may cause children to be duplicated and/or omitted — the behavior is unsupported and could change in a future version. null {"url":"http://localhost:8000/","user_agent":"Mozilla/5.0 (Windows NT 10.0; Win64; x64; rv:155.0) Gecko/20100101 Firefox/155.0","timestamp":"2026-09-14T01:08:15.044Z"} 
[2026-09-14 01:08:15] local.ERROR: Encountered two children with the same key, `%s`. Keys should be unique so that components maintain their identity across updates. Non-unique keys may cause children to be duplicated and/or omitted — the behavior is unsupported and could change in a future version. null {"url":"http://localhost:8000/","user_agent":"Mozilla/5.0 (Windows NT 10.0; Win64; x64; rv:155.0) Gecko/20100101 Firefox/155.0","timestamp":"2026-09-14T01:08:15.044Z"} 
[2026-09-14 01:08:19] local.DEBUG: [vite] hot updated: /resources/js/components/ecovolts/footer.tsx {"url":"http://localhost:8000/","user_agent":"Mozilla/5.0 (Windows NT 10.0; Win64; x64; rv:155.0) Gecko/20100101 Firefox/155.0","timestamp":"2026-09-14T01:08:19.076Z"} 
[2026-09-14 01:08:19] local.DEBUG: [vite] hot updated: /resources/css/app.css {"url":"http://localhost:8000/","user_agent":"Mozilla/5.0 (Windows NT 10.0; Win64; x64; rv:155.0) Gecko/20100101 Firefox/155.0","timestamp":"2026-09-14T01:08:19.076Z"} 
[2026-09-14 01:08:19] local.ERROR: Encountered two children with the same key, `%s`. Keys should be unique so that components maintain their identity across updates. Non-unique keys may cause children to be duplicated and/or omitted — the behavior is unsupported and could change in a future version. null {"url":"http://localhost:8000/","user_agent":"Mozilla/5.0 (Windows NT 10.0; Win64; x64; rv:155.0) Gecko/20100101 Firefox/155.0","timestamp":"2026-09-14T01:08:19.094Z"} 
[2026-09-14 01:08:19] local.ERROR: Encountered two children with the same key, `%s`. Keys should be unique so that components maintain their identity across updates. Non-unique keys may cause children to be duplicated and/or omitted — the behavior is unsupported and could change in a future version. null {"url":"http://localhost:8000/","user_agent":"Mozilla/5.0 (Windows NT 10.0; Win64; x64; rv:155.0) Gecko/20100101 Firefox/155.0","timestamp":"2026-09-14T01:08:19.094Z"} 
[2026-09-14 01:09:36] local.DEBUG: [vite] hot updated: /resources/js/components/ecovolts/footer.tsx {"url":"http://localhost:8000/","user_agent":"Mozilla/5.0 (Windows NT 10.0; Win64; x64; rv:155.0) Gecko/20100101 Firefox/155.0","timestamp":"2026-09-14T01:09:36.661Z"} 
[2026-09-14 01:09:36] local.DEBUG: [vite] hot updated: /resources/css/app.css {"url":"http://localhost:8000/","user_agent":"Mozilla/5.0 (Windows NT 10.0; Win64; x64; rv:155.0) Gecko/20100101 Firefox/155.0","timestamp":"2026-09-14T01:09:36.661Z"} 
[2026-09-14 01:09:36] local.ERROR: Encountered two children with the same key, `%s`. Keys should be unique so that components maintain their identity across updates. Non-unique keys may cause children to be duplicated and/or omitted — the behavior is unsupported and could change in a future version. null {"url":"http://localhost:8000/","user_agent":"Mozilla/5.0 (Windows NT 10.0; Win64; x64; rv:155.0) Gecko/20100101 Firefox/155.0","timestamp":"2026-09-14T01:09:36.685Z"} 
[2026-09-14 01:09:36] local.ERROR: Encountered two children with the same key, `%s`. Keys should be unique so that components maintain their identity across updates. Non-unique keys may cause children to be duplicated and/or omitted — the behavior is unsupported and could change in a future version. null {"url":"http://localhost:8000/","user_agent":"Mozilla/5.0 (Windows NT 10.0; Win64; x64; rv:155.0) Gecko/20100101 Firefox/155.0","timestamp":"2026-09-14T01:09:36.685Z"} 
[2026-09-14 01:09:44] local.DEBUG: [vite] hot updated: /resources/js/components/ecovolts/footer.tsx {"url":"http://localhost:8000/","user_agent":"Mozilla/5.0 (Windows NT 10.0; Win64; x64; rv:155.0) Gecko/20100101 Firefox/155.0","timestamp":"2026-09-14T01:09:44.462Z"} 
[2026-09-14 01:09:44] local.DEBUG: [vite] hot updated: /resources/css/app.css {"url":"http://localhost:8000/","user_agent":"Mozilla/5.0 (Windows NT 10.0; Win64; x64; rv:155.0) Gecko/20100101 Firefox/155.0","timestamp":"2026-09-14T01:09:44.462Z"} 
[2026-09-14 01:09:44] local.ERROR: Encountered two children with the same key, `%s`. Keys should be unique so that components maintain their identity across updates. Non-unique keys may cause children to be duplicated and/or omitted — the behavior is unsupported and could change in a future version. null {"url":"http://localhost:8000/","user_agent":"Mozilla/5.0 (Windows NT 10.0; Win64; x64; rv:155.0) Gecko/20100101 Firefox/155.0","timestamp":"2026-09-14T01:09:44.478Z"} 
[2026-09-14 01:09:44] local.ERROR: Encountered two children with the same key, `%s`. Keys should be unique so that components maintain their identity across updates. Non-unique keys may cause children to be duplicated and/or omitted — the behavior is unsupported and could change in a future version. null {"url":"http://localhost:8000/","user_agent":"Mozilla/5.0 (Windows NT 10.0; Win64; x64; rv:155.0) Gecko/20100101 Firefox/155.0","timestamp":"2026-09-14T01:09:44.478Z"} 
[2026-09-14 01:09:51] local.DEBUG: [vite] hot updated: /resources/js/components/ecovolts/footer.tsx {"url":"http://localhost:8000/","user_agent":"Mozilla/5.0 (Windows NT 10.0; Win64; x64; rv:155.0) Gecko/20100101 Firefox/155.0","timestamp":"2026-09-14T01:09:51.253Z"} 
[2026-09-14 01:09:51] local.DEBUG: [vite] hot updated: /resources/css/app.css {"url":"http://localhost:8000/","user_agent":"Mozilla/5.0 (Windows NT 10.0; Win64; x64; rv:155.0) Gecko/20100101 Firefox/155.0","timestamp":"2026-09-14T01:09:51.253Z"} 
[2026-09-14 01:09:51] local.ERROR: Encountered two children with the same key, `%s`. Keys should be unique so that components maintain their identity across updates. Non-unique keys may cause children to be duplicated and/or omitted — the behavior is unsupported and could change in a future version. null {"url":"http://localhost:8000/","user_agent":"Mozilla/5.0 (Windows NT 10.0; Win64; x64; rv:155.0) Gecko/20100101 Firefox/155.0","timestamp":"2026-09-14T01:09:51.270Z"} 
[2026-09-14 01:09:51] local.ERROR: Encountered two children with the same key, `%s`. Keys should be unique so that components maintain their identity across updates. Non-unique keys may cause children to be duplicated and/or omitted — the behavior is unsupported and could change in a future version. null {"url":"http://localhost:8000/","user_agent":"Mozilla/5.0 (Windows NT 10.0; Win64; x64; rv:155.0) Gecko/20100101 Firefox/155.0","timestamp":"2026-09-14T01:09:51.270Z"} 
[2026-09-14 01:10:25] local.DEBUG: [vite] hot updated: /resources/js/pages/welcome.tsx {"url":"http://localhost:8000/#contato","user_agent":"Mozilla/5.0 (Windows NT 10.0; Win64; x64; rv:155.0) Gecko/20100101 Firefox/155.0","timestamp":"2026-09-14T01:10:25.048Z"} 
[2026-09-14 01:10:25] local.DEBUG: [vite] hot updated: /resources/css/app.css {"url":"http://localhost:8000/#contato","user_agent":"Mozilla/5.0 (Windows NT 10.0; Win64; x64; rv:155.0) Gecko/20100101 Firefox/155.0","timestamp":"2026-09-14T01:10:25.048Z"} 
[2026-09-14 01:10:25] local.ERROR: Encountered two children with the same key, `%s`. Keys should be unique so that components maintain their identity across updates. Non-unique keys may cause children to be duplicated and/or omitted — the behavior is unsupported and could change in a future version. null {"url":"http://localhost:8000/#contato","user_agent":"Mozilla/5.0 (Windows NT 10.0; Win64; x64; rv:155.0) Gecko/20100101 Firefox/155.0","timestamp":"2026-09-14T01:10:25.067Z"} 
[2026-09-14 01:10:25] local.ERROR: Encountered two children with the same key, `%s`. Keys should be unique so that components maintain their identity across updates. Non-unique keys may cause children to be duplicated and/or omitted — the behavior is unsupported and could change in a future version. null {"url":"http://localhost:8000/#contato","user_agent":"Mozilla/5.0 (Windows NT 10.0; Win64; x64; rv:155.0) Gecko/20100101 Firefox/155.0","timestamp":"2026-09-14T01:10:25.067Z"} 
[2026-09-14 01:10:26] local.ERROR: Unhandled Promise Rejection TypeError can't access property "page", window.history.state is null saveDocumentScrollPosition/</<@http://[::1]:5173/node_modules/.vite/deps/@inertiajs_react.js?v=9e5c15c8:6031:29 {"url":"http://localhost:8000/#contato","user_agent":"Mozilla/5.0 (Windows NT 10.0; Win64; x64; rv:155.0) Gecko/20100101 Firefox/155.0","timestamp":"2026-09-14T01:10:26.109Z"} 
[2026-09-14 01:12:49] local.DEBUG: [vite] hot updated: /resources/js/components/ecovolts/footer.tsx {"url":"http://localhost:8000/#contato","user_agent":"Mozilla/5.0 (Windows NT 10.0; Win64; x64; rv:155.0) Gecko/20100101 Firefox/155.0","timestamp":"2026-09-14T01:12:48.991Z"} 
[2026-09-14 01:12:49] local.DEBUG: [vite] hot updated: /resources/css/app.css {"url":"http://localhost:8000/#contato","user_agent":"Mozilla/5.0 (Windows NT 10.0; Win64; x64; rv:155.0) Gecko/20100101 Firefox/155.0","timestamp":"2026-09-14T01:12:48.991Z"} 
[2026-09-14 01:12:49] local.ERROR: Encountered two children with the same key, `%s`. Keys should be unique so that components maintain their identity across updates. Non-unique keys may cause children to be duplicated and/or omitted — the behavior is unsupported and could change in a future version. null {"url":"http://localhost:8000/#contato","user_agent":"Mozilla/5.0 (Windows NT 10.0; Win64; x64; rv:155.0) Gecko/20100101 Firefox/155.0","timestamp":"2026-09-14T01:12:49.008Z"} 
[2026-09-14 01:12:49] local.ERROR: Encountered two children with the same key, `%s`. Keys should be unique so that components maintain their identity across updates. Non-unique keys may cause children to be duplicated and/or omitted — the behavior is unsupported and could change in a future version. null {"url":"http://localhost:8000/#contato","user_agent":"Mozilla/5.0 (Windows NT 10.0; Win64; x64; rv:155.0) Gecko/20100101 Firefox/155.0","timestamp":"2026-09-14T01:12:49.008Z"} 
[2026-09-14 01:14:37] local.DEBUG: [vite] hot updated: /resources/js/components/ecovolts/footer.tsx {"url":"http://localhost:8000/#contato","user_agent":"Mozilla/5.0 (Windows NT 10.0; Win64; x64; rv:155.0) Gecko/20100101 Firefox/155.0","timestamp":"2026-09-14T01:14:37.052Z"} 
[2026-09-14 01:14:37] local.DEBUG: [vite] hot updated: /resources/css/app.css {"url":"http://localhost:8000/#contato","user_agent":"Mozilla/5.0 (Windows NT 10.0; Win64; x64; rv:155.0) Gecko/20100101 Firefox/155.0","timestamp":"2026-09-14T01:14:37.052Z"} 
[2026-09-14 01:14:37] local.ERROR: Encountered two children with the same key, `%s`. Keys should be unique so that components maintain their identity across updates. Non-unique keys may cause children to be duplicated and/or omitted — the behavior is unsupported and could change in a future version. null {"url":"http://localhost:8000/#contato","user_agent":"Mozilla/5.0 (Windows NT 10.0; Win64; x64; rv:155.0) Gecko/20100101 Firefox/155.0","timestamp":"2026-09-14T01:14:37.124Z"} 
[2026-09-14 01:14:37] local.ERROR: Encountered two children with the same key, `%s`. Keys should be unique so that components maintain their identity across updates. Non-unique keys may cause children to be duplicated and/or omitted — the behavior is unsupported and could change in a future version. null {"url":"http://localhost:8000/#contato","user_agent":"Mozilla/5.0 (Windows NT 10.0; Win64; x64; rv:155.0) Gecko/20100101 Firefox/155.0","timestamp":"2026-09-14T01:14:37.124Z"} 
[2026-09-14 01:14:39] local.DEBUG: [vite] connecting... {"url":"http://localhost:8000/#contato","user_agent":"Mozilla/5.0 (Windows NT 10.0; Win64; x64; rv:155.0) Gecko/20100101 Firefox/155.0","timestamp":"2026-09-14T01:14:39.032Z"} 
[2026-09-14 01:14:39] local.DEBUG: [vite] connected. {"url":"http://localhost:8000/#contato","user_agent":"Mozilla/5.0 (Windows NT 10.0; Win64; x64; rv:155.0) Gecko/20100101 Firefox/155.0","timestamp":"2026-09-14T01:14:39.041Z"} 
[2026-09-14 01:14:39] local.INFO: %cDownload the React DevTools for a better development experience: https://react.dev/link/react-devtools font-weight:bold {"url":"http://localhost:8000/#contato","user_agent":"Mozilla/5.0 (Windows NT 10.0; Win64; x64; rv:155.0) Gecko/20100101 Firefox/155.0","timestamp":"2026-09-14T01:14:39.048Z"} 
[2026-09-14 01:14:39] local.ERROR: Each child in a list should have a unique "key" prop.%s%s See https://react.dev/link/warning-keys for more information. Check the render method of `Welcome`. null {"url":"http://localhost:8000/#contato","user_agent":"Mozilla/5.0 (Windows NT 10.0; Win64; x64; rv:155.0) Gecko/20100101 Firefox/155.0","timestamp":"2026-09-14T01:14:39.138Z"} 
[2026-09-14 01:14:39] local.ERROR: Each child in a list should have a unique "key" prop.%s%s See https://react.dev/link/warning-keys for more information. Check the render method of `Footer`. null {"url":"http://localhost:8000/#contato","user_agent":"Mozilla/5.0 (Windows NT 10.0; Win64; x64; rv:155.0) Gecko/20100101 Firefox/155.0","timestamp":"2026-09-14T01:14:39.143Z"} 
[2026-09-14 01:14:39] local.ERROR: Encountered two children with the same key, `%s`. Keys should be unique so that components maintain their identity across updates. Non-unique keys may cause children to be duplicated and/or omitted — the behavior is unsupported and could change in a future version. null {"url":"http://localhost:8000/#contato","user_agent":"Mozilla/5.0 (Windows NT 10.0; Win64; x64; rv:155.0) Gecko/20100101 Firefox/155.0","timestamp":"2026-09-14T01:14:39.144Z"} 
[2026-09-14 01:14:39] local.ERROR: Encountered two children with the same key, `%s`. Keys should be unique so that components maintain their identity across updates. Non-unique keys may cause children to be duplicated and/or omitted — the behavior is unsupported and could change in a future version. null {"url":"http://localhost:8000/#contato","user_agent":"Mozilla/5.0 (Windows NT 10.0; Win64; x64; rv:155.0) Gecko/20100101 Firefox/155.0","timestamp":"2026-09-14T01:14:39.144Z"} 
[2026-09-14 01:14:39] local.ERROR: Encountered two children with the same key, `%s`. Keys should be unique so that components maintain their identity across updates. Non-unique keys may cause children to be duplicated and/or omitted — the behavior is unsupported and could change in a future version. null {"url":"http://localhost:8000/#contato","user_agent":"Mozilla/5.0 (Windows NT 10.0; Win64; x64; rv:155.0) Gecko/20100101 Firefox/155.0","timestamp":"2026-09-14T01:14:39.160Z"} 
[2026-09-14 01:14:39] local.ERROR: Encountered two children with the same key, `%s`. Keys should be unique so that components maintain their identity across updates. Non-unique keys may cause children to be duplicated and/or omitted — the behavior is unsupported and could change in a future version. null {"url":"http://localhost:8000/#contato","user_agent":"Mozilla/5.0 (Windows NT 10.0; Win64; x64; rv:155.0) Gecko/20100101 Firefox/155.0","timestamp":"2026-09-14T01:14:39.160Z"} 
[2026-09-14 01:15:09] local.DEBUG: [vite] hot updated: /resources/js/components/ecovolts/footer.tsx {"url":"http://localhost:8000/#contato","user_agent":"Mozilla/5.0 (Windows NT 10.0; Win64; x64; rv:155.0) Gecko/20100101 Firefox/155.0","timestamp":"2026-09-14T01:15:09.027Z"} 
[2026-09-14 01:15:09] local.DEBUG: [vite] hot updated: /resources/css/app.css {"url":"http://localhost:8000/#contato","user_agent":"Mozilla/5.0 (Windows NT 10.0; Win64; x64; rv:155.0) Gecko/20100101 Firefox/155.0","timestamp":"2026-09-14T01:15:09.027Z"} 
[2026-09-14 01:15:09] local.ERROR: Encountered two children with the same key, `%s`. Keys should be unique so that components maintain their identity across updates. Non-unique keys may cause children to be duplicated and/or omitted — the behavior is unsupported and could change in a future version. null {"url":"http://localhost:8000/#contato","user_agent":"Mozilla/5.0 (Windows NT 10.0; Win64; x64; rv:155.0) Gecko/20100101 Firefox/155.0","timestamp":"2026-09-14T01:15:09.573Z"} 
[2026-09-14 01:15:09] local.ERROR: Encountered two children with the same key, `%s`. Keys should be unique so that components maintain their identity across updates. Non-unique keys may cause children to be duplicated and/or omitted — the behavior is unsupported and could change in a future version. null {"url":"http://localhost:8000/#contato","user_agent":"Mozilla/5.0 (Windows NT 10.0; Win64; x64; rv:155.0) Gecko/20100101 Firefox/155.0","timestamp":"2026-09-14T01:15:09.573Z"} 
[2026-09-14 01:15:11] local.DEBUG: [vite] connecting... {"url":"http://localhost:8000/#contato","user_agent":"Mozilla/5.0 (Windows NT 10.0; Win64; x64; rv:155.0) Gecko/20100101 Firefox/155.0","timestamp":"2026-09-14T01:15:10.902Z"} 
[2026-09-14 01:15:11] local.INFO: %cDownload the React DevTools for a better development experience: https://react.dev/link/react-devtools font-weight:bold {"url":"http://localhost:8000/#contato","user_agent":"Mozilla/5.0 (Windows NT 10.0; Win64; x64; rv:155.0) Gecko/20100101 Firefox/155.0","timestamp":"2026-09-14T01:15:10.920Z"} 
[2026-09-14 01:15:11] local.DEBUG: [vite] connected. {"url":"http://localhost:8000/#contato","user_agent":"Mozilla/5.0 (Windows NT 10.0; Win64; x64; rv:155.0) Gecko/20100101 Firefox/155.0","timestamp":"2026-09-14T01:15:10.927Z"} 
[2026-09-14 01:15:11] local.ERROR: Each child in a list should have a unique "key" prop.%s%s See https://react.dev/link/warning-keys for more information. Check the render method of `Welcome`. null {"url":"http://localhost:8000/#contato","user_agent":"Mozilla/5.0 (Windows NT 10.0; Win64; x64; rv:155.0) Gecko/20100101 Firefox/155.0","timestamp":"2026-09-14T01:15:11.005Z"} 
[2026-09-14 01:15:11] local.ERROR: Each child in a list should have a unique "key" prop.%s%s See https://react.dev/link/warning-keys for more information. Check the render method of `Footer`. null {"url":"http://localhost:8000/#contato","user_agent":"Mozilla/5.0 (Windows NT 10.0; Win64; x64; rv:155.0) Gecko/20100101 Firefox/155.0","timestamp":"2026-09-14T01:15:11.011Z"} 
[2026-09-14 01:15:11] local.ERROR: Encountered two children with the same key, `%s`. Keys should be unique so that components maintain their identity across updates. Non-unique keys may cause children to be duplicated and/or omitted — the behavior is unsupported and could change in a future version. null {"url":"http://localhost:8000/#contato","user_agent":"Mozilla/5.0 (Windows NT 10.0; Win64; x64; rv:155.0) Gecko/20100101 Firefox/155.0","timestamp":"2026-09-14T01:15:11.012Z"} 
[2026-09-14 01:15:11] local.ERROR: Encountered two children with the same key, `%s`. Keys should be unique so that components maintain their identity across updates. Non-unique keys may cause children to be duplicated and/or omitted — the behavior is unsupported and could change in a future version. null {"url":"http://localhost:8000/#contato","user_agent":"Mozilla/5.0 (Windows NT 10.0; Win64; x64; rv:155.0) Gecko/20100101 Firefox/155.0","timestamp":"2026-09-14T01:15:11.012Z"} 
[2026-09-14 01:15:11] local.ERROR: Encountered two children with the same key, `%s`. Keys should be unique so that components maintain their identity across updates. Non-unique keys may cause children to be duplicated and/or omitted — the behavior is unsupported and could change in a future version. null {"url":"http://localhost:8000/#contato","user_agent":"Mozilla/5.0 (Windows NT 10.0; Win64; x64; rv:155.0) Gecko/20100101 Firefox/155.0","timestamp":"2026-09-14T01:15:11.024Z"} 
[2026-09-14 01:15:11] local.ERROR: Encountered two children with the same key, `%s`. Keys should be unique so that components maintain their identity across updates. Non-unique keys may cause children to be duplicated and/or omitted — the behavior is unsupported and could change in a future version. null {"url":"http://localhost:8000/#contato","user_agent":"Mozilla/5.0 (Windows NT 10.0; Win64; x64; rv:155.0) Gecko/20100101 Firefox/155.0","timestamp":"2026-09-14T01:15:11.024Z"} 
[2026-09-14 01:15:29] local.DEBUG: [vite] hot updated: /resources/js/components/ecovolts/footer.tsx {"url":"http://localhost:8000/#contato","user_agent":"Mozilla/5.0 (Windows NT 10.0; Win64; x64; rv:155.0) Gecko/20100101 Firefox/155.0","timestamp":"2026-09-14T01:15:29.628Z"} 
[2026-09-14 01:15:29] local.DEBUG: [vite] hot updated: /resources/css/app.css {"url":"http://localhost:8000/#contato","user_agent":"Mozilla/5.0 (Windows NT 10.0; Win64; x64; rv:155.0) Gecko/20100101 Firefox/155.0","timestamp":"2026-09-14T01:15:29.628Z"} 
[2026-09-14 01:15:29] local.ERROR: Encountered two children with the same key, `%s`. Keys should be unique so that components maintain their identity across updates. Non-unique keys may cause children to be duplicated and/or omitted — the behavior is unsupported and could change in a future version. null {"url":"http://localhost:8000/#contato","user_agent":"Mozilla/5.0 (Windows NT 10.0; Win64; x64; rv:155.0) Gecko/20100101 Firefox/155.0","timestamp":"2026-09-14T01:15:29.649Z"} 
[2026-09-14 01:15:29] local.ERROR: Encountered two children with the same key, `%s`. Keys should be unique so that components maintain their identity across updates. Non-unique keys may cause children to be duplicated and/or omitted — the behavior is unsupported and could change in a future version. null {"url":"http://localhost:8000/#contato","user_agent":"Mozilla/5.0 (Windows NT 10.0; Win64; x64; rv:155.0) Gecko/20100101 Firefox/155.0","timestamp":"2026-09-14T01:15:29.649Z"} 
[2026-09-14 01:15:36] local.DEBUG: [vite] hot updated: /resources/js/components/ecovolts/footer.tsx {"url":"http://localhost:8000/#contato","user_agent":"Mozilla/5.0 (Windows NT 10.0; Win64; x64; rv:155.0) Gecko/20100101 Firefox/155.0","timestamp":"2026-09-14T01:15:35.791Z"} 
[2026-09-14 01:15:36] local.DEBUG: [vite] hot updated: /resources/css/app.css {"url":"http://localhost:8000/#contato","user_agent":"Mozilla/5.0 (Windows NT 10.0; Win64; x64; rv:155.0) Gecko/20100101 Firefox/155.0","timestamp":"2026-09-14T01:15:35.791Z"} 
[2026-09-14 01:15:36] local.ERROR: Encountered two children with the same key, `%s`. Keys should be unique so that components maintain their identity across updates. Non-unique keys may cause children to be duplicated and/or omitted — the behavior is unsupported and could change in a future version. null {"url":"http://localhost:8000/#contato","user_agent":"Mozilla/5.0 (Windows NT 10.0; Win64; x64; rv:155.0) Gecko/20100101 Firefox/155.0","timestamp":"2026-09-14T01:15:35.808Z"} 
[2026-09-14 01:15:36] local.ERROR: Encountered two children with the same key, `%s`. Keys should be unique so that components maintain their identity across updates. Non-unique keys may cause children to be duplicated and/or omitted — the behavior is unsupported and could change in a future version. null {"url":"http://localhost:8000/#contato","user_agent":"Mozilla/5.0 (Windows NT 10.0; Win64; x64; rv:155.0) Gecko/20100101 Firefox/155.0","timestamp":"2026-09-14T01:15:35.808Z"} 
[2026-09-14 01:15:57] local.DEBUG: [vite] hot updated: /resources/js/components/ecovolts/footer.tsx {"url":"http://localhost:8000/#contato","user_agent":"Mozilla/5.0 (Windows NT 10.0; Win64; x64; rv:155.0) Gecko/20100101 Firefox/155.0","timestamp":"2026-09-14T01:15:53.203Z"} 
[2026-09-14 01:15:57] local.DEBUG: [vite] hot updated: /resources/css/app.css {"url":"http://localhost:8000/#contato","user_agent":"Mozilla/5.0 (Windows NT 10.0; Win64; x64; rv:155.0) Gecko/20100101 Firefox/155.0","timestamp":"2026-09-14T01:15:53.203Z"} 
[2026-09-14 01:15:57] local.DEBUG: [vite] hot updated: /resources/js/components/ecovolts/footer.tsx {"url":"http://localhost:8000/#contato","user_agent":"Mozilla/5.0 (Windows NT 10.0; Win64; x64; rv:155.0) Gecko/20100101 Firefox/155.0","timestamp":"2026-09-14T01:15:54.859Z"} 
[2026-09-14 01:15:57] local.DEBUG: [vite] hot updated: /resources/css/app.css {"url":"http://localhost:8000/#contato","user_agent":"Mozilla/5.0 (Windows NT 10.0; Win64; x64; rv:155.0) Gecko/20100101 Firefox/155.0","timestamp":"2026-09-14T01:15:54.859Z"} 
[2026-09-14 01:15:57] local.ERROR: Encountered two children with the same key, `%s`. Keys should be unique so that components maintain their identity across updates. Non-unique keys may cause children to be duplicated and/or omitted — the behavior is unsupported and could change in a future version. null {"url":"http://localhost:8000/#contato","user_agent":"Mozilla/5.0 (Windows NT 10.0; Win64; x64; rv:155.0) Gecko/20100101 Firefox/155.0","timestamp":"2026-09-14T01:15:56.937Z"} 
[2026-09-14 01:15:57] local.ERROR: Encountered two children with the same key, `%s`. Keys should be unique so that components maintain their identity across updates. Non-unique keys may cause children to be duplicated and/or omitted — the behavior is unsupported and could change in a future version. null {"url":"http://localhost:8000/#contato","user_agent":"Mozilla/5.0 (Windows NT 10.0; Win64; x64; rv:155.0) Gecko/20100101 Firefox/155.0","timestamp":"2026-09-14T01:15:56.937Z"} 
[2026-09-14 01:16:06] local.DEBUG: [vite] hot updated: /resources/css/app.css {"url":"http://localhost:8000/#contato","user_agent":"Mozilla/5.0 (Windows NT 10.0; Win64; x64; rv:155.0) Gecko/20100101 Firefox/155.0","timestamp":"2026-09-14T01:16:06.759Z"} 
[2026-09-14 01:16:31] local.DEBUG: [vite] hot updated: /resources/js/components/ecovolts/footer.tsx {"url":"http://localhost:8000/#contato","user_agent":"Mozilla/5.0 (Windows NT 10.0; Win64; x64; rv:155.0) Gecko/20100101 Firefox/155.0","timestamp":"2026-09-14T01:16:31.698Z"} 
[2026-09-14 01:16:31] local.DEBUG: [vite] hot updated: /resources/css/app.css {"url":"http://localhost:8000/#contato","user_agent":"Mozilla/5.0 (Windows NT 10.0; Win64; x64; rv:155.0) Gecko/20100101 Firefox/155.0","timestamp":"2026-09-14T01:16:31.699Z"} 
[2026-09-14 01:16:31] local.ERROR: Encountered two children with the same key, `%s`. Keys should be unique so that components maintain their identity across updates. Non-unique keys may cause children to be duplicated and/or omitted — the behavior is unsupported and could change in a future version. null {"url":"http://localhost:8000/#contato","user_agent":"Mozilla/5.0 (Windows NT 10.0; Win64; x64; rv:155.0) Gecko/20100101 Firefox/155.0","timestamp":"2026-09-14T01:16:31.718Z"} 
[2026-09-14 01:16:31] local.ERROR: Encountered two children with the same key, `%s`. Keys should be unique so that components maintain their identity across updates. Non-unique keys may cause children to be duplicated and/or omitted — the behavior is unsupported and could change in a future version. null {"url":"http://localhost:8000/#contato","user_agent":"Mozilla/5.0 (Windows NT 10.0; Win64; x64; rv:155.0) Gecko/20100101 Firefox/155.0","timestamp":"2026-09-14T01:16:31.718Z"} 
[2026-09-14 01:16:42] local.DEBUG: [vite] hot updated: /resources/js/components/ecovolts/footer.tsx {"url":"http://localhost:8000/#contato","user_agent":"Mozilla/5.0 (Windows NT 10.0; Win64; x64; rv:155.0) Gecko/20100101 Firefox/155.0","timestamp":"2026-09-14T01:16:41.849Z"} 
[2026-09-14 01:16:42] local.DEBUG: [vite] hot updated: /resources/css/app.css {"url":"http://localhost:8000/#contato","user_agent":"Mozilla/5.0 (Windows NT 10.0; Win64; x64; rv:155.0) Gecko/20100101 Firefox/155.0","timestamp":"2026-09-14T01:16:41.849Z"} 
[2026-09-14 01:16:42] local.ERROR: Encountered two children with the same key, `%s`. Keys should be unique so that components maintain their identity across updates. Non-unique keys may cause children to be duplicated and/or omitted — the behavior is unsupported and could change in a future version. null {"url":"http://localhost:8000/#contato","user_agent":"Mozilla/5.0 (Windows NT 10.0; Win64; x64; rv:155.0) Gecko/20100101 Firefox/155.0","timestamp":"2026-09-14T01:16:41.868Z"} 
[2026-09-14 01:16:42] local.ERROR: Encountered two children with the same key, `%s`. Keys should be unique so that components maintain their identity across updates. Non-unique keys may cause children to be duplicated and/or omitted — the behavior is unsupported and could change in a future version. null {"url":"http://localhost:8000/#contato","user_agent":"Mozilla/5.0 (Windows NT 10.0; Win64; x64; rv:155.0) Gecko/20100101 Firefox/155.0","timestamp":"2026-09-14T01:16:41.868Z"} 
[2026-09-14 01:16:43] local.DEBUG: [vite] hot updated: /resources/js/components/ecovolts/footer.tsx {"url":"http://localhost:8000/#contato","user_agent":"Mozilla/5.0 (Windows NT 10.0; Win64; x64; rv:155.0) Gecko/20100101 Firefox/155.0","timestamp":"2026-09-14T01:16:43.347Z"} 
[2026-09-14 01:16:43] local.DEBUG: [vite] hot updated: /resources/css/app.css {"url":"http://localhost:8000/#contato","user_agent":"Mozilla/5.0 (Windows NT 10.0; Win64; x64; rv:155.0) Gecko/20100101 Firefox/155.0","timestamp":"2026-09-14T01:16:43.347Z"} 
[2026-09-14 01:16:43] local.ERROR: Encountered two children with the same key, `%s`. Keys should be unique so that components maintain their identity across updates. Non-unique keys may cause children to be duplicated and/or omitted — the behavior is unsupported and could change in a future version. null {"url":"http://localhost:8000/#contato","user_agent":"Mozilla/5.0 (Windows NT 10.0; Win64; x64; rv:155.0) Gecko/20100101 Firefox/155.0","timestamp":"2026-09-14T01:16:43.364Z"} 
[2026-09-14 01:16:43] local.ERROR: Encountered two children with the same key, `%s`. Keys should be unique so that components maintain their identity across updates. Non-unique keys may cause children to be duplicated and/or omitted — the behavior is unsupported and could change in a future version. null {"url":"http://localhost:8000/#contato","user_agent":"Mozilla/5.0 (Windows NT 10.0; Win64; x64; rv:155.0) Gecko/20100101 Firefox/155.0","timestamp":"2026-09-14T01:16:43.364Z"} 
[2026-09-14 01:17:02] local.DEBUG: [vite] hot updated: /resources/js/components/ecovolts/footer.tsx {"url":"http://localhost:8000/#contato","user_agent":"Mozilla/5.0 (Windows NT 10.0; Win64; x64; rv:155.0) Gecko/20100101 Firefox/155.0","timestamp":"2026-09-14T01:16:56.986Z"} 
[2026-09-14 01:17:02] local.DEBUG: [vite] hot updated: /resources/css/app.css {"url":"http://localhost:8000/#contato","user_agent":"Mozilla/5.0 (Windows NT 10.0; Win64; x64; rv:155.0) Gecko/20100101 Firefox/155.0","timestamp":"2026-09-14T01:16:56.986Z"} 
[2026-09-14 01:17:02] local.DEBUG: [vite] hot updated: /resources/js/components/ecovolts/footer.tsx {"url":"http://localhost:8000/#contato","user_agent":"Mozilla/5.0 (Windows NT 10.0; Win64; x64; rv:155.0) Gecko/20100101 Firefox/155.0","timestamp":"2026-09-14T01:16:59.697Z"} 
[2026-09-14 01:17:02] local.DEBUG: [vite] hot updated: /resources/css/app.css {"url":"http://localhost:8000/#contato","user_agent":"Mozilla/5.0 (Windows NT 10.0; Win64; x64; rv:155.0) Gecko/20100101 Firefox/155.0","timestamp":"2026-09-14T01:16:59.697Z"} 
[2026-09-14 01:17:02] local.ERROR: Encountered two children with the same key, `%s`. Keys should be unique so that components maintain their identity across updates. Non-unique keys may cause children to be duplicated and/or omitted — the behavior is unsupported and could change in a future version. null {"url":"http://localhost:8000/#contato","user_agent":"Mozilla/5.0 (Windows NT 10.0; Win64; x64; rv:155.0) Gecko/20100101 Firefox/155.0","timestamp":"2026-09-14T01:17:02.531Z"} 
[2026-09-14 01:17:02] local.ERROR: Encountered two children with the same key, `%s`. Keys should be unique so that components maintain their identity across updates. Non-unique keys may cause children to be duplicated and/or omitted — the behavior is unsupported and could change in a future version. null {"url":"http://localhost:8000/#contato","user_agent":"Mozilla/5.0 (Windows NT 10.0; Win64; x64; rv:155.0) Gecko/20100101 Firefox/155.0","timestamp":"2026-09-14T01:17:02.531Z"} 
[2026-09-14 01:17:03] local.DEBUG: [vite] connecting... {"url":"http://localhost:8000/#contato","user_agent":"Mozilla/5.0 (Windows NT 10.0; Win64; x64; rv:155.0) Gecko/20100101 Firefox/155.0","timestamp":"2026-09-14T01:17:03.120Z"} 
[2026-09-14 01:17:03] local.INFO: %cDownload the React DevTools for a better development experience: https://react.dev/link/react-devtools font-weight:bold {"url":"http://localhost:8000/#contato","user_agent":"Mozilla/5.0 (Windows NT 10.0; Win64; x64; rv:155.0) Gecko/20100101 Firefox/155.0","timestamp":"2026-09-14T01:17:03.135Z"} 
[2026-09-14 01:17:03] local.DEBUG: [vite] connected. {"url":"http://localhost:8000/#contato","user_agent":"Mozilla/5.0 (Windows NT 10.0; Win64; x64; rv:155.0) Gecko/20100101 Firefox/155.0","timestamp":"2026-09-14T01:17:03.137Z"} 
[2026-09-14 01:17:03] local.ERROR: Each child in a list should have a unique "key" prop.%s%s See https://react.dev/link/warning-keys for more information. Check the render method of `Welcome`. null {"url":"http://localhost:8000/#contato","user_agent":"Mozilla/5.0 (Windows NT 10.0; Win64; x64; rv:155.0) Gecko/20100101 Firefox/155.0","timestamp":"2026-09-14T01:17:03.223Z"} 
[2026-09-14 01:17:03] local.ERROR: Each child in a list should have a unique "key" prop.%s%s See https://react.dev/link/warning-keys for more information. Check the render method of `Footer`. null {"url":"http://localhost:8000/#contato","user_agent":"Mozilla/5.0 (Windows NT 10.0; Win64; x64; rv:155.0) Gecko/20100101 Firefox/155.0","timestamp":"2026-09-14T01:17:03.228Z"} 
[2026-09-14 01:17:03] local.ERROR: Encountered two children with the same key, `%s`. Keys should be unique so that components maintain their identity across updates. Non-unique keys may cause children to be duplicated and/or omitted — the behavior is unsupported and could change in a future version. null {"url":"http://localhost:8000/#contato","user_agent":"Mozilla/5.0 (Windows NT 10.0; Win64; x64; rv:155.0) Gecko/20100101 Firefox/155.0","timestamp":"2026-09-14T01:17:03.228Z"} 
[2026-09-14 01:17:03] local.ERROR: Encountered two children with the same key, `%s`. Keys should be unique so that components maintain their identity across updates. Non-unique keys may cause children to be duplicated and/or omitted — the behavior is unsupported and could change in a future version. null {"url":"http://localhost:8000/#contato","user_agent":"Mozilla/5.0 (Windows NT 10.0; Win64; x64; rv:155.0) Gecko/20100101 Firefox/155.0","timestamp":"2026-09-14T01:17:03.228Z"} 
[2026-09-14 01:17:03] local.ERROR: Encountered two children with the same key, `%s`. Keys should be unique so that components maintain their identity across updates. Non-unique keys may cause children to be duplicated and/or omitted — the behavior is unsupported and could change in a future version. null {"url":"http://localhost:8000/#contato","user_agent":"Mozilla/5.0 (Windows NT 10.0; Win64; x64; rv:155.0) Gecko/20100101 Firefox/155.0","timestamp":"2026-09-14T01:17:03.242Z"} 
[2026-09-14 01:17:03] local.ERROR: Encountered two children with the same key, `%s`. Keys should be unique so that components maintain their identity across updates. Non-unique keys may cause children to be duplicated and/or omitted — the behavior is unsupported and could change in a future version. null {"url":"http://localhost:8000/#contato","user_agent":"Mozilla/5.0 (Windows NT 10.0; Win64; x64; rv:155.0) Gecko/20100101 Firefox/155.0","timestamp":"2026-09-14T01:17:03.242Z"} 
[2026-09-14 01:17:10] local.DEBUG: [vite] hot updated: /resources/js/components/ecovolts/footer.tsx {"url":"http://localhost:8000/#contato","user_agent":"Mozilla/5.0 (Windows NT 10.0; Win64; x64; rv:155.0) Gecko/20100101 Firefox/155.0","timestamp":"2026-09-14T01:17:10.369Z"} 
[2026-09-14 01:17:10] local.DEBUG: [vite] hot updated: /resources/css/app.css {"url":"http://localhost:8000/#contato","user_agent":"Mozilla/5.0 (Windows NT 10.0; Win64; x64; rv:155.0) Gecko/20100101 Firefox/155.0","timestamp":"2026-09-14T01:17:10.369Z"} 
[2026-09-14 01:17:10] local.ERROR: Encountered two children with the same key, `%s`. Keys should be unique so that components maintain their identity across updates. Non-unique keys may cause children to be duplicated and/or omitted — the behavior is unsupported and could change in a future version. null {"url":"http://localhost:8000/#contato","user_agent":"Mozilla/5.0 (Windows NT 10.0; Win64; x64; rv:155.0) Gecko/20100101 Firefox/155.0","timestamp":"2026-09-14T01:17:10.388Z"} 
[2026-09-14 01:17:10] local.ERROR: Encountered two children with the same key, `%s`. Keys should be unique so that components maintain their identity across updates. Non-unique keys may cause children to be duplicated and/or omitted — the behavior is unsupported and could change in a future version. null {"url":"http://localhost:8000/#contato","user_agent":"Mozilla/5.0 (Windows NT 10.0; Win64; x64; rv:155.0) Gecko/20100101 Firefox/155.0","timestamp":"2026-09-14T01:17:10.388Z"} 
[2026-09-14 01:17:18] local.DEBUG: [vite] connecting... {"url":"http://localhost:8000/","user_agent":"Mozilla/5.0 (Windows NT 10.0; Win64; x64; rv:155.0) Gecko/20100101 Firefox/155.0","timestamp":"2026-09-14T01:17:17.397Z"} 
[2026-09-14 01:17:18] local.INFO: %cDownload the React DevTools for a better development experience: https://react.dev/link/react-devtools font-weight:bold {"url":"http://localhost:8000/","user_agent":"Mozilla/5.0 (Windows NT 10.0; Win64; x64; rv:155.0) Gecko/20100101 Firefox/155.0","timestamp":"2026-09-14T01:17:17.423Z"} 
[2026-09-14 01:17:18] local.DEBUG: [vite] connected. {"url":"http://localhost:8000/","user_agent":"Mozilla/5.0 (Windows NT 10.0; Win64; x64; rv:155.0) Gecko/20100101 Firefox/155.0","timestamp":"2026-09-14T01:17:17.430Z"} 
[2026-09-14 01:17:18] local.ERROR: Each child in a list should have a unique "key" prop.%s%s See https://react.dev/link/warning-keys for more information. Check the render method of `Welcome`. null {"url":"http://localhost:8000/","user_agent":"Mozilla/5.0 (Windows NT 10.0; Win64; x64; rv:155.0) Gecko/20100101 Firefox/155.0","timestamp":"2026-09-14T01:17:17.557Z"} 
[2026-09-14 01:17:18] local.ERROR: Each child in a list should have a unique "key" prop.%s%s See https://react.dev/link/warning-keys for more information. Check the render method of `Footer`. null {"url":"http://localhost:8000/","user_agent":"Mozilla/5.0 (Windows NT 10.0; Win64; x64; rv:155.0) Gecko/20100101 Firefox/155.0","timestamp":"2026-09-14T01:17:17.566Z"} 
[2026-09-14 01:17:18] local.ERROR: Encountered two children with the same key, `%s`. Keys should be unique so that components maintain their identity across updates. Non-unique keys may cause children to be duplicated and/or omitted — the behavior is unsupported and could change in a future version. null {"url":"http://localhost:8000/","user_agent":"Mozilla/5.0 (Windows NT 10.0; Win64; x64; rv:155.0) Gecko/20100101 Firefox/155.0","timestamp":"2026-09-14T01:17:17.567Z"} 
[2026-09-14 01:17:18] local.ERROR: Encountered two children with the same key, `%s`. Keys should be unique so that components maintain their identity across updates. Non-unique keys may cause children to be duplicated and/or omitted — the behavior is unsupported and could change in a future version. null {"url":"http://localhost:8000/","user_agent":"Mozilla/5.0 (Windows NT 10.0; Win64; x64; rv:155.0) Gecko/20100101 Firefox/155.0","timestamp":"2026-09-14T01:17:17.567Z"} 
[2026-09-14 01:17:18] local.ERROR: Encountered two children with the same key, `%s`. Keys should be unique so that components maintain their identity across updates. Non-unique keys may cause children to be duplicated and/or omitted — the behavior is unsupported and could change in a future version. null {"url":"http://localhost:8000/","user_agent":"Mozilla/5.0 (Windows NT 10.0; Win64; x64; rv:155.0) Gecko/20100101 Firefox/155.0","timestamp":"2026-09-14T01:17:17.584Z"} 
[2026-09-14 01:17:18] local.ERROR: Encountered two children with the same key, `%s`. Keys should be unique so that components maintain their identity across updates. Non-unique keys may cause children to be duplicated and/or omitted — the behavior is unsupported and could change in a future version. null {"url":"http://localhost:8000/","user_agent":"Mozilla/5.0 (Windows NT 10.0; Win64; x64; rv:155.0) Gecko/20100101 Firefox/155.0","timestamp":"2026-09-14T01:17:17.584Z"} 
[2026-09-14 01:18:04] local.DEBUG: [vite] hot updated: /resources/js/components/ecovolts/footer.tsx {"url":"http://localhost:8000/#contato","user_agent":"Mozilla/5.0 (Windows NT 10.0; Win64; x64; rv:155.0) Gecko/20100101 Firefox/155.0","timestamp":"2026-09-14T01:18:04.276Z"} 
[2026-09-14 01:18:04] local.DEBUG: [vite] hot updated: /resources/css/app.css {"url":"http://localhost:8000/#contato","user_agent":"Mozilla/5.0 (Windows NT 10.0; Win64; x64; rv:155.0) Gecko/20100101 Firefox/155.0","timestamp":"2026-09-14T01:18:04.276Z"} 
[2026-09-14 01:18:04] local.ERROR: Encountered two children with the same key, `%s`. Keys should be unique so that components maintain their identity across updates. Non-unique keys may cause children to be duplicated and/or omitted — the behavior is unsupported and could change in a future version. null {"url":"http://localhost:8000/#contato","user_agent":"Mozilla/5.0 (Windows NT 10.0; Win64; x64; rv:155.0) Gecko/20100101 Firefox/155.0","timestamp":"2026-09-14T01:18:04.296Z"} 
[2026-09-14 01:18:04] local.ERROR: Encountered two children with the same key, `%s`. Keys should be unique so that components maintain their identity across updates. Non-unique keys may cause children to be duplicated and/or omitted — the behavior is unsupported and could change in a future version. null {"url":"http://localhost:8000/#contato","user_agent":"Mozilla/5.0 (Windows NT 10.0; Win64; x64; rv:155.0) Gecko/20100101 Firefox/155.0","timestamp":"2026-09-14T01:18:04.296Z"} 
[2026-09-14 01:18:10] local.DEBUG: [vite] hot updated: /resources/js/components/ecovolts/footer.tsx {"url":"http://localhost:8000/#contato","user_agent":"Mozilla/5.0 (Windows NT 10.0; Win64; x64; rv:155.0) Gecko/20100101 Firefox/155.0","timestamp":"2026-09-14T01:18:10.075Z"} 
[2026-09-14 01:18:10] local.DEBUG: [vite] hot updated: /resources/css/app.css {"url":"http://localhost:8000/#contato","user_agent":"Mozilla/5.0 (Windows NT 10.0; Win64; x64; rv:155.0) Gecko/20100101 Firefox/155.0","timestamp":"2026-09-14T01:18:10.075Z"} 
[2026-09-14 01:18:10] local.ERROR: Encountered two children with the same key, `%s`. Keys should be unique so that components maintain their identity across updates. Non-unique keys may cause children to be duplicated and/or omitted — the behavior is unsupported and could change in a future version. null {"url":"http://localhost:8000/#contato","user_agent":"Mozilla/5.0 (Windows NT 10.0; Win64; x64; rv:155.0) Gecko/20100101 Firefox/155.0","timestamp":"2026-09-14T01:18:10.092Z"} 
[2026-09-14 01:18:10] local.ERROR: Encountered two children with the same key, `%s`. Keys should be unique so that components maintain their identity across updates. Non-unique keys may cause children to be duplicated and/or omitted — the behavior is unsupported and could change in a future version. null {"url":"http://localhost:8000/#contato","user_agent":"Mozilla/5.0 (Windows NT 10.0; Win64; x64; rv:155.0) Gecko/20100101 Firefox/155.0","timestamp":"2026-09-14T01:18:10.092Z"} 
[2026-09-14 01:18:20] local.DEBUG: [vite] hot updated: /resources/js/components/ecovolts/footer.tsx {"url":"http://localhost:8000/#contato","user_agent":"Mozilla/5.0 (Windows NT 10.0; Win64; x64; rv:155.0) Gecko/20100101 Firefox/155.0","timestamp":"2026-09-14T01:18:19.658Z"} 
[2026-09-14 01:18:20] local.DEBUG: [vite] hot updated: /resources/css/app.css {"url":"http://localhost:8000/#contato","user_agent":"Mozilla/5.0 (Windows NT 10.0; Win64; x64; rv:155.0) Gecko/20100101 Firefox/155.0","timestamp":"2026-09-14T01:18:19.658Z"} 
[2026-09-14 01:18:20] local.ERROR: Encountered two children with the same key, `%s`. Keys should be unique so that components maintain their identity across updates. Non-unique keys may cause children to be duplicated and/or omitted — the behavior is unsupported and could change in a future version. null {"url":"http://localhost:8000/#contato","user_agent":"Mozilla/5.0 (Windows NT 10.0; Win64; x64; rv:155.0) Gecko/20100101 Firefox/155.0","timestamp":"2026-09-14T01:18:20.521Z"} 
[2026-09-14 01:18:20] local.ERROR: Encountered two children with the same key, `%s`. Keys should be unique so that components maintain their identity across updates. Non-unique keys may cause children to be duplicated and/or omitted — the behavior is unsupported and could change in a future version. null {"url":"http://localhost:8000/#contato","user_agent":"Mozilla/5.0 (Windows NT 10.0; Win64; x64; rv:155.0) Gecko/20100101 Firefox/155.0","timestamp":"2026-09-14T01:18:20.521Z"} 
[2026-09-14 01:18:53] local.DEBUG: [vite] hot updated: /resources/js/components/ecovolts/footer.tsx {"url":"http://localhost:8000/#contato","user_agent":"Mozilla/5.0 (Windows NT 10.0; Win64; x64; rv:155.0) Gecko/20100101 Firefox/155.0","timestamp":"2026-09-14T01:18:52.748Z"} 
[2026-09-14 01:18:53] local.DEBUG: [vite] hot updated: /resources/css/app.css {"url":"http://localhost:8000/#contato","user_agent":"Mozilla/5.0 (Windows NT 10.0; Win64; x64; rv:155.0) Gecko/20100101 Firefox/155.0","timestamp":"2026-09-14T01:18:52.748Z"} 
[2026-09-14 01:18:53] local.ERROR: Encountered two children with the same key, `%s`. Keys should be unique so that components maintain their identity across updates. Non-unique keys may cause children to be duplicated and/or omitted — the behavior is unsupported and could change in a future version. null {"url":"http://localhost:8000/#contato","user_agent":"Mozilla/5.0 (Windows NT 10.0; Win64; x64; rv:155.0) Gecko/20100101 Firefox/155.0","timestamp":"2026-09-14T01:18:53.191Z"} 
[2026-09-14 01:18:53] local.ERROR: Encountered two children with the same key, `%s`. Keys should be unique so that components maintain their identity across updates. Non-unique keys may cause children to be duplicated and/or omitted — the behavior is unsupported and could change in a future version. null {"url":"http://localhost:8000/#contato","user_agent":"Mozilla/5.0 (Windows NT 10.0; Win64; x64; rv:155.0) Gecko/20100101 Firefox/155.0","timestamp":"2026-09-14T01:18:53.191Z"} 
[2026-09-14 01:19:13] local.DEBUG: [vite] hot updated: /resources/js/components/ecovolts/footer.tsx {"url":"http://localhost:8000/#contato","user_agent":"Mozilla/5.0 (Windows NT 10.0; Win64; x64; rv:155.0) Gecko/20100101 Firefox/155.0","timestamp":"2026-09-14T01:19:12.856Z"} 
[2026-09-14 01:19:13] local.DEBUG: [vite] hot updated: /resources/css/app.css {"url":"http://localhost:8000/#contato","user_agent":"Mozilla/5.0 (Windows NT 10.0; Win64; x64; rv:155.0) Gecko/20100101 Firefox/155.0","timestamp":"2026-09-14T01:19:12.856Z"} 
[2026-09-14 01:19:13] local.ERROR: Encountered two children with the same key, `%s`. Keys should be unique so that components maintain their identity across updates. Non-unique keys may cause children to be duplicated and/or omitted — the behavior is unsupported and could change in a future version. null {"url":"http://localhost:8000/#contato","user_agent":"Mozilla/5.0 (Windows NT 10.0; Win64; x64; rv:155.0) Gecko/20100101 Firefox/155.0","timestamp":"2026-09-14T01:19:12.874Z"} 
[2026-09-14 01:19:13] local.ERROR: Encountered two children with the same key, `%s`. Keys should be unique so that components maintain their identity across updates. Non-unique keys may cause children to be duplicated and/or omitted — the behavior is unsupported and could change in a future version. null {"url":"http://localhost:8000/#contato","user_agent":"Mozilla/5.0 (Windows NT 10.0; Win64; x64; rv:155.0) Gecko/20100101 Firefox/155.0","timestamp":"2026-09-14T01:19:12.874Z"} 
[2026-09-14 01:19:21] local.DEBUG: [vite] hot updated: /resources/js/components/ecovolts/footer.tsx {"url":"http://localhost:8000/#contato","user_agent":"Mozilla/5.0 (Windows NT 10.0; Win64; x64; rv:155.0) Gecko/20100101 Firefox/155.0","timestamp":"2026-09-14T01:19:20.763Z"} 
[2026-09-14 01:19:21] local.DEBUG: [vite] hot updated: /resources/css/app.css {"url":"http://localhost:8000/#contato","user_agent":"Mozilla/5.0 (Windows NT 10.0; Win64; x64; rv:155.0) Gecko/20100101 Firefox/155.0","timestamp":"2026-09-14T01:19:20.763Z"} 
[2026-09-14 01:19:21] local.ERROR: Encountered two children with the same key, `%s`. Keys should be unique so that components maintain their identity across updates. Non-unique keys may cause children to be duplicated and/or omitted — the behavior is unsupported and could change in a future version. null {"url":"http://localhost:8000/#contato","user_agent":"Mozilla/5.0 (Windows NT 10.0; Win64; x64; rv:155.0) Gecko/20100101 Firefox/155.0","timestamp":"2026-09-14T01:19:20.780Z"} 
[2026-09-14 01:19:21] local.ERROR: Encountered two children with the same key, `%s`. Keys should be unique so that components maintain their identity across updates. Non-unique keys may cause children to be duplicated and/or omitted — the behavior is unsupported and could change in a future version. null {"url":"http://localhost:8000/#contato","user_agent":"Mozilla/5.0 (Windows NT 10.0; Win64; x64; rv:155.0) Gecko/20100101 Firefox/155.0","timestamp":"2026-09-14T01:19:20.780Z"} 
[2026-09-14 01:19:32] local.DEBUG: [vite] hot updated: /resources/js/components/ecovolts/footer.tsx {"url":"http://localhost:8000/#contato","user_agent":"Mozilla/5.0 (Windows NT 10.0; Win64; x64; rv:155.0) Gecko/20100101 Firefox/155.0","timestamp":"2026-09-14T01:19:32.573Z"} 
[2026-09-14 01:19:32] local.DEBUG: [vite] hot updated: /resources/css/app.css {"url":"http://localhost:8000/#contato","user_agent":"Mozilla/5.0 (Windows NT 10.0; Win64; x64; rv:155.0) Gecko/20100101 Firefox/155.0","timestamp":"2026-09-14T01:19:32.573Z"} 
[2026-09-14 01:19:32] local.ERROR: Encountered two children with the same key, `%s`. Keys should be unique so that components maintain their identity across updates. Non-unique keys may cause children to be duplicated and/or omitted — the behavior is unsupported and could change in a future version. null {"url":"http://localhost:8000/#contato","user_agent":"Mozilla/5.0 (Windows NT 10.0; Win64; x64; rv:155.0) Gecko/20100101 Firefox/155.0","timestamp":"2026-09-14T01:19:32.590Z"} 
[2026-09-14 01:19:32] local.ERROR: Encountered two children with the same key, `%s`. Keys should be unique so that components maintain their identity across updates. Non-unique keys may cause children to be duplicated and/or omitted — the behavior is unsupported and could change in a future version. null {"url":"http://localhost:8000/#contato","user_agent":"Mozilla/5.0 (Windows NT 10.0; Win64; x64; rv:155.0) Gecko/20100101 Firefox/155.0","timestamp":"2026-09-14T01:19:32.590Z"} 
[2026-09-14 01:19:42] local.DEBUG: [vite] hot updated: /resources/js/components/ecovolts/footer.tsx {"url":"http://localhost:8000/#contato","user_agent":"Mozilla/5.0 (Windows NT 10.0; Win64; x64; rv:155.0) Gecko/20100101 Firefox/155.0","timestamp":"2026-09-14T01:19:41.804Z"} 
[2026-09-14 01:19:42] local.DEBUG: [vite] hot updated: /resources/css/app.css {"url":"http://localhost:8000/#contato","user_agent":"Mozilla/5.0 (Windows NT 10.0; Win64; x64; rv:155.0) Gecko/20100101 Firefox/155.0","timestamp":"2026-09-14T01:19:41.804Z"} 
[2026-09-14 01:19:42] local.ERROR: Encountered two children with the same key, `%s`. Keys should be unique so that components maintain their identity across updates. Non-unique keys may cause children to be duplicated and/or omitted — the behavior is unsupported and could change in a future version. null {"url":"http://localhost:8000/#contato","user_agent":"Mozilla/5.0 (Windows NT 10.0; Win64; x64; rv:155.0) Gecko/20100101 Firefox/155.0","timestamp":"2026-09-14T01:19:41.820Z"} 
[2026-09-14 01:19:42] local.ERROR: Encountered two children with the same key, `%s`. Keys should be unique so that components maintain their identity across updates. Non-unique keys may cause children to be duplicated and/or omitted — the behavior is unsupported and could change in a future version. null {"url":"http://localhost:8000/#contato","user_agent":"Mozilla/5.0 (Windows NT 10.0; Win64; x64; rv:155.0) Gecko/20100101 Firefox/155.0","timestamp":"2026-09-14T01:19:41.820Z"} 
[2026-09-14 01:19:50] local.DEBUG: [vite] hot updated: /resources/js/components/ecovolts/footer.tsx {"url":"http://localhost:8000/#contato","user_agent":"Mozilla/5.0 (Windows NT 10.0; Win64; x64; rv:155.0) Gecko/20100101 Firefox/155.0","timestamp":"2026-09-14T01:19:50.200Z"} 
[2026-09-14 01:19:50] local.DEBUG: [vite] hot updated: /resources/css/app.css {"url":"http://localhost:8000/#contato","user_agent":"Mozilla/5.0 (Windows NT 10.0; Win64; x64; rv:155.0) Gecko/20100101 Firefox/155.0","timestamp":"2026-09-14T01:19:50.200Z"} 
[2026-09-14 01:19:50] local.ERROR: Encountered two children with the same key, `%s`. Keys should be unique so that components maintain their identity across updates. Non-unique keys may cause children to be duplicated and/or omitted — the behavior is unsupported and could change in a future version. null {"url":"http://localhost:8000/#contato","user_agent":"Mozilla/5.0 (Windows NT 10.0; Win64; x64; rv:155.0) Gecko/20100101 Firefox/155.0","timestamp":"2026-09-14T01:19:50.216Z"} 
[2026-09-14 01:19:50] local.ERROR: Encountered two children with the same key, `%s`. Keys should be unique so that components maintain their identity across updates. Non-unique keys may cause children to be duplicated and/or omitted — the behavior is unsupported and could change in a future version. null {"url":"http://localhost:8000/#contato","user_agent":"Mozilla/5.0 (Windows NT 10.0; Win64; x64; rv:155.0) Gecko/20100101 Firefox/155.0","timestamp":"2026-09-14T01:19:50.217Z"} 
[2026-09-14 01:19:55] local.DEBUG: [vite] hot updated: /resources/js/components/ecovolts/footer.tsx {"url":"http://localhost:8000/#contato","user_agent":"Mozilla/5.0 (Windows NT 10.0; Win64; x64; rv:155.0) Gecko/20100101 Firefox/155.0","timestamp":"2026-09-14T01:19:55.515Z"} 
[2026-09-14 01:19:55] local.DEBUG: [vite] hot updated: /resources/css/app.css {"url":"http://localhost:8000/#contato","user_agent":"Mozilla/5.0 (Windows NT 10.0; Win64; x64; rv:155.0) Gecko/20100101 Firefox/155.0","timestamp":"2026-09-14T01:19:55.515Z"} 
[2026-09-14 01:19:55] local.ERROR: Encountered two children with the same key, `%s`. Keys should be unique so that components maintain their identity across updates. Non-unique keys may cause children to be duplicated and/or omitted — the behavior is unsupported and could change in a future version. null {"url":"http://localhost:8000/#contato","user_agent":"Mozilla/5.0 (Windows NT 10.0; Win64; x64; rv:155.0) Gecko/20100101 Firefox/155.0","timestamp":"2026-09-14T01:19:55.532Z"} 
[2026-09-14 01:19:55] local.ERROR: Encountered two children with the same key, `%s`. Keys should be unique so that components maintain their identity across updates. Non-unique keys may cause children to be duplicated and/or omitted — the behavior is unsupported and could change in a future version. null {"url":"http://localhost:8000/#contato","user_agent":"Mozilla/5.0 (Windows NT 10.0; Win64; x64; rv:155.0) Gecko/20100101 Firefox/155.0","timestamp":"2026-09-14T01:19:55.532Z"} 
[2026-09-14 01:20:06] local.DEBUG: [vite] hot updated: /resources/js/components/ecovolts/footer.tsx {"url":"http://localhost:8000/#contato","user_agent":"Mozilla/5.0 (Windows NT 10.0; Win64; x64; rv:155.0) Gecko/20100101 Firefox/155.0","timestamp":"2026-09-14T01:20:05.541Z"} 
[2026-09-14 01:20:06] local.DEBUG: [vite] hot updated: /resources/css/app.css {"url":"http://localhost:8000/#contato","user_agent":"Mozilla/5.0 (Windows NT 10.0; Win64; x64; rv:155.0) Gecko/20100101 Firefox/155.0","timestamp":"2026-09-14T01:20:05.541Z"} 
[2026-09-14 01:20:06] local.ERROR: Encountered two children with the same key, `%s`. Keys should be unique so that components maintain their identity across updates. Non-unique keys may cause children to be duplicated and/or omitted — the behavior is unsupported and could change in a future version. null {"url":"http://localhost:8000/#contato","user_agent":"Mozilla/5.0 (Windows NT 10.0; Win64; x64; rv:155.0) Gecko/20100101 Firefox/155.0","timestamp":"2026-09-14T01:20:06.133Z"} 
[2026-09-14 01:20:06] local.ERROR: Encountered two children with the same key, `%s`. Keys should be unique so that components maintain their identity across updates. Non-unique keys may cause children to be duplicated and/or omitted — the behavior is unsupported and could change in a future version. null {"url":"http://localhost:8000/#contato","user_agent":"Mozilla/5.0 (Windows NT 10.0; Win64; x64; rv:155.0) Gecko/20100101 Firefox/155.0","timestamp":"2026-09-14T01:20:06.133Z"} 
[2026-09-14 01:20:44] local.DEBUG: [vite] hot updated: /resources/js/components/ecovolts/footer.tsx {"url":"http://localhost:8000/#contato","user_agent":"Mozilla/5.0 (Windows NT 10.0; Win64; x64; rv:155.0) Gecko/20100101 Firefox/155.0","timestamp":"2026-09-14T01:20:43.367Z"} 
[2026-09-14 01:20:44] local.DEBUG: [vite] hot updated: /resources/css/app.css {"url":"http://localhost:8000/#contato","user_agent":"Mozilla/5.0 (Windows NT 10.0; Win64; x64; rv:155.0) Gecko/20100101 Firefox/155.0","timestamp":"2026-09-14T01:20:43.367Z"} 
[2026-09-14 01:20:44] local.ERROR: Encountered two children with the same key, `%s`. Keys should be unique so that components maintain their identity across updates. Non-unique keys may cause children to be duplicated and/or omitted — the behavior is unsupported and could change in a future version. null {"url":"http://localhost:8000/#contato","user_agent":"Mozilla/5.0 (Windows NT 10.0; Win64; x64; rv:155.0) Gecko/20100101 Firefox/155.0","timestamp":"2026-09-14T01:20:43.735Z"} 
[2026-09-14 01:20:44] local.ERROR: Encountered two children with the same key, `%s`. Keys should be unique so that components maintain their identity across updates. Non-unique keys may cause children to be duplicated and/or omitted — the behavior is unsupported and could change in a future version. null {"url":"http://localhost:8000/#contato","user_agent":"Mozilla/5.0 (Windows NT 10.0; Win64; x64; rv:155.0) Gecko/20100101 Firefox/155.0","timestamp":"2026-09-14T01:20:43.735Z"} 
[2026-09-14 01:21:15] local.ERROR: Unhandled Promise Rejection TypeError can't access property "page", window.history.state is null saveDocumentScrollPosition/</<@http://[::1]:5173/node_modules/.vite/deps/@inertiajs_react.js?v=9e5c15c8:6031:29 {"url":"http://localhost:8000/#contato","user_agent":"Mozilla/5.0 (Windows NT 10.0; Win64; x64; rv:155.0) Gecko/20100101 Firefox/155.0","timestamp":"2026-09-14T01:21:15.190Z"} 
[2026-09-14 01:21:33] local.DEBUG: [vite] hot updated: /resources/js/components/ecovolts/footer.tsx {"url":"http://localhost:8000/#contato","user_agent":"Mozilla/5.0 (Windows NT 10.0; Win64; x64; rv:155.0) Gecko/20100101 Firefox/155.0","timestamp":"2026-09-14T01:21:33.666Z"} 
[2026-09-14 01:21:33] local.DEBUG: [vite] hot updated: /resources/css/app.css {"url":"http://localhost:8000/#contato","user_agent":"Mozilla/5.0 (Windows NT 10.0; Win64; x64; rv:155.0) Gecko/20100101 Firefox/155.0","timestamp":"2026-09-14T01:21:33.666Z"} 
[2026-09-14 01:21:33] local.ERROR: Encountered two children with the same key, `%s`. Keys should be unique so that components maintain their identity across updates. Non-unique keys may cause children to be duplicated and/or omitted — the behavior is unsupported and could change in a future version. null {"url":"http://localhost:8000/#contato","user_agent":"Mozilla/5.0 (Windows NT 10.0; Win64; x64; rv:155.0) Gecko/20100101 Firefox/155.0","timestamp":"2026-09-14T01:21:33.682Z"} 
[2026-09-14 01:21:33] local.ERROR: Encountered two children with the same key, `%s`. Keys should be unique so that components maintain their identity across updates. Non-unique keys may cause children to be duplicated and/or omitted — the behavior is unsupported and could change in a future version. null {"url":"http://localhost:8000/#contato","user_agent":"Mozilla/5.0 (Windows NT 10.0; Win64; x64; rv:155.0) Gecko/20100101 Firefox/155.0","timestamp":"2026-09-14T01:21:33.682Z"} 
[2026-09-14 01:21:50] local.DEBUG: [vite] hot updated: /resources/js/components/ecovolts/footer.tsx {"url":"http://localhost:8000/#contato","user_agent":"Mozilla/5.0 (Windows NT 10.0; Win64; x64; rv:155.0) Gecko/20100101 Firefox/155.0","timestamp":"2026-09-14T01:21:48.742Z"} 
[2026-09-14 01:21:50] local.DEBUG: [vite] hot updated: /resources/css/app.css {"url":"http://localhost:8000/#contato","user_agent":"Mozilla/5.0 (Windows NT 10.0; Win64; x64; rv:155.0) Gecko/20100101 Firefox/155.0","timestamp":"2026-09-14T01:21:48.742Z"} 
[2026-09-14 01:21:50] local.ERROR: Encountered two children with the same key, `%s`. Keys should be unique so that components maintain their identity across updates. Non-unique keys may cause children to be duplicated and/or omitted — the behavior is unsupported and could change in a future version. null {"url":"http://localhost:8000/#contato","user_agent":"Mozilla/5.0 (Windows NT 10.0; Win64; x64; rv:155.0) Gecko/20100101 Firefox/155.0","timestamp":"2026-09-14T01:21:49.893Z"} 
[2026-09-14 01:21:50] local.ERROR: Encountered two children with the same key, `%s`. Keys should be unique so that components maintain their identity across updates. Non-unique keys may cause children to be duplicated and/or omitted — the behavior is unsupported and could change in a future version. null {"url":"http://localhost:8000/#contato","user_agent":"Mozilla/5.0 (Windows NT 10.0; Win64; x64; rv:155.0) Gecko/20100101 Firefox/155.0","timestamp":"2026-09-14T01:21:49.893Z"} 
[2026-09-14 01:21:51] local.ERROR: Unhandled Promise Rejection TypeError can't access property "page", window.history.state is null saveDocumentScrollPosition/</<@http://[::1]:5173/node_modules/.vite/deps/@inertiajs_react.js?v=9e5c15c8:6031:29 {"url":"http://localhost:8000/#contato","user_agent":"Mozilla/5.0 (Windows NT 10.0; Win64; x64; rv:155.0) Gecko/20100101 Firefox/155.0","timestamp":"2026-09-14T01:21:51.444Z"} 
[2026-09-14 01:22:01] local.DEBUG: [vite] hot updated: /resources/js/components/ecovolts/footer.tsx {"url":"http://localhost:8000/#contato","user_agent":"Mozilla/5.0 (Windows NT 10.0; Win64; x64; rv:155.0) Gecko/20100101 Firefox/155.0","timestamp":"2026-09-14T01:22:01.109Z"} 
[2026-09-14 01:22:01] local.DEBUG: [vite] hot updated: /resources/css/app.css {"url":"http://localhost:8000/#contato","user_agent":"Mozilla/5.0 (Windows NT 10.0; Win64; x64; rv:155.0) Gecko/20100101 Firefox/155.0","timestamp":"2026-09-14T01:22:01.109Z"} 
[2026-09-14 01:22:01] local.ERROR: Encountered two children with the same key, `%s`. Keys should be unique so that components maintain their identity across updates. Non-unique keys may cause children to be duplicated and/or omitted — the behavior is unsupported and could change in a future version. null {"url":"http://localhost:8000/#contato","user_agent":"Mozilla/5.0 (Windows NT 10.0; Win64; x64; rv:155.0) Gecko/20100101 Firefox/155.0","timestamp":"2026-09-14T01:22:01.126Z"} 
[2026-09-14 01:22:01] local.ERROR: Encountered two children with the same key, `%s`. Keys should be unique so that components maintain their identity across updates. Non-unique keys may cause children to be duplicated and/or omitted — the behavior is unsupported and could change in a future version. null {"url":"http://localhost:8000/#contato","user_agent":"Mozilla/5.0 (Windows NT 10.0; Win64; x64; rv:155.0) Gecko/20100101 Firefox/155.0","timestamp":"2026-09-14T01:22:01.126Z"} 
[2026-09-14 01:22:02] local.ERROR: Unhandled Promise Rejection TypeError can't access property "page", window.history.state is null saveDocumentScrollPosition/</<@http://[::1]:5173/node_modules/.vite/deps/@inertiajs_react.js?v=9e5c15c8:6031:29 {"url":"http://localhost:8000/#contato","user_agent":"Mozilla/5.0 (Windows NT 10.0; Win64; x64; rv:155.0) Gecko/20100101 Firefox/155.0","timestamp":"2026-09-14T01:22:02.240Z"} 
[2026-09-14 01:22:03] local.ERROR: Unhandled Promise Rejection TypeError can't access property "page", window.history.state is null saveDocumentScrollPosition/</<@http://[::1]:5173/node_modules/.vite/deps/@inertiajs_react.js?v=9e5c15c8:6031:29 {"url":"http://localhost:8000/#contato","user_agent":"Mozilla/5.0 (Windows NT 10.0; Win64; x64; rv:155.0) Gecko/20100101 Firefox/155.0","timestamp":"2026-09-14T01:22:03.480Z"} 
[2026-09-14 01:22:20] local.DEBUG: [vite] hot updated: /resources/js/components/ecovolts/footer.tsx {"url":"http://localhost:8000/#contato","user_agent":"Mozilla/5.0 (Windows NT 10.0; Win64; x64; rv:155.0) Gecko/20100101 Firefox/155.0","timestamp":"2026-09-14T01:22:20.558Z"} 
[2026-09-14 01:22:20] local.DEBUG: [vite] hot updated: /resources/css/app.css {"url":"http://localhost:8000/#contato","user_agent":"Mozilla/5.0 (Windows NT 10.0; Win64; x64; rv:155.0) Gecko/20100101 Firefox/155.0","timestamp":"2026-09-14T01:22:20.558Z"} 
[2026-09-14 01:22:20] local.ERROR: Error: Ziggy error: route 'privacidade' is not in the route list. http://localhost:8000/#contato 12 16401 Error Ziggy error: route 'privacidade' is not in the route list. r@http://localhost:8000/#contato:12:16401
@http://localhost:8000/#contato:12:23029
Footer@http://[::1]:5173/resources/js/components/ecovolts/footer.tsx?t=1789348940475:262:44
react-stack-bottom-frame@http://[::1]:5173/node_modules/.vite/deps/react-dom_client.js?v=9e5c15c8:16192:20
renderWithHooks@http://[::1]:5173/node_modules/.vite/deps/react-dom_client.js?v=9e5c15c8:4306:42
updateFunctionComponent@http://[::1]:5173/node_modules/.vite/deps/react-dom_client.js?v=9e5c15c8:5972:21
beginWork@http://[::1]:5173/node_modules/.vite/deps/react-dom_client.js?v=9e5c15c8:7048:20
runWithFiberInDEV@http://[::1]:5173/node_modules/.vite/deps/react-dom_client.js?v=9e5c15c8:726:18
performUnitOfWork@http://[::1]:5173/node_modules/.vite/deps/react-dom_client.js?v=9e5c15c8:10831:98
workLoopSync@http://[::1]:5173/node_modules/.vite/deps/react-dom_client.js?v=9e5c15c8:10692:60
renderRootSync@http://[::1]:5173/node_modules/.vite/deps/react-dom_client.js?v=9e5c15c8:10675:13
performWorkOnRoot@http://[::1]:5173/node_modules/.vite/deps/react-dom_client.js?v=9e5c15c8:10323:46
performSyncWorkOnRoot@http://[::1]:5173/node_modules/.vite/deps/react-dom_client.js?v=9e5c15c8:11448:26
flushSyncWorkAcrossRoots_impl@http://[::1]:5173/node_modules/.vite/deps/react-dom_client.js?v=9e5c15c8:11356:122
flushSyncWork$1@http://[::1]:5173/node_modules/.vite/deps/react-dom_client.js?v=9e5c15c8:10533:86
scheduleRefresh@http://[::1]:5173/node_modules/.vite/deps/react-dom_client.js?v=9e5c15c8:381:11
performReactRefresh/<@http://[::1]:5173/@react-refresh:188:21
performReactRefresh@http://[::1]:5173/@react-refresh:180:30
enqueueUpdate<@http://[::1]:5173/@react-refresh:474:11 {"url":"http://localhost:8000/#contato","user_agent":"Mozilla/5.0 (Windows NT 10.0; Win64; x64; rv:155.0) Gecko/20100101 Firefox/155.0","timestamp":"2026-09-14T01:22:20.579Z"} 
[2026-09-14 01:22:20] local.ERROR: Error: Ziggy error: route 'privacidade' is not in the route list. http://localhost:8000/#contato 12 16401 Error Ziggy error: route 'privacidade' is not in the route list. r@http://localhost:8000/#contato:12:16401
@http://localhost:8000/#contato:12:23029
Footer@http://[::1]:5173/resources/js/components/ecovolts/footer.tsx?t=1789348940475:262:44
react-stack-bottom-frame@http://[::1]:5173/node_modules/.vite/deps/react-dom_client.js?v=9e5c15c8:16192:20
renderWithHooks@http://[::1]:5173/node_modules/.vite/deps/react-dom_client.js?v=9e5c15c8:4306:42
updateFunctionComponent@http://[::1]:5173/node_modules/.vite/deps/react-dom_client.js?v=9e5c15c8:5972:21
beginWork@http://[::1]:5173/node_modules/.vite/deps/react-dom_client.js?v=9e5c15c8:7048:20
runWithFiberInDEV@http://[::1]:5173/node_modules/.vite/deps/react-dom_client.js?v=9e5c15c8:726:18
performUnitOfWork@http://[::1]:5173/node_modules/.vite/deps/react-dom_client.js?v=9e5c15c8:10831:98
workLoopSync@http://[::1]:5173/node_modules/.vite/deps/react-dom_client.js?v=9e5c15c8:10692:60
renderRootSync@http://[::1]:5173/node_modules/.vite/deps/react-dom_client.js?v=9e5c15c8:10675:13
performWorkOnRoot@http://[::1]:5173/node_modules/.vite/deps/react-dom_client.js?v=9e5c15c8:10323:46
performSyncWorkOnRoot@http://[::1]:5173/node_modules/.vite/deps/react-dom_client.js?v=9e5c15c8:11448:26
flushSyncWorkAcrossRoots_impl@http://[::1]:5173/node_modules/.vite/deps/react-dom_client.js?v=9e5c15c8:11356:122
flushSyncWork$1@http://[::1]:5173/node_modules/.vite/deps/react-dom_client.js?v=9e5c15c8:10533:86
scheduleRefresh@http://[::1]:5173/node_modules/.vite/deps/react-dom_client.js?v=9e5c15c8:381:11
performReactRefresh/<@http://[::1]:5173/@react-refresh:188:21
performReactRefresh@http://[::1]:5173/@react-refresh:180:30
enqueueUpdate<@http://[::1]:5173/@react-refresh:474:11 {"url":"http://localhost:8000/#contato","user_agent":"Mozilla/5.0 (Windows NT 10.0; Win64; x64; rv:155.0) Gecko/20100101 Firefox/155.0","timestamp":"2026-09-14T01:22:20.579Z"} 
[2026-09-14 01:22:20] local.WARNING: %s

%s An error occurred in the <Footer> component. Consider adding an error boundary to your tree to customize error handling behavior.
Visit https://react.dev/link/error-boundaries to learn more about error boundaries. {"url":"http://localhost:8000/#contato","user_agent":"Mozilla/5.0 (Windows NT 10.0; Win64; x64; rv:155.0) Gecko/20100101 Firefox/155.0","timestamp":"2026-09-14T01:22:20.579Z"} 
[2026-09-14 01:22:23] local.DEBUG: [vite] connecting... {"url":"http://localhost:8000/#contato","user_agent":"Mozilla/5.0 (Windows NT 10.0; Win64; x64; rv:155.0) Gecko/20100101 Firefox/155.0","timestamp":"2026-09-14T01:22:22.981Z"} 
[2026-09-14 01:22:23] local.INFO: %cDownload the React DevTools for a better development experience: https://react.dev/link/react-devtools font-weight:bold {"url":"http://localhost:8000/#contato","user_agent":"Mozilla/5.0 (Windows NT 10.0; Win64; x64; rv:155.0) Gecko/20100101 Firefox/155.0","timestamp":"2026-09-14T01:22:22.993Z"} 
[2026-09-14 01:22:23] local.DEBUG: [vite] connected. {"url":"http://localhost:8000/#contato","user_agent":"Mozilla/5.0 (Windows NT 10.0; Win64; x64; rv:155.0) Gecko/20100101 Firefox/155.0","timestamp":"2026-09-14T01:22:23.007Z"} 
[2026-09-14 01:22:23] local.ERROR: Each child in a list should have a unique "key" prop.%s%s See https://react.dev/link/warning-keys for more information. Check the render method of `Welcome`. null {"url":"http://localhost:8000/#contato","user_agent":"Mozilla/5.0 (Windows NT 10.0; Win64; x64; rv:155.0) Gecko/20100101 Firefox/155.0","timestamp":"2026-09-14T01:22:23.095Z"} 
[2026-09-14 01:22:23] local.ERROR: Each child in a list should have a unique "key" prop.%s%s See https://react.dev/link/warning-keys for more information. Check the render method of `Footer`. null {"url":"http://localhost:8000/#contato","user_agent":"Mozilla/5.0 (Windows NT 10.0; Win64; x64; rv:155.0) Gecko/20100101 Firefox/155.0","timestamp":"2026-09-14T01:22:23.100Z"} 
[2026-09-14 01:22:23] local.ERROR: Error: Ziggy error: route 'privacidade' is not in the route list. http://localhost:8000/#contato 12 16401 Error Ziggy error: route 'privacidade' is not in the route list. r@http://localhost:8000/#contato:12:16401
@http://localhost:8000/#contato:12:23029
Footer@http://[::1]:5173/resources/js/components/ecovolts/footer.tsx?t=1789348940475:262:44
react-stack-bottom-frame@http://[::1]:5173/node_modules/.vite/deps/react-dom_client.js?v=9e5c15c8:16192:20
renderWithHooks@http://[::1]:5173/node_modules/.vite/deps/react-dom_client.js?v=9e5c15c8:4306:42
updateFunctionComponent@http://[::1]:5173/node_modules/.vite/deps/react-dom_client.js?v=9e5c15c8:5972:21
beginWork@http://[::1]:5173/node_modules/.vite/deps/react-dom_client.js?v=9e5c15c8:7048:20
runWithFiberInDEV@http://[::1]:5173/node_modules/.vite/deps/react-dom_client.js?v=9e5c15c8:726:18
performUnitOfWork@http://[::1]:5173/node_modules/.vite/deps/react-dom_client.js?v=9e5c15c8:10831:98
workLoopSync@http://[::1]:5173/node_modules/.vite/deps/react-dom_client.js?v=9e5c15c8:10692:60
renderRootSync@http://[::1]:5173/node_modules/.vite/deps/react-dom_client.js?v=9e5c15c8:10675:13
performWorkOnRoot@http://[::1]:5173/node_modules/.vite/deps/react-dom_client.js?v=9e5c15c8:10323:46
performWorkOnRootViaSchedulerTask@http://[::1]:5173/node_modules/.vite/deps/react-dom_client.js?v=9e5c15c8:11436:26
performWorkUntilDeadline@http://[::1]:5173/node_modules/.vite/deps/react-dom_client.js?v=9e5c15c8:35:58 {"url":"http://localhost:8000/#contato","user_agent":"Mozilla/5.0 (Windows NT 10.0; Win64; x64; rv:155.0) Gecko/20100101 Firefox/155.0","timestamp":"2026-09-14T01:22:23.104Z"} 
[2026-09-14 01:22:23] local.ERROR: Error: Ziggy error: route 'privacidade' is not in the route list. http://localhost:8000/#contato 12 16401 Error Ziggy error: route 'privacidade' is not in the route list. r@http://localhost:8000/#contato:12:16401
@http://localhost:8000/#contato:12:23029
Footer@http://[::1]:5173/resources/js/components/ecovolts/footer.tsx?t=1789348940475:262:44
react-stack-bottom-frame@http://[::1]:5173/node_modules/.vite/deps/react-dom_client.js?v=9e5c15c8:16192:20
renderWithHooks@http://[::1]:5173/node_modules/.vite/deps/react-dom_client.js?v=9e5c15c8:4306:42
updateFunctionComponent@http://[::1]:5173/node_modules/.vite/deps/react-dom_client.js?v=9e5c15c8:5972:21
beginWork@http://[::1]:5173/node_modules/.vite/deps/react-dom_client.js?v=9e5c15c8:7048:20
runWithFiberInDEV@http://[::1]:5173/node_modules/.vite/deps/react-dom_client.js?v=9e5c15c8:726:18
performUnitOfWork@http://[::1]:5173/node_modules/.vite/deps/react-dom_client.js?v=9e5c15c8:10831:98
workLoopSync@http://[::1]:5173/node_modules/.vite/deps/react-dom_client.js?v=9e5c15c8:10692:60
renderRootSync@http://[::1]:5173/node_modules/.vite/deps/react-dom_client.js?v=9e5c15c8:10675:13
performWorkOnRoot@http://[::1]:5173/node_modules/.vite/deps/react-dom_client.js?v=9e5c15c8:10323:46
performWorkOnRootViaSchedulerTask@http://[::1]:5173/node_modules/.vite/deps/react-dom_client.js?v=9e5c15c8:11436:26
performWorkUntilDeadline@http://[::1]:5173/node_modules/.vite/deps/react-dom_client.js?v=9e5c15c8:35:58 {"url":"http://localhost:8000/#contato","user_agent":"Mozilla/5.0 (Windows NT 10.0; Win64; x64; rv:155.0) Gecko/20100101 Firefox/155.0","timestamp":"2026-09-14T01:22:23.104Z"} 
[2026-09-14 01:22:23] local.WARNING: %s

%s An error occurred in the <Footer> component. Consider adding an error boundary to your tree to customize error handling behavior.
Visit https://react.dev/link/error-boundaries to learn more about error boundaries. {"url":"http://localhost:8000/#contato","user_agent":"Mozilla/5.0 (Windows NT 10.0; Win64; x64; rv:155.0) Gecko/20100101 Firefox/155.0","timestamp":"2026-09-14T01:22:23.104Z"} 
[2026-09-14 01:22:29] local.DEBUG: [vite] connecting... {"url":"http://localhost:8000/#contato","user_agent":"Mozilla/5.0 (Windows NT 10.0; Win64; x64; rv:155.0) Gecko/20100101 Firefox/155.0","timestamp":"2026-09-14T01:22:29.558Z"} 
[2026-09-14 01:22:29] local.INFO: %cDownload the React DevTools for a better development experience: https://react.dev/link/react-devtools font-weight:bold {"url":"http://localhost:8000/#contato","user_agent":"Mozilla/5.0 (Windows NT 10.0; Win64; x64; rv:155.0) Gecko/20100101 Firefox/155.0","timestamp":"2026-09-14T01:22:29.575Z"} 
[2026-09-14 01:22:29] local.DEBUG: [vite] connected. {"url":"http://localhost:8000/#contato","user_agent":"Mozilla/5.0 (Windows NT 10.0; Win64; x64; rv:155.0) Gecko/20100101 Firefox/155.0","timestamp":"2026-09-14T01:22:29.579Z"} 
[2026-09-14 01:22:29] local.ERROR: Each child in a list should have a unique "key" prop.%s%s See https://react.dev/link/warning-keys for more information. Check the render method of `Welcome`. null {"url":"http://localhost:8000/#contato","user_agent":"Mozilla/5.0 (Windows NT 10.0; Win64; x64; rv:155.0) Gecko/20100101 Firefox/155.0","timestamp":"2026-09-14T01:22:29.665Z"} 
[2026-09-14 01:22:29] local.ERROR: Each child in a list should have a unique "key" prop.%s%s See https://react.dev/link/warning-keys for more information. Check the render method of `Footer`. null {"url":"http://localhost:8000/#contato","user_agent":"Mozilla/5.0 (Windows NT 10.0; Win64; x64; rv:155.0) Gecko/20100101 Firefox/155.0","timestamp":"2026-09-14T01:22:29.670Z"} 
[2026-09-14 01:22:29] local.ERROR: Error: Ziggy error: route 'privacidade' is not in the route list. http://localhost:8000/#contato 12 16401 Error Ziggy error: route 'privacidade' is not in the route list. r@http://localhost:8000/#contato:12:16401
@http://localhost:8000/#contato:12:23029
Footer@http://[::1]:5173/resources/js/components/ecovolts/footer.tsx?t=1789348940475:262:44
react-stack-bottom-frame@http://[::1]:5173/node_modules/.vite/deps/react-dom_client.js?v=9e5c15c8:16192:20
renderWithHooks@http://[::1]:5173/node_modules/.vite/deps/react-dom_client.js?v=9e5c15c8:4306:42
updateFunctionComponent@http://[::1]:5173/node_modules/.vite/deps/react-dom_client.js?v=9e5c15c8:5972:21
beginWork@http://[::1]:5173/node_modules/.vite/deps/react-dom_client.js?v=9e5c15c8:7048:20
runWithFiberInDEV@http://[::1]:5173/node_modules/.vite/deps/react-dom_client.js?v=9e5c15c8:726:18
performUnitOfWork@http://[::1]:5173/node_modules/.vite/deps/react-dom_client.js?v=9e5c15c8:10831:98
workLoopSync@http://[::1]:5173/node_modules/.vite/deps/react-dom_client.js?v=9e5c15c8:10692:60
renderRootSync@http://[::1]:5173/node_modules/.vite/deps/react-dom_client.js?v=9e5c15c8:10675:13
performWorkOnRoot@http://[::1]:5173/node_modules/.vite/deps/react-dom_client.js?v=9e5c15c8:10323:46
performWorkOnRootViaSchedulerTask@http://[::1]:5173/node_modules/.vite/deps/react-dom_client.js?v=9e5c15c8:11436:26
performWorkUntilDeadline@http://[::1]:5173/node_modules/.vite/deps/react-dom_client.js?v=9e5c15c8:35:58 {"url":"http://localhost:8000/#contato","user_agent":"Mozilla/5.0 (Windows NT 10.0; Win64; x64; rv:155.0) Gecko/20100101 Firefox/155.0","timestamp":"2026-09-14T01:22:29.674Z"} 
[2026-09-14 01:22:29] local.ERROR: Error: Ziggy error: route 'privacidade' is not in the route list. http://localhost:8000/#contato 12 16401 Error Ziggy error: route 'privacidade' is not in the route list. r@http://localhost:8000/#contato:12:16401
@http://localhost:8000/#contato:12:23029
Footer@http://[::1]:5173/resources/js/components/ecovolts/footer.tsx?t=1789348940475:262:44
react-stack-bottom-frame@http://[::1]:5173/node_modules/.vite/deps/react-dom_client.js?v=9e5c15c8:16192:20
renderWithHooks@http://[::1]:5173/node_modules/.vite/deps/react-dom_client.js?v=9e5c15c8:4306:42
updateFunctionComponent@http://[::1]:5173/node_modules/.vite/deps/react-dom_client.js?v=9e5c15c8:5972:21
beginWork@http://[::1]:5173/node_modules/.vite/deps/react-dom_client.js?v=9e5c15c8:7048:20
runWithFiberInDEV@http://[::1]:5173/node_modules/.vite/deps/react-dom_client.js?v=9e5c15c8:726:18
performUnitOfWork@http://[::1]:5173/node_modules/.vite/deps/react-dom_client.js?v=9e5c15c8:10831:98
workLoopSync@http://[::1]:5173/node_modules/.vite/deps/react-dom_client.js?v=9e5c15c8:10692:60
renderRootSync@http://[::1]:5173/node_modules/.vite/deps/react-dom_client.js?v=9e5c15c8:10675:13
performWorkOnRoot@http://[::1]:5173/node_modules/.vite/deps/react-dom_client.js?v=9e5c15c8:10323:46
performWorkOnRootViaSchedulerTask@http://[::1]:5173/node_modules/.vite/deps/react-dom_client.js?v=9e5c15c8:11436:26
performWorkUntilDeadline@http://[::1]:5173/node_modules/.vite/deps/react-dom_client.js?v=9e5c15c8:35:58 {"url":"http://localhost:8000/#contato","user_agent":"Mozilla/5.0 (Windows NT 10.0; Win64; x64; rv:155.0) Gecko/20100101 Firefox/155.0","timestamp":"2026-09-14T01:22:29.674Z"} 
[2026-09-14 01:22:29] local.WARNING: %s

%s An error occurred in the <Footer> component. Consider adding an error boundary to your tree to customize error handling behavior.
Visit https://react.dev/link/error-boundaries to learn more about error boundaries. {"url":"http://localhost:8000/#contato","user_agent":"Mozilla/5.0 (Windows NT 10.0; Win64; x64; rv:155.0) Gecko/20100101 Firefox/155.0","timestamp":"2026-09-14T01:22:29.674Z"} 
[2026-09-14 01:22:32] local.DEBUG: [vite] connecting... {"url":"http://localhost:8000/","user_agent":"Mozilla/5.0 (Windows NT 10.0; Win64; x64; rv:155.0) Gecko/20100101 Firefox/155.0","timestamp":"2026-09-14T01:22:31.982Z"} 
[2026-09-14 01:22:32] local.INFO: %cDownload the React DevTools for a better development experience: https://react.dev/link/react-devtools font-weight:bold {"url":"http://localhost:8000/","user_agent":"Mozilla/5.0 (Windows NT 10.0; Win64; x64; rv:155.0) Gecko/20100101 Firefox/155.0","timestamp":"2026-09-14T01:22:31.995Z"} 
[2026-09-14 01:22:32] local.DEBUG: [vite] connected. {"url":"http://localhost:8000/","user_agent":"Mozilla/5.0 (Windows NT 10.0; Win64; x64; rv:155.0) Gecko/20100101 Firefox/155.0","timestamp":"2026-09-14T01:22:32.003Z"} 
[2026-09-14 01:22:32] local.ERROR: Each child in a list should have a unique "key" prop.%s%s See https://react.dev/link/warning-keys for more information. Check the render method of `Welcome`. null {"url":"http://localhost:8000/","user_agent":"Mozilla/5.0 (Windows NT 10.0; Win64; x64; rv:155.0) Gecko/20100101 Firefox/155.0","timestamp":"2026-09-14T01:22:32.097Z"} 
[2026-09-14 01:22:32] local.ERROR: Each child in a list should have a unique "key" prop.%s%s See https://react.dev/link/warning-keys for more information. Check the render method of `Footer`. null {"url":"http://localhost:8000/","user_agent":"Mozilla/5.0 (Windows NT 10.0; Win64; x64; rv:155.0) Gecko/20100101 Firefox/155.0","timestamp":"2026-09-14T01:22:32.103Z"} 
[2026-09-14 01:22:32] local.ERROR: Error: Ziggy error: route 'privacidade' is not in the route list. http://localhost:8000/ 12 16401 Error Ziggy error: route 'privacidade' is not in the route list. r@http://localhost:8000/:12:16401
@http://localhost:8000/:12:23029
Footer@http://[::1]:5173/resources/js/components/ecovolts/footer.tsx?t=1789348940475:262:44
react-stack-bottom-frame@http://[::1]:5173/node_modules/.vite/deps/react-dom_client.js?v=9e5c15c8:16192:20
renderWithHooks@http://[::1]:5173/node_modules/.vite/deps/react-dom_client.js?v=9e5c15c8:4306:42
updateFunctionComponent@http://[::1]:5173/node_modules/.vite/deps/react-dom_client.js?v=9e5c15c8:5972:21
beginWork@http://[::1]:5173/node_modules/.vite/deps/react-dom_client.js?v=9e5c15c8:7048:20
runWithFiberInDEV@http://[::1]:5173/node_modules/.vite/deps/react-dom_client.js?v=9e5c15c8:726:18
performUnitOfWork@http://[::1]:5173/node_modules/.vite/deps/react-dom_client.js?v=9e5c15c8:10831:98
workLoopSync@http://[::1]:5173/node_modules/.vite/deps/react-dom_client.js?v=9e5c15c8:10692:60
renderRootSync@http://[::1]:5173/node_modules/.vite/deps/react-dom_client.js?v=9e5c15c8:10675:13
performWorkOnRoot@http://[::1]:5173/node_modules/.vite/deps/react-dom_client.js?v=9e5c15c8:10323:46
performWorkOnRootViaSchedulerTask@http://[::1]:5173/node_modules/.vite/deps/react-dom_client.js?v=9e5c15c8:11436:26
performWorkUntilDeadline@http://[::1]:5173/node_modules/.vite/deps/react-dom_client.js?v=9e5c15c8:35:58 {"url":"http://localhost:8000/","user_agent":"Mozilla/5.0 (Windows NT 10.0; Win64; x64; rv:155.0) Gecko/20100101 Firefox/155.0","timestamp":"2026-09-14T01:22:32.107Z"} 
[2026-09-14 01:22:32] local.ERROR: Error: Ziggy error: route 'privacidade' is not in the route list. http://localhost:8000/ 12 16401 Error Ziggy error: route 'privacidade' is not in the route list. r@http://localhost:8000/:12:16401
@http://localhost:8000/:12:23029
Footer@http://[::1]:5173/resources/js/components/ecovolts/footer.tsx?t=1789348940475:262:44
react-stack-bottom-frame@http://[::1]:5173/node_modules/.vite/deps/react-dom_client.js?v=9e5c15c8:16192:20
renderWithHooks@http://[::1]:5173/node_modules/.vite/deps/react-dom_client.js?v=9e5c15c8:4306:42
updateFunctionComponent@http://[::1]:5173/node_modules/.vite/deps/react-dom_client.js?v=9e5c15c8:5972:21
beginWork@http://[::1]:5173/node_modules/.vite/deps/react-dom_client.js?v=9e5c15c8:7048:20
runWithFiberInDEV@http://[::1]:5173/node_modules/.vite/deps/react-dom_client.js?v=9e5c15c8:726:18
performUnitOfWork@http://[::1]:5173/node_modules/.vite/deps/react-dom_client.js?v=9e5c15c8:10831:98
workLoopSync@http://[::1]:5173/node_modules/.vite/deps/react-dom_client.js?v=9e5c15c8:10692:60
renderRootSync@http://[::1]:5173/node_modules/.vite/deps/react-dom_client.js?v=9e5c15c8:10675:13
performWorkOnRoot@http://[::1]:5173/node_modules/.vite/deps/react-dom_client.js?v=9e5c15c8:10323:46
performWorkOnRootViaSchedulerTask@http://[::1]:5173/node_modules/.vite/deps/react-dom_client.js?v=9e5c15c8:11436:26
performWorkUntilDeadline@http://[::1]:5173/node_modules/.vite/deps/react-dom_client.js?v=9e5c15c8:35:58 {"url":"http://localhost:8000/","user_agent":"Mozilla/5.0 (Windows NT 10.0; Win64; x64; rv:155.0) Gecko/20100101 Firefox/155.0","timestamp":"2026-09-14T01:22:32.108Z"} 
[2026-09-14 01:22:32] local.WARNING: %s

%s An error occurred in the <Footer> component. Consider adding an error boundary to your tree to customize error handling behavior.
Visit https://react.dev/link/error-boundaries to learn more about error boundaries. {"url":"http://localhost:8000/","user_agent":"Mozilla/5.0 (Windows NT 10.0; Win64; x64; rv:155.0) Gecko/20100101 Firefox/155.0","timestamp":"2026-09-14T01:22:32.108Z"} 
[2026-09-14 01:22:37] local.DEBUG: [vite] hot updated: /resources/js/components/ecovolts/footer.tsx {"url":"http://localhost:8000/","user_agent":"Mozilla/5.0 (Windows NT 10.0; Win64; x64; rv:155.0) Gecko/20100101 Firefox/155.0","timestamp":"2026-09-14T01:22:37.087Z"} 
[2026-09-14 01:22:37] local.DEBUG: [vite] hot updated: /resources/css/app.css {"url":"http://localhost:8000/","user_agent":"Mozilla/5.0 (Windows NT 10.0; Win64; x64; rv:155.0) Gecko/20100101 Firefox/155.0","timestamp":"2026-09-14T01:22:37.087Z"} 
[2026-09-14 01:22:37] local.ERROR: Encountered two children with the same key, `%s`. Keys should be unique so that components maintain their identity across updates. Non-unique keys may cause children to be duplicated and/or omitted — the behavior is unsupported and could change in a future version. null {"url":"http://localhost:8000/","user_agent":"Mozilla/5.0 (Windows NT 10.0; Win64; x64; rv:155.0) Gecko/20100101 Firefox/155.0","timestamp":"2026-09-14T01:22:37.110Z"} 
[2026-09-14 01:22:37] local.ERROR: Encountered two children with the same key, `%s`. Keys should be unique so that components maintain their identity across updates. Non-unique keys may cause children to be duplicated and/or omitted — the behavior is unsupported and could change in a future version. null {"url":"http://localhost:8000/","user_agent":"Mozilla/5.0 (Windows NT 10.0; Win64; x64; rv:155.0) Gecko/20100101 Firefox/155.0","timestamp":"2026-09-14T01:22:37.110Z"} 
[2026-09-14 01:22:37] local.ERROR: Encountered two children with the same key, `%s`. Keys should be unique so that components maintain their identity across updates. Non-unique keys may cause children to be duplicated and/or omitted — the behavior is unsupported and could change in a future version. null {"url":"http://localhost:8000/","user_agent":"Mozilla/5.0 (Windows NT 10.0; Win64; x64; rv:155.0) Gecko/20100101 Firefox/155.0","timestamp":"2026-09-14T01:22:37.114Z"} 
[2026-09-14 01:22:37] local.ERROR: Encountered two children with the same key, `%s`. Keys should be unique so that components maintain their identity across updates. Non-unique keys may cause children to be duplicated and/or omitted — the behavior is unsupported and could change in a future version. null {"url":"http://localhost:8000/","user_agent":"Mozilla/5.0 (Windows NT 10.0; Win64; x64; rv:155.0) Gecko/20100101 Firefox/155.0","timestamp":"2026-09-14T01:22:37.114Z"} 
[2026-09-14 01:22:37] local.ERROR: TypeError: can't convert undefined to object http://localhost:8000/ 12 16673 TypeError can't convert undefined to object f.toString@http://localhost:8000/:12:16673
Te@http://[::1]:5173/node_modules/.vite/deps/@inertiajs_react.js?v=9e5c15c8:5877:33
le2<@http://[::1]:5173/node_modules/.vite/deps/@inertiajs_react.js?v=9e5c15c8:7049:19
react-stack-bottom-frame@http://[::1]:5173/node_modules/.vite/deps/react-dom_client.js?v=9e5c15c8:16192:20
renderWithHooks@http://[::1]:5173/node_modules/.vite/deps/react-dom_client.js?v=9e5c15c8:4306:42
updateForwardRef@http://[::1]:5173/node_modules/.vite/deps/react-dom_client.js?v=9e5c15c8:5813:21
beginWork@http://[::1]:5173/node_modules/.vite/deps/react-dom_client.js?v=9e5c15c8:7244:20
runWithFiberInDEV@http://[::1]:5173/node_modules/.vite/deps/react-dom_client.js?v=9e5c15c8:726:18
performUnitOfWork@http://[::1]:5173/node_modules/.vite/deps/react-dom_client.js?v=9e5c15c8:10831:98
workLoopSync@http://[::1]:5173/node_modules/.vite/deps/react-dom_client.js?v=9e5c15c8:10692:60
renderRootSync@http://[::1]:5173/node_modules/.vite/deps/react-dom_client.js?v=9e5c15c8:10675:13
performWorkOnRoot@http://[::1]:5173/node_modules/.vite/deps/react-dom_client.js?v=9e5c15c8:10323:46
performSyncWorkOnRoot@http://[::1]:5173/node_modules/.vite/deps/react-dom_client.js?v=9e5c15c8:11448:26
flushSyncWorkAcrossRoots_impl@http://[::1]:5173/node_modules/.vite/deps/react-dom_client.js?v=9e5c15c8:11356:122
flushSyncWork$1@http://[::1]:5173/node_modules/.vite/deps/react-dom_client.js?v=9e5c15c8:10533:86
scheduleRoot@http://[::1]:5173/node_modules/.vite/deps/react-dom_client.js?v=9e5c15c8:369:99
performReactRefresh/<@http://[::1]:5173/@react-refresh:172:21
performReactRefresh@http://[::1]:5173/@react-refresh:157:29
enqueueUpdate<@http://[::1]:5173/@react-refresh:474:11 {"url":"http://localhost:8000/","user_agent":"Mozilla/5.0 (Windows NT 10.0; Win64; x64; rv:155.0) Gecko/20100101 Firefox/155.0","timestamp":"2026-09-14T01:22:37.115Z"} 
[2026-09-14 01:22:37] local.ERROR: TypeError: can't convert undefined to object http://localhost:8000/ 12 16673 TypeError can't convert undefined to object f.toString@http://localhost:8000/:12:16673
Te@http://[::1]:5173/node_modules/.vite/deps/@inertiajs_react.js?v=9e5c15c8:5877:33
le2<@http://[::1]:5173/node_modules/.vite/deps/@inertiajs_react.js?v=9e5c15c8:7049:19
react-stack-bottom-frame@http://[::1]:5173/node_modules/.vite/deps/react-dom_client.js?v=9e5c15c8:16192:20
renderWithHooks@http://[::1]:5173/node_modules/.vite/deps/react-dom_client.js?v=9e5c15c8:4306:42
updateForwardRef@http://[::1]:5173/node_modules/.vite/deps/react-dom_client.js?v=9e5c15c8:5813:21
beginWork@http://[::1]:5173/node_modules/.vite/deps/react-dom_client.js?v=9e5c15c8:7244:20
runWithFiberInDEV@http://[::1]:5173/node_modules/.vite/deps/react-dom_client.js?v=9e5c15c8:726:18
performUnitOfWork@http://[::1]:5173/node_modules/.vite/deps/react-dom_client.js?v=9e5c15c8:10831:98
workLoopSync@http://[::1]:5173/node_modules/.vite/deps/react-dom_client.js?v=9e5c15c8:10692:60
renderRootSync@http://[::1]:5173/node_modules/.vite/deps/react-dom_client.js?v=9e5c15c8:10675:13
performWorkOnRoot@http://[::1]:5173/node_modules/.vite/deps/react-dom_client.js?v=9e5c15c8:10323:46
performSyncWorkOnRoot@http://[::1]:5173/node_modules/.vite/deps/react-dom_client.js?v=9e5c15c8:11448:26
flushSyncWorkAcrossRoots_impl@http://[::1]:5173/node_modules/.vite/deps/react-dom_client.js?v=9e5c15c8:11356:122
flushSyncWork$1@http://[::1]:5173/node_modules/.vite/deps/react-dom_client.js?v=9e5c15c8:10533:86
scheduleRoot@http://[::1]:5173/node_modules/.vite/deps/react-dom_client.js?v=9e5c15c8:369:99
performReactRefresh/<@http://[::1]:5173/@react-refresh:172:21
performReactRefresh@http://[::1]:5173/@react-refresh:157:29
enqueueUpdate<@http://[::1]:5173/@react-refresh:474:11 {"url":"http://localhost:8000/","user_agent":"Mozilla/5.0 (Windows NT 10.0; Win64; x64; rv:155.0) Gecko/20100101 Firefox/155.0","timestamp":"2026-09-14T01:22:37.115Z"} 
[2026-09-14 01:22:37] local.WARNING: %s

%s An error occurred in the <InertiaLink> component. Consider adding an error boundary to your tree to customize error handling behavior.
Visit https://react.dev/link/error-boundaries to learn more about error boundaries. {"url":"http://localhost:8000/","user_agent":"Mozilla/5.0 (Windows NT 10.0; Win64; x64; rv:155.0) Gecko/20100101 Firefox/155.0","timestamp":"2026-09-14T01:22:37.115Z"} 
[2026-09-14 01:22:38] local.DEBUG: [vite] connecting... {"url":"http://localhost:8000/","user_agent":"Mozilla/5.0 (Windows NT 10.0; Win64; x64; rv:155.0) Gecko/20100101 Firefox/155.0","timestamp":"2026-09-14T01:22:38.532Z"} 
[2026-09-14 01:22:38] local.INFO: %cDownload the React DevTools for a better development experience: https://react.dev/link/react-devtools font-weight:bold {"url":"http://localhost:8000/","user_agent":"Mozilla/5.0 (Windows NT 10.0; Win64; x64; rv:155.0) Gecko/20100101 Firefox/155.0","timestamp":"2026-09-14T01:22:38.551Z"} 
[2026-09-14 01:22:38] local.DEBUG: [vite] connected. {"url":"http://localhost:8000/","user_agent":"Mozilla/5.0 (Windows NT 10.0; Win64; x64; rv:155.0) Gecko/20100101 Firefox/155.0","timestamp":"2026-09-14T01:22:38.559Z"} 
[2026-09-14 01:22:38] local.ERROR: Each child in a list should have a unique "key" prop.%s%s See https://react.dev/link/warning-keys for more information. Check the render method of `Welcome`. null {"url":"http://localhost:8000/","user_agent":"Mozilla/5.0 (Windows NT 10.0; Win64; x64; rv:155.0) Gecko/20100101 Firefox/155.0","timestamp":"2026-09-14T01:22:38.631Z"} 
[2026-09-14 01:22:38] local.ERROR: Each child in a list should have a unique "key" prop.%s%s See https://react.dev/link/warning-keys for more information. Check the render method of `Footer`. null {"url":"http://localhost:8000/","user_agent":"Mozilla/5.0 (Windows NT 10.0; Win64; x64; rv:155.0) Gecko/20100101 Firefox/155.0","timestamp":"2026-09-14T01:22:38.636Z"} 
[2026-09-14 01:22:38] local.ERROR: Encountered two children with the same key, `%s`. Keys should be unique so that components maintain their identity across updates. Non-unique keys may cause children to be duplicated and/or omitted — the behavior is unsupported and could change in a future version. null {"url":"http://localhost:8000/","user_agent":"Mozilla/5.0 (Windows NT 10.0; Win64; x64; rv:155.0) Gecko/20100101 Firefox/155.0","timestamp":"2026-09-14T01:22:38.636Z"} 
[2026-09-14 01:22:38] local.ERROR: Encountered two children with the same key, `%s`. Keys should be unique so that components maintain their identity across updates. Non-unique keys may cause children to be duplicated and/or omitted — the behavior is unsupported and could change in a future version. null {"url":"http://localhost:8000/","user_agent":"Mozilla/5.0 (Windows NT 10.0; Win64; x64; rv:155.0) Gecko/20100101 Firefox/155.0","timestamp":"2026-09-14T01:22:38.636Z"} 
[2026-09-14 01:22:38] local.ERROR: Encountered two children with the same key, `%s`. Keys should be unique so that components maintain their identity across updates. Non-unique keys may cause children to be duplicated and/or omitted — the behavior is unsupported and could change in a future version. null {"url":"http://localhost:8000/","user_agent":"Mozilla/5.0 (Windows NT 10.0; Win64; x64; rv:155.0) Gecko/20100101 Firefox/155.0","timestamp":"2026-09-14T01:22:38.642Z"} 
[2026-09-14 01:22:38] local.ERROR: Encountered two children with the same key, `%s`. Keys should be unique so that components maintain their identity across updates. Non-unique keys may cause children to be duplicated and/or omitted — the behavior is unsupported and could change in a future version. null {"url":"http://localhost:8000/","user_agent":"Mozilla/5.0 (Windows NT 10.0; Win64; x64; rv:155.0) Gecko/20100101 Firefox/155.0","timestamp":"2026-09-14T01:22:38.642Z"} 
[2026-09-14 01:22:38] local.ERROR: TypeError: can't convert undefined to object http://localhost:8000/ 12 16673 TypeError can't convert undefined to object f.toString@http://localhost:8000/:12:16673
Te@http://[::1]:5173/node_modules/.vite/deps/@inertiajs_react.js?v=9e5c15c8:5877:33
le2<@http://[::1]:5173/node_modules/.vite/deps/@inertiajs_react.js?v=9e5c15c8:7049:19
react-stack-bottom-frame@http://[::1]:5173/node_modules/.vite/deps/react-dom_client.js?v=9e5c15c8:16192:20
renderWithHooks@http://[::1]:5173/node_modules/.vite/deps/react-dom_client.js?v=9e5c15c8:4306:42
updateForwardRef@http://[::1]:5173/node_modules/.vite/deps/react-dom_client.js?v=9e5c15c8:5813:21
beginWork@http://[::1]:5173/node_modules/.vite/deps/react-dom_client.js?v=9e5c15c8:7244:20
runWithFiberInDEV@http://[::1]:5173/node_modules/.vite/deps/react-dom_client.js?v=9e5c15c8:726:18
performUnitOfWork@http://[::1]:5173/node_modules/.vite/deps/react-dom_client.js?v=9e5c15c8:10831:98
workLoopSync@http://[::1]:5173/node_modules/.vite/deps/react-dom_client.js?v=9e5c15c8:10692:60
renderRootSync@http://[::1]:5173/node_modules/.vite/deps/react-dom_client.js?v=9e5c15c8:10675:13
performWorkOnRoot@http://[::1]:5173/node_modules/.vite/deps/react-dom_client.js?v=9e5c15c8:10323:46
performWorkOnRootViaSchedulerTask@http://[::1]:5173/node_modules/.vite/deps/react-dom_client.js?v=9e5c15c8:11436:26
performWorkUntilDeadline@http://[::1]:5173/node_modules/.vite/deps/react-dom_client.js?v=9e5c15c8:35:58 {"url":"http://localhost:8000/","user_agent":"Mozilla/5.0 (Windows NT 10.0; Win64; x64; rv:155.0) Gecko/20100101 Firefox/155.0","timestamp":"2026-09-14T01:22:38.644Z"} 
[2026-09-14 01:22:38] local.ERROR: TypeError: can't convert undefined to object http://localhost:8000/ 12 16673 TypeError can't convert undefined to object f.toString@http://localhost:8000/:12:16673
Te@http://[::1]:5173/node_modules/.vite/deps/@inertiajs_react.js?v=9e5c15c8:5877:33
le2<@http://[::1]:5173/node_modules/.vite/deps/@inertiajs_react.js?v=9e5c15c8:7049:19
react-stack-bottom-frame@http://[::1]:5173/node_modules/.vite/deps/react-dom_client.js?v=9e5c15c8:16192:20
renderWithHooks@http://[::1]:5173/node_modules/.vite/deps/react-dom_client.js?v=9e5c15c8:4306:42
updateForwardRef@http://[::1]:5173/node_modules/.vite/deps/react-dom_client.js?v=9e5c15c8:5813:21
beginWork@http://[::1]:5173/node_modules/.vite/deps/react-dom_client.js?v=9e5c15c8:7244:20
runWithFiberInDEV@http://[::1]:5173/node_modules/.vite/deps/react-dom_client.js?v=9e5c15c8:726:18
performUnitOfWork@http://[::1]:5173/node_modules/.vite/deps/react-dom_client.js?v=9e5c15c8:10831:98
workLoopSync@http://[::1]:5173/node_modules/.vite/deps/react-dom_client.js?v=9e5c15c8:10692:60
renderRootSync@http://[::1]:5173/node_modules/.vite/deps/react-dom_client.js?v=9e5c15c8:10675:13
performWorkOnRoot@http://[::1]:5173/node_modules/.vite/deps/react-dom_client.js?v=9e5c15c8:10323:46
performWorkOnRootViaSchedulerTask@http://[::1]:5173/node_modules/.vite/deps/react-dom_client.js?v=9e5c15c8:11436:26
performWorkUntilDeadline@http://[::1]:5173/node_modules/.vite/deps/react-dom_client.js?v=9e5c15c8:35:58 {"url":"http://localhost:8000/","user_agent":"Mozilla/5.0 (Windows NT 10.0; Win64; x64; rv:155.0) Gecko/20100101 Firefox/155.0","timestamp":"2026-09-14T01:22:38.644Z"} 
[2026-09-14 01:22:38] local.WARNING: %s

%s An error occurred in the <InertiaLink> component. Consider adding an error boundary to your tree to customize error handling behavior.
Visit https://react.dev/link/error-boundaries to learn more about error boundaries. {"url":"http://localhost:8000/","user_agent":"Mozilla/5.0 (Windows NT 10.0; Win64; x64; rv:155.0) Gecko/20100101 Firefox/155.0","timestamp":"2026-09-14T01:22:38.644Z"} 
[2026-09-14 01:22:42] local.DEBUG: [vite] hot updated: /resources/js/components/ecovolts/footer.tsx {"url":"http://localhost:8000/","user_agent":"Mozilla/5.0 (Windows NT 10.0; Win64; x64; rv:155.0) Gecko/20100101 Firefox/155.0","timestamp":"2026-09-14T01:22:42.264Z"} 
[2026-09-14 01:22:42] local.DEBUG: [vite] hot updated: /resources/css/app.css {"url":"http://localhost:8000/","user_agent":"Mozilla/5.0 (Windows NT 10.0; Win64; x64; rv:155.0) Gecko/20100101 Firefox/155.0","timestamp":"2026-09-14T01:22:42.264Z"} 
[2026-09-14 01:22:42] local.ERROR: Encountered two children with the same key, `%s`. Keys should be unique so that components maintain their identity across updates. Non-unique keys may cause children to be duplicated and/or omitted — the behavior is unsupported and could change in a future version. null {"url":"http://localhost:8000/","user_agent":"Mozilla/5.0 (Windows NT 10.0; Win64; x64; rv:155.0) Gecko/20100101 Firefox/155.0","timestamp":"2026-09-14T01:22:42.289Z"} 
[2026-09-14 01:22:42] local.ERROR: Encountered two children with the same key, `%s`. Keys should be unique so that components maintain their identity across updates. Non-unique keys may cause children to be duplicated and/or omitted — the behavior is unsupported and could change in a future version. null {"url":"http://localhost:8000/","user_agent":"Mozilla/5.0 (Windows NT 10.0; Win64; x64; rv:155.0) Gecko/20100101 Firefox/155.0","timestamp":"2026-09-14T01:22:42.289Z"} 
[2026-09-14 01:22:42] local.ERROR: Encountered two children with the same key, `%s`. Keys should be unique so that components maintain their identity across updates. Non-unique keys may cause children to be duplicated and/or omitted — the behavior is unsupported and could change in a future version. null {"url":"http://localhost:8000/","user_agent":"Mozilla/5.0 (Windows NT 10.0; Win64; x64; rv:155.0) Gecko/20100101 Firefox/155.0","timestamp":"2026-09-14T01:22:42.300Z"} 
[2026-09-14 01:22:42] local.ERROR: Encountered two children with the same key, `%s`. Keys should be unique so that components maintain their identity across updates. Non-unique keys may cause children to be duplicated and/or omitted — the behavior is unsupported and could change in a future version. null {"url":"http://localhost:8000/","user_agent":"Mozilla/5.0 (Windows NT 10.0; Win64; x64; rv:155.0) Gecko/20100101 Firefox/155.0","timestamp":"2026-09-14T01:22:42.300Z"} 
[2026-09-14 01:23:03] local.DEBUG: [vite] hot updated: /resources/js/components/ecovolts/footer.tsx {"url":"http://localhost:8000/","user_agent":"Mozilla/5.0 (Windows NT 10.0; Win64; x64; rv:155.0) Gecko/20100101 Firefox/155.0","timestamp":"2026-09-14T01:23:02.995Z"} 
[2026-09-14 01:23:03] local.DEBUG: [vite] hot updated: /resources/css/app.css {"url":"http://localhost:8000/","user_agent":"Mozilla/5.0 (Windows NT 10.0; Win64; x64; rv:155.0) Gecko/20100101 Firefox/155.0","timestamp":"2026-09-14T01:23:02.995Z"} 
[2026-09-14 01:23:03] local.ERROR: Encountered two children with the same key, `%s`. Keys should be unique so that components maintain their identity across updates. Non-unique keys may cause children to be duplicated and/or omitted — the behavior is unsupported and could change in a future version. null {"url":"http://localhost:8000/","user_agent":"Mozilla/5.0 (Windows NT 10.0; Win64; x64; rv:155.0) Gecko/20100101 Firefox/155.0","timestamp":"2026-09-14T01:23:03.014Z"} 
[2026-09-14 01:23:03] local.ERROR: Encountered two children with the same key, `%s`. Keys should be unique so that components maintain their identity across updates. Non-unique keys may cause children to be duplicated and/or omitted — the behavior is unsupported and could change in a future version. null {"url":"http://localhost:8000/","user_agent":"Mozilla/5.0 (Windows NT 10.0; Win64; x64; rv:155.0) Gecko/20100101 Firefox/155.0","timestamp":"2026-09-14T01:23:03.014Z"} 
[2026-09-14 01:23:08] local.DEBUG: [vite] hot updated: /resources/js/components/ecovolts/footer.tsx {"url":"http://localhost:8000/","user_agent":"Mozilla/5.0 (Windows NT 10.0; Win64; x64; rv:155.0) Gecko/20100101 Firefox/155.0","timestamp":"2026-09-14T01:23:08.275Z"} 
[2026-09-14 01:23:08] local.DEBUG: [vite] hot updated: /resources/css/app.css {"url":"http://localhost:8000/","user_agent":"Mozilla/5.0 (Windows NT 10.0; Win64; x64; rv:155.0) Gecko/20100101 Firefox/155.0","timestamp":"2026-09-14T01:23:08.275Z"} 
[2026-09-14 01:23:08] local.ERROR: Encountered two children with the same key, `%s`. Keys should be unique so that components maintain their identity across updates. Non-unique keys may cause children to be duplicated and/or omitted — the behavior is unsupported and could change in a future version. null {"url":"http://localhost:8000/","user_agent":"Mozilla/5.0 (Windows NT 10.0; Win64; x64; rv:155.0) Gecko/20100101 Firefox/155.0","timestamp":"2026-09-14T01:23:08.292Z"} 
[2026-09-14 01:23:08] local.ERROR: Encountered two children with the same key, `%s`. Keys should be unique so that components maintain their identity across updates. Non-unique keys may cause children to be duplicated and/or omitted — the behavior is unsupported and could change in a future version. null {"url":"http://localhost:8000/","user_agent":"Mozilla/5.0 (Windows NT 10.0; Win64; x64; rv:155.0) Gecko/20100101 Firefox/155.0","timestamp":"2026-09-14T01:23:08.292Z"} 
[2026-09-14 01:23:08] local.ERROR: Encountered two children with the same key, `%s`. Keys should be unique so that components maintain their identity across updates. Non-unique keys may cause children to be duplicated and/or omitted — the behavior is unsupported and could change in a future version. null {"url":"http://localhost:8000/","user_agent":"Mozilla/5.0 (Windows NT 10.0; Win64; x64; rv:155.0) Gecko/20100101 Firefox/155.0","timestamp":"2026-09-14T01:23:08.293Z"} 
[2026-09-14 01:23:08] local.ERROR: Encountered two children with the same key, `%s`. Keys should be unique so that components maintain their identity across updates. Non-unique keys may cause children to be duplicated and/or omitted — the behavior is unsupported and could change in a future version. null {"url":"http://localhost:8000/","user_agent":"Mozilla/5.0 (Windows NT 10.0; Win64; x64; rv:155.0) Gecko/20100101 Firefox/155.0","timestamp":"2026-09-14T01:23:08.293Z"} 
[2026-09-14 01:23:08] local.ERROR: TypeError: can't convert undefined to object http://localhost:8000/ 12 16673 TypeError can't convert undefined to object f.toString@http://localhost:8000/:12:16673
Te@http://[::1]:5173/node_modules/.vite/deps/@inertiajs_react.js?v=9e5c15c8:5877:33
le2<@http://[::1]:5173/node_modules/.vite/deps/@inertiajs_react.js?v=9e5c15c8:7049:19
react-stack-bottom-frame@http://[::1]:5173/node_modules/.vite/deps/react-dom_client.js?v=9e5c15c8:16192:20
renderWithHooks@http://[::1]:5173/node_modules/.vite/deps/react-dom_client.js?v=9e5c15c8:4306:42
updateForwardRef@http://[::1]:5173/node_modules/.vite/deps/react-dom_client.js?v=9e5c15c8:5813:21
beginWork@http://[::1]:5173/node_modules/.vite/deps/react-dom_client.js?v=9e5c15c8:7244:20
runWithFiberInDEV@http://[::1]:5173/node_modules/.vite/deps/react-dom_client.js?v=9e5c15c8:726:18
performUnitOfWork@http://[::1]:5173/node_modules/.vite/deps/react-dom_client.js?v=9e5c15c8:10831:98
workLoopSync@http://[::1]:5173/node_modules/.vite/deps/react-dom_client.js?v=9e5c15c8:10692:60
renderRootSync@http://[::1]:5173/node_modules/.vite/deps/react-dom_client.js?v=9e5c15c8:10675:13
performWorkOnRoot@http://[::1]:5173/node_modules/.vite/deps/react-dom_client.js?v=9e5c15c8:10323:46
performSyncWorkOnRoot@http://[::1]:5173/node_modules/.vite/deps/react-dom_client.js?v=9e5c15c8:11448:26
flushSyncWorkAcrossRoots_impl@http://[::1]:5173/node_modules/.vite/deps/react-dom_client.js?v=9e5c15c8:11356:122
flushSyncWork$1@http://[::1]:5173/node_modules/.vite/deps/react-dom_client.js?v=9e5c15c8:10533:86
scheduleRefresh@http://[::1]:5173/node_modules/.vite/deps/react-dom_client.js?v=9e5c15c8:381:11
performReactRefresh/<@http://[::1]:5173/@react-refresh:188:21
performReactRefresh@http://[::1]:5173/@react-refresh:180:30
enqueueUpdate<@http://[::1]:5173/@react-refresh:474:11 {"url":"http://localhost:8000/","user_agent":"Mozilla/5.0 (Windows NT 10.0; Win64; x64; rv:155.0) Gecko/20100101 Firefox/155.0","timestamp":"2026-09-14T01:23:08.294Z"} 
[2026-09-14 01:23:08] local.ERROR: TypeError: can't convert undefined to object http://localhost:8000/ 12 16673 TypeError can't convert undefined to object f.toString@http://localhost:8000/:12:16673
Te@http://[::1]:5173/node_modules/.vite/deps/@inertiajs_react.js?v=9e5c15c8:5877:33
le2<@http://[::1]:5173/node_modules/.vite/deps/@inertiajs_react.js?v=9e5c15c8:7049:19
react-stack-bottom-frame@http://[::1]:5173/node_modules/.vite/deps/react-dom_client.js?v=9e5c15c8:16192:20
renderWithHooks@http://[::1]:5173/node_modules/.vite/deps/react-dom_client.js?v=9e5c15c8:4306:42
updateForwardRef@http://[::1]:5173/node_modules/.vite/deps/react-dom_client.js?v=9e5c15c8:5813:21
beginWork@http://[::1]:5173/node_modules/.vite/deps/react-dom_client.js?v=9e5c15c8:7244:20
runWithFiberInDEV@http://[::1]:5173/node_modules/.vite/deps/react-dom_client.js?v=9e5c15c8:726:18
performUnitOfWork@http://[::1]:5173/node_modules/.vite/deps/react-dom_client.js?v=9e5c15c8:10831:98
workLoopSync@http://[::1]:5173/node_modules/.vite/deps/react-dom_client.js?v=9e5c15c8:10692:60
renderRootSync@http://[::1]:5173/node_modules/.vite/deps/react-dom_client.js?v=9e5c15c8:10675:13
performWorkOnRoot@http://[::1]:5173/node_modules/.vite/deps/react-dom_client.js?v=9e5c15c8:10323:46
performSyncWorkOnRoot@http://[::1]:5173/node_modules/.vite/deps/react-dom_client.js?v=9e5c15c8:11448:26
flushSyncWorkAcrossRoots_impl@http://[::1]:5173/node_modules/.vite/deps/react-dom_client.js?v=9e5c15c8:11356:122
flushSyncWork$1@http://[::1]:5173/node_modules/.vite/deps/react-dom_client.js?v=9e5c15c8:10533:86
scheduleRefresh@http://[::1]:5173/node_modules/.vite/deps/react-dom_client.js?v=9e5c15c8:381:11
performReactRefresh/<@http://[::1]:5173/@react-refresh:188:21
performReactRefresh@http://[::1]:5173/@react-refresh:180:30
enqueueUpdate<@http://[::1]:5173/@react-refresh:474:11 {"url":"http://localhost:8000/","user_agent":"Mozilla/5.0 (Windows NT 10.0; Win64; x64; rv:155.0) Gecko/20100101 Firefox/155.0","timestamp":"2026-09-14T01:23:08.294Z"} 
[2026-09-14 01:23:08] local.WARNING: %s

%s An error occurred in the <InertiaLink> component. Consider adding an error boundary to your tree to customize error handling behavior.
Visit https://react.dev/link/error-boundaries to learn more about error boundaries. {"url":"http://localhost:8000/","user_agent":"Mozilla/5.0 (Windows NT 10.0; Win64; x64; rv:155.0) Gecko/20100101 Firefox/155.0","timestamp":"2026-09-14T01:23:08.294Z"} 
[2026-09-14 01:23:10] local.DEBUG: [vite] hot updated: /resources/js/components/ecovolts/footer.tsx {"url":"http://localhost:8000/","user_agent":"Mozilla/5.0 (Windows NT 10.0; Win64; x64; rv:155.0) Gecko/20100101 Firefox/155.0","timestamp":"2026-09-14T01:23:10.549Z"} 
[2026-09-14 01:23:10] local.DEBUG: [vite] hot updated: /resources/css/app.css {"url":"http://localhost:8000/","user_agent":"Mozilla/5.0 (Windows NT 10.0; Win64; x64; rv:155.0) Gecko/20100101 Firefox/155.0","timestamp":"2026-09-14T01:23:10.549Z"} 
[2026-09-14 01:23:10] local.ERROR: Encountered two children with the same key, `%s`. Keys should be unique so that components maintain their identity across updates. Non-unique keys may cause children to be duplicated and/or omitted — the behavior is unsupported and could change in a future version. null {"url":"http://localhost:8000/","user_agent":"Mozilla/5.0 (Windows NT 10.0; Win64; x64; rv:155.0) Gecko/20100101 Firefox/155.0","timestamp":"2026-09-14T01:23:10.570Z"} 
[2026-09-14 01:23:10] local.ERROR: Encountered two children with the same key, `%s`. Keys should be unique so that components maintain their identity across updates. Non-unique keys may cause children to be duplicated and/or omitted — the behavior is unsupported and could change in a future version. null {"url":"http://localhost:8000/","user_agent":"Mozilla/5.0 (Windows NT 10.0; Win64; x64; rv:155.0) Gecko/20100101 Firefox/155.0","timestamp":"2026-09-14T01:23:10.570Z"} 
[2026-09-14 01:23:10] local.ERROR: Encountered two children with the same key, `%s`. Keys should be unique so that components maintain their identity across updates. Non-unique keys may cause children to be duplicated and/or omitted — the behavior is unsupported and could change in a future version. null {"url":"http://localhost:8000/","user_agent":"Mozilla/5.0 (Windows NT 10.0; Win64; x64; rv:155.0) Gecko/20100101 Firefox/155.0","timestamp":"2026-09-14T01:23:10.579Z"} 
[2026-09-14 01:23:10] local.ERROR: Encountered two children with the same key, `%s`. Keys should be unique so that components maintain their identity across updates. Non-unique keys may cause children to be duplicated and/or omitted — the behavior is unsupported and could change in a future version. null {"url":"http://localhost:8000/","user_agent":"Mozilla/5.0 (Windows NT 10.0; Win64; x64; rv:155.0) Gecko/20100101 Firefox/155.0","timestamp":"2026-09-14T01:23:10.579Z"} 
[2026-09-14 01:23:15] local.DEBUG: [vite] hot updated: /resources/js/components/ecovolts/footer.tsx {"url":"http://localhost:8000/","user_agent":"Mozilla/5.0 (Windows NT 10.0; Win64; x64; rv:155.0) Gecko/20100101 Firefox/155.0","timestamp":"2026-09-14T01:23:15.522Z"} 
[2026-09-14 01:23:15] local.DEBUG: [vite] hot updated: /resources/css/app.css {"url":"http://localhost:8000/","user_agent":"Mozilla/5.0 (Windows NT 10.0; Win64; x64; rv:155.0) Gecko/20100101 Firefox/155.0","timestamp":"2026-09-14T01:23:15.522Z"} 
[2026-09-14 01:23:15] local.ERROR: Encountered two children with the same key, `%s`. Keys should be unique so that components maintain their identity across updates. Non-unique keys may cause children to be duplicated and/or omitted — the behavior is unsupported and could change in a future version. null {"url":"http://localhost:8000/","user_agent":"Mozilla/5.0 (Windows NT 10.0; Win64; x64; rv:155.0) Gecko/20100101 Firefox/155.0","timestamp":"2026-09-14T01:23:15.539Z"} 
[2026-09-14 01:23:15] local.ERROR: Encountered two children with the same key, `%s`. Keys should be unique so that components maintain their identity across updates. Non-unique keys may cause children to be duplicated and/or omitted — the behavior is unsupported and could change in a future version. null {"url":"http://localhost:8000/","user_agent":"Mozilla/5.0 (Windows NT 10.0; Win64; x64; rv:155.0) Gecko/20100101 Firefox/155.0","timestamp":"2026-09-14T01:23:15.539Z"} 
[2026-09-14 01:23:19] local.ERROR: Encountered two children with the same key, `%s`. Keys should be unique so that components maintain their identity across updates. Non-unique keys may cause children to be duplicated and/or omitted — the behavior is unsupported and could change in a future version. null {"url":"http://localhost:8000/","user_agent":"Mozilla/5.0 (Windows NT 10.0; Win64; x64; rv:155.0) Gecko/20100101 Firefox/155.0","timestamp":"2026-09-14T01:23:18.838Z"} 
[2026-09-14 01:23:19] local.ERROR: Encountered two children with the same key, `%s`. Keys should be unique so that components maintain their identity across updates. Non-unique keys may cause children to be duplicated and/or omitted — the behavior is unsupported and could change in a future version. null {"url":"http://localhost:8000/","user_agent":"Mozilla/5.0 (Windows NT 10.0; Win64; x64; rv:155.0) Gecko/20100101 Firefox/155.0","timestamp":"2026-09-14T01:23:18.838Z"} 
[2026-09-14 01:23:38] local.DEBUG: [vite] hot updated: /resources/js/components/ecovolts/footer.tsx {"url":"http://localhost:8000/","user_agent":"Mozilla/5.0 (Windows NT 10.0; Win64; x64; rv:155.0) Gecko/20100101 Firefox/155.0","timestamp":"2026-09-14T01:23:38.677Z"} 
[2026-09-14 01:23:38] local.DEBUG: [vite] hot updated: /resources/css/app.css {"url":"http://localhost:8000/","user_agent":"Mozilla/5.0 (Windows NT 10.0; Win64; x64; rv:155.0) Gecko/20100101 Firefox/155.0","timestamp":"2026-09-14T01:23:38.677Z"} 
[2026-09-14 01:23:38] local.ERROR: Encountered two children with the same key, `%s`. Keys should be unique so that components maintain their identity across updates. Non-unique keys may cause children to be duplicated and/or omitted — the behavior is unsupported and could change in a future version. null {"url":"http://localhost:8000/","user_agent":"Mozilla/5.0 (Windows NT 10.0; Win64; x64; rv:155.0) Gecko/20100101 Firefox/155.0","timestamp":"2026-09-14T01:23:38.695Z"} 
[2026-09-14 01:23:38] local.ERROR: Encountered two children with the same key, `%s`. Keys should be unique so that components maintain their identity across updates. Non-unique keys may cause children to be duplicated and/or omitted — the behavior is unsupported and could change in a future version. null {"url":"http://localhost:8000/","user_agent":"Mozilla/5.0 (Windows NT 10.0; Win64; x64; rv:155.0) Gecko/20100101 Firefox/155.0","timestamp":"2026-09-14T01:23:38.695Z"} 
[2026-09-14 01:24:33] local.DEBUG: [vite] hot updated: /resources/js/components/ecovolts/footer.tsx {"url":"http://localhost:8000/","user_agent":"Mozilla/5.0 (Windows NT 10.0; Win64; x64; rv:155.0) Gecko/20100101 Firefox/155.0","timestamp":"2026-09-14T01:24:33.348Z"} 
[2026-09-14 01:24:33] local.DEBUG: [vite] hot updated: /resources/css/app.css {"url":"http://localhost:8000/","user_agent":"Mozilla/5.0 (Windows NT 10.0; Win64; x64; rv:155.0) Gecko/20100101 Firefox/155.0","timestamp":"2026-09-14T01:24:33.348Z"} 
[2026-09-14 01:24:33] local.ERROR: Encountered two children with the same key, `%s`. Keys should be unique so that components maintain their identity across updates. Non-unique keys may cause children to be duplicated and/or omitted — the behavior is unsupported and could change in a future version. null {"url":"http://localhost:8000/","user_agent":"Mozilla/5.0 (Windows NT 10.0; Win64; x64; rv:155.0) Gecko/20100101 Firefox/155.0","timestamp":"2026-09-14T01:24:33.366Z"} 
[2026-09-14 01:24:33] local.ERROR: Encountered two children with the same key, `%s`. Keys should be unique so that components maintain their identity across updates. Non-unique keys may cause children to be duplicated and/or omitted — the behavior is unsupported and could change in a future version. null {"url":"http://localhost:8000/","user_agent":"Mozilla/5.0 (Windows NT 10.0; Win64; x64; rv:155.0) Gecko/20100101 Firefox/155.0","timestamp":"2026-09-14T01:24:33.366Z"} 
[2026-09-14 01:24:46] local.DEBUG: [vite] hot updated: /resources/js/components/ecovolts/footer.tsx {"url":"http://localhost:8000/","user_agent":"Mozilla/5.0 (Windows NT 10.0; Win64; x64; rv:155.0) Gecko/20100101 Firefox/155.0","timestamp":"2026-09-14T01:24:46.579Z"} 
[2026-09-14 01:24:46] local.DEBUG: [vite] hot updated: /resources/css/app.css {"url":"http://localhost:8000/","user_agent":"Mozilla/5.0 (Windows NT 10.0; Win64; x64; rv:155.0) Gecko/20100101 Firefox/155.0","timestamp":"2026-09-14T01:24:46.580Z"} 
[2026-09-14 01:24:46] local.ERROR: Encountered two children with the same key, `%s`. Keys should be unique so that components maintain their identity across updates. Non-unique keys may cause children to be duplicated and/or omitted — the behavior is unsupported and could change in a future version. null {"url":"http://localhost:8000/","user_agent":"Mozilla/5.0 (Windows NT 10.0; Win64; x64; rv:155.0) Gecko/20100101 Firefox/155.0","timestamp":"2026-09-14T01:24:46.598Z"} 
[2026-09-14 01:24:46] local.ERROR: Encountered two children with the same key, `%s`. Keys should be unique so that components maintain their identity across updates. Non-unique keys may cause children to be duplicated and/or omitted — the behavior is unsupported and could change in a future version. null {"url":"http://localhost:8000/","user_agent":"Mozilla/5.0 (Windows NT 10.0; Win64; x64; rv:155.0) Gecko/20100101 Firefox/155.0","timestamp":"2026-09-14T01:24:46.598Z"} 
[2026-09-14 01:24:54] local.DEBUG: [vite] hot updated: /resources/js/components/ecovolts/footer.tsx {"url":"http://localhost:8000/","user_agent":"Mozilla/5.0 (Windows NT 10.0; Win64; x64; rv:155.0) Gecko/20100101 Firefox/155.0","timestamp":"2026-09-14T01:24:54.475Z"} 
[2026-09-14 01:24:54] local.DEBUG: [vite] hot updated: /resources/css/app.css {"url":"http://localhost:8000/","user_agent":"Mozilla/5.0 (Windows NT 10.0; Win64; x64; rv:155.0) Gecko/20100101 Firefox/155.0","timestamp":"2026-09-14T01:24:54.475Z"} 
[2026-09-14 01:24:54] local.ERROR: Encountered two children with the same key, `%s`. Keys should be unique so that components maintain their identity across updates. Non-unique keys may cause children to be duplicated and/or omitted — the behavior is unsupported and could change in a future version. null {"url":"http://localhost:8000/","user_agent":"Mozilla/5.0 (Windows NT 10.0; Win64; x64; rv:155.0) Gecko/20100101 Firefox/155.0","timestamp":"2026-09-14T01:24:54.493Z"} 
[2026-09-14 01:24:54] local.ERROR: Encountered two children with the same key, `%s`. Keys should be unique so that components maintain their identity across updates. Non-unique keys may cause children to be duplicated and/or omitted — the behavior is unsupported and could change in a future version. null {"url":"http://localhost:8000/","user_agent":"Mozilla/5.0 (Windows NT 10.0; Win64; x64; rv:155.0) Gecko/20100101 Firefox/155.0","timestamp":"2026-09-14T01:24:54.493Z"} 
[2026-09-14 01:25:21] local.DEBUG: [vite] hot updated: /resources/js/components/ecovolts/footer.tsx {"url":"http://localhost:8000/","user_agent":"Mozilla/5.0 (Windows NT 10.0; Win64; x64; rv:155.0) Gecko/20100101 Firefox/155.0","timestamp":"2026-09-14T01:25:21.097Z"} 
[2026-09-14 01:25:21] local.DEBUG: [vite] hot updated: /resources/css/app.css {"url":"http://localhost:8000/","user_agent":"Mozilla/5.0 (Windows NT 10.0; Win64; x64; rv:155.0) Gecko/20100101 Firefox/155.0","timestamp":"2026-09-14T01:25:21.097Z"} 
[2026-09-14 01:25:21] local.ERROR: Encountered two children with the same key, `%s`. Keys should be unique so that components maintain their identity across updates. Non-unique keys may cause children to be duplicated and/or omitted — the behavior is unsupported and could change in a future version. null {"url":"http://localhost:8000/","user_agent":"Mozilla/5.0 (Windows NT 10.0; Win64; x64; rv:155.0) Gecko/20100101 Firefox/155.0","timestamp":"2026-09-14T01:25:21.113Z"} 
[2026-09-14 01:25:21] local.ERROR: Encountered two children with the same key, `%s`. Keys should be unique so that components maintain their identity across updates. Non-unique keys may cause children to be duplicated and/or omitted — the behavior is unsupported and could change in a future version. null {"url":"http://localhost:8000/","user_agent":"Mozilla/5.0 (Windows NT 10.0; Win64; x64; rv:155.0) Gecko/20100101 Firefox/155.0","timestamp":"2026-09-14T01:25:21.113Z"} 
[2026-09-14 01:25:25] local.DEBUG: [vite] hot updated: /resources/js/components/ecovolts/footer.tsx {"url":"http://localhost:8000/","user_agent":"Mozilla/5.0 (Windows NT 10.0; Win64; x64; rv:155.0) Gecko/20100101 Firefox/155.0","timestamp":"2026-09-14T01:25:25.527Z"} 
[2026-09-14 01:25:25] local.DEBUG: [vite] hot updated: /resources/css/app.css {"url":"http://localhost:8000/","user_agent":"Mozilla/5.0 (Windows NT 10.0; Win64; x64; rv:155.0) Gecko/20100101 Firefox/155.0","timestamp":"2026-09-14T01:25:25.527Z"} 
[2026-09-14 01:25:25] local.ERROR: Encountered two children with the same key, `%s`. Keys should be unique so that components maintain their identity across updates. Non-unique keys may cause children to be duplicated and/or omitted — the behavior is unsupported and could change in a future version. null {"url":"http://localhost:8000/","user_agent":"Mozilla/5.0 (Windows NT 10.0; Win64; x64; rv:155.0) Gecko/20100101 Firefox/155.0","timestamp":"2026-09-14T01:25:25.544Z"} 
[2026-09-14 01:25:25] local.ERROR: Encountered two children with the same key, `%s`. Keys should be unique so that components maintain their identity across updates. Non-unique keys may cause children to be duplicated and/or omitted — the behavior is unsupported and could change in a future version. null {"url":"http://localhost:8000/","user_agent":"Mozilla/5.0 (Windows NT 10.0; Win64; x64; rv:155.0) Gecko/20100101 Firefox/155.0","timestamp":"2026-09-14T01:25:25.544Z"} 
[2026-09-14 01:25:39] local.DEBUG: [vite] hot updated: /resources/js/components/ecovolts/footer.tsx {"url":"http://localhost:8000/","user_agent":"Mozilla/5.0 (Windows NT 10.0; Win64; x64; rv:155.0) Gecko/20100101 Firefox/155.0","timestamp":"2026-09-14T01:25:39.186Z"} 
[2026-09-14 01:25:39] local.DEBUG: [vite] hot updated: /resources/css/app.css {"url":"http://localhost:8000/","user_agent":"Mozilla/5.0 (Windows NT 10.0; Win64; x64; rv:155.0) Gecko/20100101 Firefox/155.0","timestamp":"2026-09-14T01:25:39.186Z"} 
[2026-09-14 01:25:39] local.ERROR: Encountered two children with the same key, `%s`. Keys should be unique so that components maintain their identity across updates. Non-unique keys may cause children to be duplicated and/or omitted — the behavior is unsupported and could change in a future version. null {"url":"http://localhost:8000/","user_agent":"Mozilla/5.0 (Windows NT 10.0; Win64; x64; rv:155.0) Gecko/20100101 Firefox/155.0","timestamp":"2026-09-14T01:25:39.203Z"} 
[2026-09-14 01:25:39] local.ERROR: Encountered two children with the same key, `%s`. Keys should be unique so that components maintain their identity across updates. Non-unique keys may cause children to be duplicated and/or omitted — the behavior is unsupported and could change in a future version. null {"url":"http://localhost:8000/","user_agent":"Mozilla/5.0 (Windows NT 10.0; Win64; x64; rv:155.0) Gecko/20100101 Firefox/155.0","timestamp":"2026-09-14T01:25:39.203Z"} 
[2026-09-14 01:25:46] local.DEBUG: [vite] hot updated: /resources/js/components/ecovolts/footer.tsx {"url":"http://localhost:8000/","user_agent":"Mozilla/5.0 (Windows NT 10.0; Win64; x64; rv:155.0) Gecko/20100101 Firefox/155.0","timestamp":"2026-09-14T01:25:46.645Z"} 
[2026-09-14 01:25:46] local.DEBUG: [vite] hot updated: /resources/css/app.css {"url":"http://localhost:8000/","user_agent":"Mozilla/5.0 (Windows NT 10.0; Win64; x64; rv:155.0) Gecko/20100101 Firefox/155.0","timestamp":"2026-09-14T01:25:46.645Z"} 
[2026-09-14 01:25:46] local.ERROR: Encountered two children with the same key, `%s`. Keys should be unique so that components maintain their identity across updates. Non-unique keys may cause children to be duplicated and/or omitted — the behavior is unsupported and could change in a future version. null {"url":"http://localhost:8000/","user_agent":"Mozilla/5.0 (Windows NT 10.0; Win64; x64; rv:155.0) Gecko/20100101 Firefox/155.0","timestamp":"2026-09-14T01:25:46.661Z"} 
[2026-09-14 01:25:46] local.ERROR: Encountered two children with the same key, `%s`. Keys should be unique so that components maintain their identity across updates. Non-unique keys may cause children to be duplicated and/or omitted — the behavior is unsupported and could change in a future version. null {"url":"http://localhost:8000/","user_agent":"Mozilla/5.0 (Windows NT 10.0; Win64; x64; rv:155.0) Gecko/20100101 Firefox/155.0","timestamp":"2026-09-14T01:25:46.661Z"} 
[2026-09-14 01:27:29] local.DEBUG: [vite] hot updated: /resources/js/components/ecovolts/footer.tsx {"url":"http://localhost:8000/","user_agent":"Mozilla/5.0 (Windows NT 10.0; Win64; x64; rv:155.0) Gecko/20100101 Firefox/155.0","timestamp":"2026-09-14T01:27:29.660Z"} 
[2026-09-14 01:27:29] local.DEBUG: [vite] hot updated: /resources/css/app.css {"url":"http://localhost:8000/","user_agent":"Mozilla/5.0 (Windows NT 10.0; Win64; x64; rv:155.0) Gecko/20100101 Firefox/155.0","timestamp":"2026-09-14T01:27:29.660Z"} 
[2026-09-14 01:27:29] local.ERROR: Encountered two children with the same key, `%s`. Keys should be unique so that components maintain their identity across updates. Non-unique keys may cause children to be duplicated and/or omitted — the behavior is unsupported and could change in a future version. null {"url":"http://localhost:8000/","user_agent":"Mozilla/5.0 (Windows NT 10.0; Win64; x64; rv:155.0) Gecko/20100101 Firefox/155.0","timestamp":"2026-09-14T01:27:29.678Z"} 
[2026-09-14 01:27:29] local.ERROR: Encountered two children with the same key, `%s`. Keys should be unique so that components maintain their identity across updates. Non-unique keys may cause children to be duplicated and/or omitted — the behavior is unsupported and could change in a future version. null {"url":"http://localhost:8000/","user_agent":"Mozilla/5.0 (Windows NT 10.0; Win64; x64; rv:155.0) Gecko/20100101 Firefox/155.0","timestamp":"2026-09-14T01:27:29.678Z"} 
[2026-09-14 01:27:34] local.DEBUG: [vite] hot updated: /resources/js/components/ecovolts/footer.tsx {"url":"http://localhost:8000/","user_agent":"Mozilla/5.0 (Windows NT 10.0; Win64; x64; rv:155.0) Gecko/20100101 Firefox/155.0","timestamp":"2026-09-14T01:27:34.189Z"} 
[2026-09-14 01:27:34] local.DEBUG: [vite] hot updated: /resources/css/app.css {"url":"http://localhost:8000/","user_agent":"Mozilla/5.0 (Windows NT 10.0; Win64; x64; rv:155.0) Gecko/20100101 Firefox/155.0","timestamp":"2026-09-14T01:27:34.189Z"} 
[2026-09-14 01:27:34] local.ERROR: Encountered two children with the same key, `%s`. Keys should be unique so that components maintain their identity across updates. Non-unique keys may cause children to be duplicated and/or omitted — the behavior is unsupported and could change in a future version. null {"url":"http://localhost:8000/","user_agent":"Mozilla/5.0 (Windows NT 10.0; Win64; x64; rv:155.0) Gecko/20100101 Firefox/155.0","timestamp":"2026-09-14T01:27:34.206Z"} 
[2026-09-14 01:27:34] local.ERROR: Encountered two children with the same key, `%s`. Keys should be unique so that components maintain their identity across updates. Non-unique keys may cause children to be duplicated and/or omitted — the behavior is unsupported and could change in a future version. null {"url":"http://localhost:8000/","user_agent":"Mozilla/5.0 (Windows NT 10.0; Win64; x64; rv:155.0) Gecko/20100101 Firefox/155.0","timestamp":"2026-09-14T01:27:34.206Z"} 
[2026-09-14 01:28:08] local.DEBUG: [vite] hot updated: /resources/js/components/ecovolts/footer.tsx {"url":"http://localhost:8000/","user_agent":"Mozilla/5.0 (Windows NT 10.0; Win64; x64; rv:155.0) Gecko/20100101 Firefox/155.0","timestamp":"2026-09-14T01:28:08.120Z"} 
[2026-09-14 01:28:08] local.DEBUG: [vite] hot updated: /resources/css/app.css {"url":"http://localhost:8000/","user_agent":"Mozilla/5.0 (Windows NT 10.0; Win64; x64; rv:155.0) Gecko/20100101 Firefox/155.0","timestamp":"2026-09-14T01:28:08.121Z"} 
[2026-09-14 01:28:10] local.DEBUG: [vite] connecting... {"url":"http://localhost:8000/","user_agent":"Mozilla/5.0 (Windows NT 10.0; Win64; x64; rv:155.0) Gecko/20100101 Firefox/155.0","timestamp":"2026-09-14T01:28:10.205Z"} 
[2026-09-14 01:28:10] local.INFO: %cDownload the React DevTools for a better development experience: https://react.dev/link/react-devtools font-weight:bold {"url":"http://localhost:8000/","user_agent":"Mozilla/5.0 (Windows NT 10.0; Win64; x64; rv:155.0) Gecko/20100101 Firefox/155.0","timestamp":"2026-09-14T01:28:10.219Z"} 
[2026-09-14 01:28:10] local.DEBUG: [vite] connected. {"url":"http://localhost:8000/","user_agent":"Mozilla/5.0 (Windows NT 10.0; Win64; x64; rv:155.0) Gecko/20100101 Firefox/155.0","timestamp":"2026-09-14T01:28:10.236Z"} 
[2026-09-14 01:28:10] local.ERROR: Each child in a list should have a unique "key" prop.%s%s See https://react.dev/link/warning-keys for more information. Check the render method of `Welcome`. null {"url":"http://localhost:8000/","user_agent":"Mozilla/5.0 (Windows NT 10.0; Win64; x64; rv:155.0) Gecko/20100101 Firefox/155.0","timestamp":"2026-09-14T01:28:10.306Z"} 
[2026-09-14 01:28:10] local.ERROR: Each child in a list should have a unique "key" prop.%s%s See https://react.dev/link/warning-keys for more information. Check the render method of `Footer`. null {"url":"http://localhost:8000/","user_agent":"Mozilla/5.0 (Windows NT 10.0; Win64; x64; rv:155.0) Gecko/20100101 Firefox/155.0","timestamp":"2026-09-14T01:28:10.312Z"} 
[2026-09-14 01:32:32] local.DEBUG: [vite] connecting... {"url":"http://localhost:8000/","user_agent":"Mozilla/5.0 (Windows NT 10.0; Win64; x64; rv:155.0) Gecko/20100101 Firefox/155.0","timestamp":"2026-09-14T01:32:31.673Z"} 
[2026-09-14 01:32:32] local.DEBUG: [vite] connected. {"url":"http://localhost:8000/","user_agent":"Mozilla/5.0 (Windows NT 10.0; Win64; x64; rv:155.0) Gecko/20100101 Firefox/155.0","timestamp":"2026-09-14T01:32:31.684Z"} 
[2026-09-14 01:32:32] local.INFO: %cDownload the React DevTools for a better development experience: https://react.dev/link/react-devtools font-weight:bold {"url":"http://localhost:8000/","user_agent":"Mozilla/5.0 (Windows NT 10.0; Win64; x64; rv:155.0) Gecko/20100101 Firefox/155.0","timestamp":"2026-09-14T01:32:31.688Z"} 
[2026-09-14 01:32:32] local.ERROR: Each child in a list should have a unique "key" prop.%s%s See https://react.dev/link/warning-keys for more information. Check the render method of `Welcome`. null {"url":"http://localhost:8000/","user_agent":"Mozilla/5.0 (Windows NT 10.0; Win64; x64; rv:155.0) Gecko/20100101 Firefox/155.0","timestamp":"2026-09-14T01:32:31.766Z"} 
[2026-09-14 01:32:32] local.ERROR: Each child in a list should have a unique "key" prop.%s%s See https://react.dev/link/warning-keys for more information. Check the render method of `Footer`. null {"url":"http://localhost:8000/","user_agent":"Mozilla/5.0 (Windows NT 10.0; Win64; x64; rv:155.0) Gecko/20100101 Firefox/155.0","timestamp":"2026-09-14T01:32:31.772Z"} 
[2026-09-16 22:27:17] local.DEBUG: [vite] connecting... {"url":"http://localhost:8000/","user_agent":"Mozilla/5.0 (Windows NT 10.0; Win64; x64; rv:155.0) Gecko/20100101 Firefox/155.0","timestamp":"2026-09-16T22:27:17.017Z"} 
[2026-09-16 22:27:17] local.DEBUG: [vite] connected. {"url":"http://localhost:8000/","user_agent":"Mozilla/5.0 (Windows NT 10.0; Win64; x64; rv:155.0) Gecko/20100101 Firefox/155.0","timestamp":"2026-09-16T22:27:17.023Z"} 
[2026-09-16 22:27:21] local.INFO: %cDownload the React DevTools for a better development experience: https://react.dev/link/react-devtools font-weight:bold {"url":"http://localhost:8000/","user_agent":"Mozilla/5.0 (Windows NT 10.0; Win64; x64; rv:155.0) Gecko/20100101 Firefox/155.0","timestamp":"2026-09-16T22:27:21.584Z"} 
[2026-09-16 22:27:21] local.ERROR: Each child in a list should have a unique "key" prop.%s%s See https://react.dev/link/warning-keys for more information. Check the render method of `Welcome`. null {"url":"http://localhost:8000/","user_agent":"Mozilla/5.0 (Windows NT 10.0; Win64; x64; rv:155.0) Gecko/20100101 Firefox/155.0","timestamp":"2026-09-16T22:27:21.632Z"} 
[2026-09-16 22:27:21] local.ERROR: Each child in a list should have a unique "key" prop.%s%s See https://react.dev/link/warning-keys for more information. Check the render method of `Footer`. null {"url":"http://localhost:8000/","user_agent":"Mozilla/5.0 (Windows NT 10.0; Win64; x64; rv:155.0) Gecko/20100101 Firefox/155.0","timestamp":"2026-09-16T22:27:21.641Z"} 
[2026-09-16 22:28:11] local.DEBUG: [vite] hot updated: /resources/js/pages/welcome.tsx {"url":"http://localhost:8000/","user_agent":"Mozilla/5.0 (Windows NT 10.0; Win64; x64; rv:155.0) Gecko/20100101 Firefox/155.0","timestamp":"2026-09-16T22:28:09.519Z"} 
[2026-09-16 22:28:11] local.DEBUG: [vite] hot updated: /resources/css/app.css {"url":"http://localhost:8000/","user_agent":"Mozilla/5.0 (Windows NT 10.0; Win64; x64; rv:155.0) Gecko/20100101 Firefox/155.0","timestamp":"2026-09-16T22:28:09.519Z"} 
[2026-09-16 22:28:11] local.DEBUG: [vite] hot updated: /resources/js/pages/welcome.tsx {"url":"http://localhost:8000/","user_agent":"Mozilla/5.0 (Windows NT 10.0; Win64; x64; rv:155.0) Gecko/20100101 Firefox/155.0","timestamp":"2026-09-16T22:28:09.525Z"} 
[2026-09-16 22:28:11] local.DEBUG: [vite] hot updated: /resources/css/app.css {"url":"http://localhost:8000/","user_agent":"Mozilla/5.0 (Windows NT 10.0; Win64; x64; rv:155.0) Gecko/20100101 Firefox/155.0","timestamp":"2026-09-16T22:28:09.525Z"} 
[2026-09-16 22:29:36] local.DEBUG: [vite] hot updated: /resources/js/pages/welcome.tsx {"url":"http://localhost:8000/","user_agent":"Mozilla/5.0 (Windows NT 10.0; Win64; x64; rv:155.0) Gecko/20100101 Firefox/155.0","timestamp":"2026-09-16T22:29:34.682Z"} 
[2026-09-16 22:29:36] local.DEBUG: [vite] hot updated: /resources/css/app.css {"url":"http://localhost:8000/","user_agent":"Mozilla/5.0 (Windows NT 10.0; Win64; x64; rv:155.0) Gecko/20100101 Firefox/155.0","timestamp":"2026-09-16T22:29:34.682Z"} 
