[2026-09-07 16:23:21] local.ERROR: The [pcntl] extension is required to run Pail. {"exception":"[object] (RuntimeException(code: 0): The [pcntl] extension is required to run Pail. at C:/Users/User/Documents/GitHub/EcoVolts/EcoVolts/vendor/laravel/pail/src/Guards/EnsurePcntlIsAvailable.php:15)
[stacktrace]
#0 C:/Users/User/Documents/GitHub/EcoVolts/EcoVolts/vendor/laravel/pail/src/Console/Commands/PailCommand.php(46): Laravel/Pail/Guards/EnsurePcntlIsAvailable::check()
#1 C:/Users/User/Documents/GitHub/EcoVolts/EcoVolts/vendor/laravel/framework/src/Illuminate/Container/BoundMethod.php(36): Laravel/Pail/Console/Commands/PailCommand->handle(Object(Laravel/Pail/ProcessFactory))
#2 C:/Users/User/Documents/GitHub/EcoVolts/EcoVolts/vendor/laravel/framework/src/Illuminate/Container/Util.php(43): Illuminate/Container/BoundMethod::Illuminate/Container/{closure}()
#3 C:/Users/User/Documents/GitHub/EcoVolts/EcoVolts/vendor/laravel/framework/src/Illuminate/Container/BoundMethod.php(96): Illuminate/Container/Util::unwrapIfClosure(Object(Closure))
#4 C:/Users/User/Documents/GitHub/EcoVolts/EcoVolts/vendor/laravel/framework/src/Illuminate/Container/BoundMethod.php(35): Illuminate/Container/BoundMethod::callBoundMethod(Object(Illuminate/Foundation/Application), Array, Object(Closure))
#5 C:/Users/User/Documents/GitHub/EcoVolts/EcoVolts/vendor/laravel/framework/src/Illuminate/Container/Container.php(799): Illuminate/Container/BoundMethod::call(Object(Illuminate/Foundation/Application), Array, Array, NULL)
#6 C:/Users/User/Documents/GitHub/EcoVolts/EcoVolts/vendor/laravel/framework/src/Illuminate/Console/Command.php(211): Illuminate/Container/Container->call(Array)
#7 C:/Users/User/Documents/GitHub/EcoVolts/EcoVolts/vendor/symfony/console/Command/Command.php(341): Illuminate/Console/Command->execute(Object(Symfony/Component/Console/Input/ArgvInput), Object(Illuminate/Console/OutputStyle))
#8 C:/Users/User/Documents/GitHub/EcoVolts/EcoVolts/vendor/laravel/framework/src/Illuminate/Console/Command.php(180): Symfony/Component/Console/Command/Command->run(Object(Symfony/Component/Console/Input/ArgvInput), Object(Illuminate/Console/OutputStyle))
#9 C:/Users/User/Documents/GitHub/EcoVolts/EcoVolts/vendor/symfony/console/Application.php(1117): Illuminate/Console/Command->run(Object(Symfony/Component/Console/Input/ArgvInput), Object(Symfony/Component/Console/Output/ConsoleOutput))
#10 C:/Users/User/Documents/GitHub/EcoVolts/EcoVolts/vendor/symfony/console/Application.php(356): Symfony/Component/Console/Application->doRunCommand(Object(Laravel/Pail/Console/Commands/PailCommand), Object(Symfony/Component/Console/Input/ArgvInput), Object(Symfony/Component/Console/Output/ConsoleOutput))
#11 C:/Users/User/Documents/GitHub/EcoVolts/EcoVolts/vendor/symfony/console/Application.php(195): Symfony/Component/Console/Application->doRun(Object(Symfony/Component/Console/Input/ArgvInput), Object(Symfony/Component/Console/Output/ConsoleOutput))
#12 C:/Users/User/Documents/GitHub/EcoVolts/EcoVolts/vendor/laravel/framework/src/Illuminate/Foundation/Console/Kernel.php(198): Symfony/Component/Console/Application->run(Object(Symfony/Component/Console/Input/ArgvInput), Object(Symfony/Component/Console/Output/ConsoleOutput))
#13 C:/Users/User/Documents/GitHub/EcoVolts/EcoVolts/vendor/laravel/framework/src/Illuminate/Foundation/Application.php(1235): Illuminate/Foundation/Console/Kernel->handle(Object(Symfony/Component/Console/Input/ArgvInput), Object(Symfony/Component/Console/Output/ConsoleOutput))
#14 C:/Users/User/Documents/GitHub/EcoVolts/EcoVolts/artisan(13): Illuminate/Foundation/Application->handleCommand(Object(Symfony/Component/Console/Input/ArgvInput))
#15 {main}
"} 
[2026-09-07 16:46:37] local.ERROR: The [pcntl] extension is required to run Pail. {"exception":"[object] (RuntimeException(code: 0): The [pcntl] extension is required to run Pail. at C:/Users/User/Documents/GitHub/EcoVolts/EcoVolts/vendor/laravel/pail/src/Guards/EnsurePcntlIsAvailable.php:15)
[stacktrace]
#0 C:/Users/User/Documents/GitHub/EcoVolts/EcoVolts/vendor/laravel/pail/src/Console/Commands/PailCommand.php(46): Laravel/Pail/Guards/EnsurePcntlIsAvailable::check()
#1 C:/Users/User/Documents/GitHub/EcoVolts/EcoVolts/vendor/laravel/framework/src/Illuminate/Container/BoundMethod.php(36): Laravel/Pail/Console/Commands/PailCommand->handle(Object(Laravel/Pail/ProcessFactory))
#2 C:/Users/User/Documents/GitHub/EcoVolts/EcoVolts/vendor/laravel/framework/src/Illuminate/Container/Util.php(43): Illuminate/Container/BoundMethod::Illuminate/Container/{closure}()
#3 C:/Users/User/Documents/GitHub/EcoVolts/EcoVolts/vendor/laravel/framework/src/Illuminate/Container/BoundMethod.php(96): Illuminate/Container/Util::unwrapIfClosure(Object(Closure))
#4 C:/Users/User/Documents/GitHub/EcoVolts/EcoVolts/vendor/laravel/framework/src/Illuminate/Container/BoundMethod.php(35): Illuminate/Container/BoundMethod::callBoundMethod(Object(Illuminate/Foundation/Application), Array, Object(Closure))
#5 C:/Users/User/Documents/GitHub/EcoVolts/EcoVolts/vendor/laravel/framework/src/Illuminate/Container/Container.php(799): Illuminate/Container/BoundMethod::call(Object(Illuminate/Foundation/Application), Array, Array, NULL)
#6 C:/Users/User/Documents/GitHub/EcoVolts/EcoVolts/vendor/laravel/framework/src/Illuminate/Console/Command.php(211): Illuminate/Container/Container->call(Array)
#7 C:/Users/User/Documents/GitHub/EcoVolts/EcoVolts/vendor/symfony/console/Command/Command.php(341): Illuminate/Console/Command->execute(Object(Symfony/Component/Console/Input/ArgvInput), Object(Illuminate/Console/OutputStyle))
#8 C:/Users/User/Documents/GitHub/EcoVolts/EcoVolts/vendor/laravel/framework/src/Illuminate/Console/Command.php(180): Symfony/Component/Console/Command/Command->run(Object(Symfony/Component/Console/Input/ArgvInput), Object(Illuminate/Console/OutputStyle))
#9 C:/Users/User/Documents/GitHub/EcoVolts/EcoVolts/vendor/symfony/console/Application.php(1117): Illuminate/Console/Command->run(Object(Symfony/Component/Console/Input/ArgvInput), Object(Symfony/Component/Console/Output/ConsoleOutput))
#10 C:/Users/User/Documents/GitHub/EcoVolts/EcoVolts/vendor/symfony/console/Application.php(356): Symfony/Component/Console/Application->doRunCommand(Object(Laravel/Pail/Console/Commands/PailCommand), Object(Symfony/Component/Console/Input/ArgvInput), Object(Symfony/Component/Console/Output/ConsoleOutput))
#11 C:/Users/User/Documents/GitHub/EcoVolts/EcoVolts/vendor/symfony/console/Application.php(195): Symfony/Component/Console/Application->doRun(Object(Symfony/Component/Console/Input/ArgvInput), Object(Symfony/Component/Console/Output/ConsoleOutput))
#12 C:/Users/User/Documents/GitHub/EcoVolts/EcoVolts/vendor/laravel/framework/src/Illuminate/Foundation/Console/Kernel.php(198): Symfony/Component/Console/Application->run(Object(Symfony/Component/Console/Input/ArgvInput), Object(Symfony/Component/Console/Output/ConsoleOutput))
#13 C:/Users/User/Documents/GitHub/EcoVolts/EcoVolts/vendor/laravel/framework/src/Illuminate/Foundation/Application.php(1235): Illuminate/Foundation/Console/Kernel->handle(Object(Symfony/Component/Console/Input/ArgvInput), Object(Symfony/Component/Console/Output/ConsoleOutput))
#14 C:/Users/User/Documents/GitHub/EcoVolts/EcoVolts/artisan(13): Illuminate/Foundation/Application->handleCommand(Object(Symfony/Component/Console/Input/ArgvInput))
#15 {main}
"} 
[2026-09-07 17:10:12] local.ERROR: The [pcntl] extension is required to run Pail. {"exception":"[object] (RuntimeException(code: 0): The [pcntl] extension is required to run Pail. at C:/Users/User/Documents/GitHub/EcoVolts/EcoVolts/vendor/laravel/pail/src/Guards/EnsurePcntlIsAvailable.php:15)
[stacktrace]
#0 C:/Users/User/Documents/GitHub/EcoVolts/EcoVolts/vendor/laravel/pail/src/Console/Commands/PailCommand.php(46): Laravel/Pail/Guards/EnsurePcntlIsAvailable::check()
#1 C:/Users/User/Documents/GitHub/EcoVolts/EcoVolts/vendor/laravel/framework/src/Illuminate/Container/BoundMethod.php(36): Laravel/Pail/Console/Commands/PailCommand->handle(Object(Laravel/Pail/ProcessFactory))
#2 C:/Users/User/Documents/GitHub/EcoVolts/EcoVolts/vendor/laravel/framework/src/Illuminate/Container/Util.php(43): Illuminate/Container/BoundMethod::Illuminate/Container/{closure}()
#3 C:/Users/User/Documents/GitHub/EcoVolts/EcoVolts/vendor/laravel/framework/src/Illuminate/Container/BoundMethod.php(96): Illuminate/Container/Util::unwrapIfClosure(Object(Closure))
#4 C:/Users/User/Documents/GitHub/EcoVolts/EcoVolts/vendor/laravel/framework/src/Illuminate/Container/BoundMethod.php(35): Illuminate/Container/BoundMethod::callBoundMethod(Object(Illuminate/Foundation/Application), Array, Object(Closure))
#5 C:/Users/User/Documents/GitHub/EcoVolts/EcoVolts/vendor/laravel/framework/src/Illuminate/Container/Container.php(799): Illuminate/Container/BoundMethod::call(Object(Illuminate/Foundation/Application), Array, Array, NULL)
#6 C:/Users/User/Documents/GitHub/EcoVolts/EcoVolts/vendor/laravel/framework/src/Illuminate/Console/Command.php(211): Illuminate/Container/Container->call(Array)
#7 C:/Users/User/Documents/GitHub/EcoVolts/EcoVolts/vendor/symfony/console/Command/Command.php(341): Illuminate/Console/Command->execute(Object(Symfony/Component/Console/Input/ArgvInput), Object(Illuminate/Console/OutputStyle))
#8 C:/Users/User/Documents/GitHub/EcoVolts/EcoVolts/vendor/laravel/framework/src/Illuminate/Console/Command.php(180): Symfony/Component/Console/Command/Command->run(Object(Symfony/Component/Console/Input/ArgvInput), Object(Illuminate/Console/OutputStyle))
#9 C:/Users/User/Documents/GitHub/EcoVolts/EcoVolts/vendor/symfony/console/Application.php(1117): Illuminate/Console/Command->run(Object(Symfony/Component/Console/Input/ArgvInput), Object(Symfony/Component/Console/Output/ConsoleOutput))
#10 C:/Users/User/Documents/GitHub/EcoVolts/EcoVolts/vendor/symfony/console/Application.php(356): Symfony/Component/Console/Application->doRunCommand(Object(Laravel/Pail/Console/Commands/PailCommand), Object(Symfony/Component/Console/Input/ArgvInput), Object(Symfony/Component/Console/Output/ConsoleOutput))
#11 C:/Users/User/Documents/GitHub/EcoVolts/EcoVolts/vendor/symfony/console/Application.php(195): Symfony/Component/Console/Application->doRun(Object(Symfony/Component/Console/Input/ArgvInput), Object(Symfony/Component/Console/Output/ConsoleOutput))
#12 C:/Users/User/Documents/GitHub/EcoVolts/EcoVolts/vendor/laravel/framework/src/Illuminate/Foundation/Console/Kernel.php(198): Symfony/Component/Console/Application->run(Object(Symfony/Component/Console/Input/ArgvInput), Object(Symfony/Component/Console/Output/ConsoleOutput))
#13 C:/Users/User/Documents/GitHub/EcoVolts/EcoVolts/vendor/laravel/framework/src/Illuminate/Foundation/Application.php(1235): Illuminate/Foundation/Console/Kernel->handle(Object(Symfony/Component/Console/Input/ArgvInput), Object(Symfony/Component/Console/Output/ConsoleOutput))
#14 C:/Users/User/Documents/GitHub/EcoVolts/EcoVolts/artisan(13): Illuminate/Foundation/Application->handleCommand(Object(Symfony/Component/Console/Input/ArgvInput))
#15 {main}
"} 
[2026-09-07 17:12:18] local.ERROR: The [pcntl] extension is required to run Pail. {"exception":"[object] (RuntimeException(code: 0): The [pcntl] extension is required to run Pail. at C:/Users/User/Documents/GitHub/EcoVolts/EcoVolts/vendor/laravel/pail/src/Guards/EnsurePcntlIsAvailable.php:15)
[stacktrace]
#0 C:/Users/User/Documents/GitHub/EcoVolts/EcoVolts/vendor/laravel/pail/src/Console/Commands/PailCommand.php(46): Laravel/Pail/Guards/EnsurePcntlIsAvailable::check()
#1 C:/Users/User/Documents/GitHub/EcoVolts/EcoVolts/vendor/laravel/framework/src/Illuminate/Container/BoundMethod.php(36): Laravel/Pail/Console/Commands/PailCommand->handle(Object(Laravel/Pail/ProcessFactory))
#2 C:/Users/User/Documents/GitHub/EcoVolts/EcoVolts/vendor/laravel/framework/src/Illuminate/Container/Util.php(43): Illuminate/Container/BoundMethod::Illuminate/Container/{closure}()
#3 C:/Users/User/Documents/GitHub/EcoVolts/EcoVolts/vendor/laravel/framework/src/Illuminate/Container/BoundMethod.php(96): Illuminate/Container/Util::unwrapIfClosure(Object(Closure))
#4 C:/Users/User/Documents/GitHub/EcoVolts/EcoVolts/vendor/laravel/framework/src/Illuminate/Container/BoundMethod.php(35): Illuminate/Container/BoundMethod::callBoundMethod(Object(Illuminate/Foundation/Application), Array, Object(Closure))
#5 C:/Users/User/Documents/GitHub/EcoVolts/EcoVolts/vendor/laravel/framework/src/Illuminate/Container/Container.php(799): Illuminate/Container/BoundMethod::call(Object(Illuminate/Foundation/Application), Array, Array, NULL)
#6 C:/Users/User/Documents/GitHub/EcoVolts/EcoVolts/vendor/laravel/framework/src/Illuminate/Console/Command.php(211): Illuminate/Container/Container->call(Array)
#7 C:/Users/User/Documents/GitHub/EcoVolts/EcoVolts/vendor/symfony/console/Command/Command.php(341): Illuminate/Console/Command->execute(Object(Symfony/Component/Console/Input/ArgvInput), Object(Illuminate/Console/OutputStyle))
#8 C:/Users/User/Documents/GitHub/EcoVolts/EcoVolts/vendor/laravel/framework/src/Illuminate/Console/Command.php(180): Symfony/Component/Console/Command/Command->run(Object(Symfony/Component/Console/Input/ArgvInput), Object(Illuminate/Console/OutputStyle))
#9 C:/Users/User/Documents/GitHub/EcoVolts/EcoVolts/vendor/symfony/console/Application.php(1117): Illuminate/Console/Command->run(Object(Symfony/Component/Console/Input/ArgvInput), Object(Symfony/Component/Console/Output/ConsoleOutput))
#10 C:/Users/User/Documents/GitHub/EcoVolts/EcoVolts/vendor/symfony/console/Application.php(356): Symfony/Component/Console/Application->doRunCommand(Object(Laravel/Pail/Console/Commands/PailCommand), Object(Symfony/Component/Console/Input/ArgvInput), Object(Symfony/Component/Console/Output/ConsoleOutput))
#11 C:/Users/User/Documents/GitHub/EcoVolts/EcoVolts/vendor/symfony/console/Application.php(195): Symfony/Component/Console/Application->doRun(Object(Symfony/Component/Console/Input/ArgvInput), Object(Symfony/Component/Console/Output/ConsoleOutput))
#12 C:/Users/User/Documents/GitHub/EcoVolts/EcoVolts/vendor/laravel/framework/src/Illuminate/Foundation/Console/Kernel.php(198): Symfony/Component/Console/Application->run(Object(Symfony/Component/Console/Input/ArgvInput), Object(Symfony/Component/Console/Output/ConsoleOutput))
#13 C:/Users/User/Documents/GitHub/EcoVolts/EcoVolts/vendor/laravel/framework/src/Illuminate/Foundation/Application.php(1235): Illuminate/Foundation/Console/Kernel->handle(Object(Symfony/Component/Console/Input/ArgvInput), Object(Symfony/Component/Console/Output/ConsoleOutput))
#14 C:/Users/User/Documents/GitHub/EcoVolts/EcoVolts/artisan(13): Illuminate/Foundation/Application->handleCommand(Object(Symfony/Component/Console/Input/ArgvInput))
#15 {main}
"} 
[2026-09-07 18:02:37] local.ERROR: The [pcntl] extension is required to run Pail. {"exception":"[object] (RuntimeException(code: 0): The [pcntl] extension is required to run Pail. at C:/Users/User/Documents/GitHub/EcoVolts/EcoVolts/vendor/laravel/pail/src/Guards/EnsurePcntlIsAvailable.php:15)
[stacktrace]
#0 C:/Users/User/Documents/GitHub/EcoVolts/EcoVolts/vendor/laravel/pail/src/Console/Commands/PailCommand.php(46): Laravel/Pail/Guards/EnsurePcntlIsAvailable::check()
#1 C:/Users/User/Documents/GitHub/EcoVolts/EcoVolts/vendor/laravel/framework/src/Illuminate/Container/BoundMethod.php(36): Laravel/Pail/Console/Commands/PailCommand->handle(Object(Laravel/Pail/ProcessFactory))
#2 C:/Users/User/Documents/GitHub/EcoVolts/EcoVolts/vendor/laravel/framework/src/Illuminate/Container/Util.php(43): Illuminate/Container/BoundMethod::Illuminate/Container/{closure}()
#3 C:/Users/User/Documents/GitHub/EcoVolts/EcoVolts/vendor/laravel/framework/src/Illuminate/Container/BoundMethod.php(96): Illuminate/Container/Util::unwrapIfClosure(Object(Closure))
#4 C:/Users/User/Documents/GitHub/EcoVolts/EcoVolts/vendor/laravel/framework/src/Illuminate/Container/BoundMethod.php(35): Illuminate/Container/BoundMethod::callBoundMethod(Object(Illuminate/Foundation/Application), Array, Object(Closure))
#5 C:/Users/User/Documents/GitHub/EcoVolts/EcoVolts/vendor/laravel/framework/src/Illuminate/Container/Container.php(799): Illuminate/Container/BoundMethod::call(Object(Illuminate/Foundation/Application), Array, Array, NULL)
#6 C:/Users/User/Documents/GitHub/EcoVolts/EcoVolts/vendor/laravel/framework/src/Illuminate/Console/Command.php(211): Illuminate/Container/Container->call(Array)
#7 C:/Users/User/Documents/GitHub/EcoVolts/EcoVolts/vendor/symfony/console/Command/Command.php(341): Illuminate/Console/Command->execute(Object(Symfony/Component/Console/Input/ArgvInput), Object(Illuminate/Console/OutputStyle))
#8 C:/Users/User/Documents/GitHub/EcoVolts/EcoVolts/vendor/laravel/framework/src/Illuminate/Console/Command.php(180): Symfony/Component/Console/Command/Command->run(Object(Symfony/Component/Console/Input/ArgvInput), Object(Illuminate/Console/OutputStyle))
#9 C:/Users/User/Documents/GitHub/EcoVolts/EcoVolts/vendor/symfony/console/Application.php(1117): Illuminate/Console/Command->run(Object(Symfony/Component/Console/Input/ArgvInput), Object(Symfony/Component/Console/Output/ConsoleOutput))
#10 C:/Users/User/Documents/GitHub/EcoVolts/EcoVolts/vendor/symfony/console/Application.php(356): Symfony/Component/Console/Application->doRunCommand(Object(Laravel/Pail/Console/Commands/PailCommand), Object(Symfony/Component/Console/Input/ArgvInput), Object(Symfony/Component/Console/Output/ConsoleOutput))
#11 C:/Users/User/Documents/GitHub/EcoVolts/EcoVolts/vendor/symfony/console/Application.php(195): Symfony/Component/Console/Application->doRun(Object(Symfony/Component/Console/Input/ArgvInput), Object(Symfony/Component/Console/Output/ConsoleOutput))
#12 C:/Users/User/Documents/GitHub/EcoVolts/EcoVolts/vendor/laravel/framework/src/Illuminate/Foundation/Console/Kernel.php(198): Symfony/Component/Console/Application->run(Object(Symfony/Component/Console/Input/ArgvInput), Object(Symfony/Component/Console/Output/ConsoleOutput))
#13 C:/Users/User/Documents/GitHub/EcoVolts/EcoVolts/vendor/laravel/framework/src/Illuminate/Foundation/Application.php(1235): Illuminate/Foundation/Console/Kernel->handle(Object(Symfony/Component/Console/Input/ArgvInput), Object(Symfony/Component/Console/Output/ConsoleOutput))
#14 C:/Users/User/Documents/GitHub/EcoVolts/EcoVolts/artisan(13): Illuminate/Foundation/Application->handleCommand(Object(Symfony/Component/Console/Input/ArgvInput))
#15 {main}
"} 
[2026-09-07 18:03:03] local.ERROR: The [pcntl] extension is required to run Pail. {"exception":"[object] (RuntimeException(code: 0): The [pcntl] extension is required to run Pail. at C:/Users/User/Documents/GitHub/EcoVolts/EcoVolts/vendor/laravel/pail/src/Guards/EnsurePcntlIsAvailable.php:15)
[stacktrace]
#0 C:/Users/User/Documents/GitHub/EcoVolts/EcoVolts/vendor/laravel/pail/src/Console/Commands/PailCommand.php(46): Laravel/Pail/Guards/EnsurePcntlIsAvailable::check()
#1 C:/Users/User/Documents/GitHub/EcoVolts/EcoVolts/vendor/laravel/framework/src/Illuminate/Container/BoundMethod.php(36): Laravel/Pail/Console/Commands/PailCommand->handle(Object(Laravel/Pail/ProcessFactory))
#2 C:/Users/User/Documents/GitHub/EcoVolts/EcoVolts/vendor/laravel/framework/src/Illuminate/Container/Util.php(43): Illuminate/Container/BoundMethod::Illuminate/Container/{closure}()
#3 C:/Users/User/Documents/GitHub/EcoVolts/EcoVolts/vendor/laravel/framework/src/Illuminate/Container/BoundMethod.php(96): Illuminate/Container/Util::unwrapIfClosure(Object(Closure))
#4 C:/Users/User/Documents/GitHub/EcoVolts/EcoVolts/vendor/laravel/framework/src/Illuminate/Container/BoundMethod.php(35): Illuminate/Container/BoundMethod::callBoundMethod(Object(Illuminate/Foundation/Application), Array, Object(Closure))
#5 C:/Users/User/Documents/GitHub/EcoVolts/EcoVolts/vendor/laravel/framework/src/Illuminate/Container/Container.php(799): Illuminate/Container/BoundMethod::call(Object(Illuminate/Foundation/Application), Array, Array, NULL)
#6 C:/Users/User/Documents/GitHub/EcoVolts/EcoVolts/vendor/laravel/framework/src/Illuminate/Console/Command.php(211): Illuminate/Container/Container->call(Array)
#7 C:/Users/User/Documents/GitHub/EcoVolts/EcoVolts/vendor/symfony/console/Command/Command.php(341): Illuminate/Console/Command->execute(Object(Symfony/Component/Console/Input/ArgvInput), Object(Illuminate/Console/OutputStyle))
#8 C:/Users/User/Documents/GitHub/EcoVolts/EcoVolts/vendor/laravel/framework/src/Illuminate/Console/Command.php(180): Symfony/Component/Console/Command/Command->run(Object(Symfony/Component/Console/Input/ArgvInput), Object(Illuminate/Console/OutputStyle))
#9 C:/Users/User/Documents/GitHub/EcoVolts/EcoVolts/vendor/symfony/console/Application.php(1117): Illuminate/Console/Command->run(Object(Symfony/Component/Console/Input/ArgvInput), Object(Symfony/Component/Console/Output/ConsoleOutput))
#10 C:/Users/User/Documents/GitHub/EcoVolts/EcoVolts/vendor/symfony/console/Application.php(356): Symfony/Component/Console/Application->doRunCommand(Object(Laravel/Pail/Console/Commands/PailCommand), Object(Symfony/Component/Console/Input/ArgvInput), Object(Symfony/Component/Console/Output/ConsoleOutput))
#11 C:/Users/User/Documents/GitHub/EcoVolts/EcoVolts/vendor/symfony/console/Application.php(195): Symfony/Component/Console/Application->doRun(Object(Symfony/Component/Console/Input/ArgvInput), Object(Symfony/Component/Console/Output/ConsoleOutput))
#12 C:/Users/User/Documents/GitHub/EcoVolts/EcoVolts/vendor/laravel/framework/src/Illuminate/Foundation/Console/Kernel.php(198): Symfony/Component/Console/Application->run(Object(Symfony/Component/Console/Input/ArgvInput), Object(Symfony/Component/Console/Output/ConsoleOutput))
#13 C:/Users/User/Documents/GitHub/EcoVolts/EcoVolts/vendor/laravel/framework/src/Illuminate/Foundation/Application.php(1235): Illuminate/Foundation/Console/Kernel->handle(Object(Symfony/Component/Console/Input/ArgvInput), Object(Symfony/Component/Console/Output/ConsoleOutput))
#14 C:/Users/User/Documents/GitHub/EcoVolts/EcoVolts/artisan(13): Illuminate/Foundation/Application->handleCommand(Object(Symfony/Component/Console/Input/ArgvInput))
#15 {main}
"} 
[2026-09-07 18:24:52] local.ERROR: The [pcntl] extension is required to run Pail. {"exception":"[object] (RuntimeException(code: 0): The [pcntl] extension is required to run Pail. at C:/Users/User/Documents/GitHub/EcoVolts/EcoVolts/vendor/laravel/pail/src/Guards/EnsurePcntlIsAvailable.php:15)
[stacktrace]
#0 C:/Users/User/Documents/GitHub/EcoVolts/EcoVolts/vendor/laravel/pail/src/Console/Commands/PailCommand.php(46): Laravel/Pail/Guards/EnsurePcntlIsAvailable::check()
#1 C:/Users/User/Documents/GitHub/EcoVolts/EcoVolts/vendor/laravel/framework/src/Illuminate/Container/BoundMethod.php(36): Laravel/Pail/Console/Commands/PailCommand->handle(Object(Laravel/Pail/ProcessFactory))
#2 C:/Users/User/Documents/GitHub/EcoVolts/EcoVolts/vendor/laravel/framework/src/Illuminate/Container/Util.php(43): Illuminate/Container/BoundMethod::Illuminate/Container/{closure}()
#3 C:/Users/User/Documents/GitHub/EcoVolts/EcoVolts/vendor/laravel/framework/src/Illuminate/Container/BoundMethod.php(96): Illuminate/Container/Util::unwrapIfClosure(Object(Closure))
#4 C:/Users/User/Documents/GitHub/EcoVolts/EcoVolts/vendor/laravel/framework/src/Illuminate/Container/BoundMethod.php(35): Illuminate/Container/BoundMethod::callBoundMethod(Object(Illuminate/Foundation/Application), Array, Object(Closure))
#5 C:/Users/User/Documents/GitHub/EcoVolts/EcoVolts/vendor/laravel/framework/src/Illuminate/Container/Container.php(799): Illuminate/Container/BoundMethod::call(Object(Illuminate/Foundation/Application), Array, Array, NULL)
#6 C:/Users/User/Documents/GitHub/EcoVolts/EcoVolts/vendor/laravel/framework/src/Illuminate/Console/Command.php(211): Illuminate/Container/Container->call(Array)
#7 C:/Users/User/Documents/GitHub/EcoVolts/EcoVolts/vendor/symfony/console/Command/Command.php(341): Illuminate/Console/Command->execute(Object(Symfony/Component/Console/Input/ArgvInput), Object(Illuminate/Console/OutputStyle))
#8 C:/Users/User/Documents/GitHub/EcoVolts/EcoVolts/vendor/laravel/framework/src/Illuminate/Console/Command.php(180): Symfony/Component/Console/Command/Command->run(Object(Symfony/Component/Console/Input/ArgvInput), Object(Illuminate/Console/OutputStyle))
#9 C:/Users/User/Documents/GitHub/EcoVolts/EcoVolts/vendor/symfony/console/Application.php(1117): Illuminate/Console/Command->run(Object(Symfony/Component/Console/Input/ArgvInput), Object(Symfony/Component/Console/Output/ConsoleOutput))
#10 C:/Users/User/Documents/GitHub/EcoVolts/EcoVolts/vendor/symfony/console/Application.php(356): Symfony/Component/Console/Application->doRunCommand(Object(Laravel/Pail/Console/Commands/PailCommand), Object(Symfony/Component/Console/Input/ArgvInput), Object(Symfony/Component/Console/Output/ConsoleOutput))
#11 C:/Users/User/Documents/GitHub/EcoVolts/EcoVolts/vendor/symfony/console/Application.php(195): Symfony/Component/Console/Application->doRun(Object(Symfony/Component/Console/Input/ArgvInput), Object(Symfony/Component/Console/Output/ConsoleOutput))
#12 C:/Users/User/Documents/GitHub/EcoVolts/EcoVolts/vendor/laravel/framework/src/Illuminate/Foundation/Console/Kernel.php(198): Symfony/Component/Console/Application->run(Object(Symfony/Component/Console/Input/ArgvInput), Object(Symfony/Component/Console/Output/ConsoleOutput))
#13 C:/Users/User/Documents/GitHub/EcoVolts/EcoVolts/vendor/laravel/framework/src/Illuminate/Foundation/Application.php(1235): Illuminate/Foundation/Console/Kernel->handle(Object(Symfony/Component/Console/Input/ArgvInput), Object(Symfony/Component/Console/Output/ConsoleOutput))
#14 C:/Users/User/Documents/GitHub/EcoVolts/EcoVolts/artisan(13): Illuminate/Foundation/Application->handleCommand(Object(Symfony/Component/Console/Input/ArgvInput))
#15 {main}
"} 
[2026-09-09 17:08:29] local.ERROR: The [pcntl] extension is required to run Pail. {"exception":"[object] (RuntimeException(code: 0): The [pcntl] extension is required to run Pail. at C:/Users/User/Documents/GitHub/EcoVolts/EcoVolts/vendor/laravel/pail/src/Guards/EnsurePcntlIsAvailable.php:15)
[stacktrace]
#0 C:/Users/User/Documents/GitHub/EcoVolts/EcoVolts/vendor/laravel/pail/src/Console/Commands/PailCommand.php(46): Laravel/Pail/Guards/EnsurePcntlIsAvailable::check()
#1 C:/Users/User/Documents/GitHub/EcoVolts/EcoVolts/vendor/laravel/framework/src/Illuminate/Container/BoundMethod.php(36): Laravel/Pail/Console/Commands/PailCommand->handle(Object(Laravel/Pail/ProcessFactory))
#2 C:/Users/User/Documents/GitHub/EcoVolts/EcoVolts/vendor/laravel/framework/src/Illuminate/Container/Util.php(43): Illuminate/Container/BoundMethod::Illuminate/Container/{closure}()
#3 C:/Users/User/Documents/GitHub/EcoVolts/EcoVolts/vendor/laravel/framework/src/Illuminate/Container/BoundMethod.php(96): Illuminate/Container/Util::unwrapIfClosure(Object(Closure))
#4 C:/Users/User/Documents/GitHub/EcoVolts/EcoVolts/vendor/laravel/framework/src/Illuminate/Container/BoundMethod.php(35): Illuminate/Container/BoundMethod::callBoundMethod(Object(Illuminate/Foundation/Application), Array, Object(Closure))
#5 C:/Users/User/Documents/GitHub/EcoVolts/EcoVolts/vendor/laravel/framework/src/Illuminate/Container/Container.php(799): Illuminate/Container/BoundMethod::call(Object(Illuminate/Foundation/Application), Array, Array, NULL)
#6 C:/Users/User/Documents/GitHub/EcoVolts/EcoVolts/vendor/laravel/framework/src/Illuminate/Console/Command.php(211): Illuminate/Container/Container->call(Array)
#7 C:/Users/User/Documents/GitHub/EcoVolts/EcoVolts/vendor/symfony/console/Command/Command.php(341): Illuminate/Console/Command->execute(Object(Symfony/Component/Console/Input/ArgvInput), Object(Illuminate/Console/OutputStyle))
#8 C:/Users/User/Documents/GitHub/EcoVolts/EcoVolts/vendor/laravel/framework/src/Illuminate/Console/Command.php(180): Symfony/Component/Console/Command/Command->run(Object(Symfony/Component/Console/Input/ArgvInput), Object(Illuminate/Console/OutputStyle))
#9 C:/Users/User/Documents/GitHub/EcoVolts/EcoVolts/vendor/symfony/console/Application.php(1117): Illuminate/Console/Command->run(Object(Symfony/Component/Console/Input/ArgvInput), Object(Symfony/Component/Console/Output/ConsoleOutput))
#10 C:/Users/User/Documents/GitHub/EcoVolts/EcoVolts/vendor/symfony/console/Application.php(356): Symfony/Component/Console/Application->doRunCommand(Object(Laravel/Pail/Console/Commands/PailCommand), Object(Symfony/Component/Console/Input/ArgvInput), Object(Symfony/Component/Console/Output/ConsoleOutput))
#11 C:/Users/User/Documents/GitHub/EcoVolts/EcoVolts/vendor/symfony/console/Application.php(195): Symfony/Component/Console/Application->doRun(Object(Symfony/Component/Console/Input/ArgvInput), Object(Symfony/Component/Console/Output/ConsoleOutput))
#12 C:/Users/User/Documents/GitHub/EcoVolts/EcoVolts/vendor/laravel/framework/src/Illuminate/Foundation/Console/Kernel.php(198): Symfony/Component/Console/Application->run(Object(Symfony/Component/Console/Input/ArgvInput), Object(Symfony/Component/Console/Output/ConsoleOutput))
#13 C:/Users/User/Documents/GitHub/EcoVolts/EcoVolts/vendor/laravel/framework/src/Illuminate/Foundation/Application.php(1235): Illuminate/Foundation/Console/Kernel->handle(Object(Symfony/Component/Console/Input/ArgvInput), Object(Symfony/Component/Console/Output/ConsoleOutput))
#14 C:/Users/User/Documents/GitHub/EcoVolts/EcoVolts/artisan(13): Illuminate/Foundation/Application->handleCommand(Object(Symfony/Component/Console/Input/ArgvInput))
#15 {main}
"} 
[2026-09-09 17:09:50] local.ERROR: SQLSTATE[HY000]: General error: 1 table users has no column named cpf (Connection: sqlite, Database: C:\Users\User\Documents\GitHub\EcoVolts\EcoVolts\database\database.sqlite, SQL: insert into "users" ("name", "cpf", "phone", "cep", "city", "neighborhood", "street", "email", "password", "updated_at", "created_at") values (asd, 123, 123, 123, 123, 12312, 123, sadfas@123.com, $2y$12$GP1E8HFeF9tT9HPw7dmAM.P5Y4BZ9dk2P3n5eMaU4kzP37Xi9rkQ2, 2026-09-09 17:09:50, 2026-09-09 17:09:50)) {"exception":"[object] (Illuminate\\Database\\QueryException(code: HY000): SQLSTATE[HY000]: General error: 1 table users has no column named cpf (Connection: sqlite, Database: C:\\Users\\User\\Documents\\GitHub\\EcoVolts\\EcoVolts\\database\\database.sqlite, SQL: insert into \"users\" (\"name\", \"cpf\", \"phone\", \"cep\", \"city\", \"neighborhood\", \"street\", \"email\", \"password\", \"updated_at\", \"created_at\") values (asd, 123, 123, 123, 123, 12312, 123, sadfas@123.com, $2y$12$GP1E8HFeF9tT9HPw7dmAM.P5Y4BZ9dk2P3n5eMaU4kzP37Xi9rkQ2, 2026-09-09 17:09:50, 2026-09-09 17:09:50)) at C:/Users/User/Documents/GitHub/EcoVolts/EcoVolts/vendor/laravel/framework/src/Illuminate/Database/Connection.php:838)
[stacktrace]
#0 C:/Users/User/Documents/GitHub/EcoVolts/EcoVolts/vendor/laravel/framework/src/Illuminate/Database/Connection.php(794): Illuminate/Database/Connection->runQueryCallback('insert into \"us...', Array, Object(Closure))
#1 C:/Users/User/Documents/GitHub/EcoVolts/EcoVolts/vendor/laravel/framework/src/Illuminate/Database/Connection.php(573): Illuminate/Database/Connection->run('insert into \"us...', Array, Object(Closure))
#2 C:/Users/User/Documents/GitHub/EcoVolts/EcoVolts/vendor/laravel/framework/src/Illuminate/Database/Connection.php(537): Illuminate/Database/Connection->statement('insert into \"us...', Array)
#3 C:/Users/User/Documents/GitHub/EcoVolts/EcoVolts/vendor/laravel/framework/src/Illuminate/Database/Query/Processors/Processor.php(32): Illuminate/Database/Connection->insert('insert into \"us...', Array)
#4 C:/Users/User/Documents/GitHub/EcoVolts/EcoVolts/vendor/laravel/framework/src/Illuminate/Database/Query/Builder.php(4170): Illuminate/Database/Query/Processors/Processor->processInsertGetId(Object(Illuminate/Database/Query/Builder), 'insert into \"us...', Array, 'id')
#5 C:/Users/User/Documents/GitHub/EcoVolts/EcoVolts/vendor/laravel/framework/src/Illuminate/Database/Eloquent/Builder.php(2237): Illuminate/Database/Query/Builder->insertGetId(Array, 'id')
#6 C:/Users/User/Documents/GitHub/EcoVolts/EcoVolts/vendor/laravel/framework/src/Illuminate/Database/Eloquent/Model.php(1436): Illuminate/Database/Eloquent/Builder->__call('insertGetId', Array)
#7 C:/Users/User/Documents/GitHub/EcoVolts/EcoVolts/vendor/laravel/framework/src/Illuminate/Database/Eloquent/Model.php(1401): Illuminate/Database/Eloquent/Model->insertAndSetId(Object(Illuminate/Database/Eloquent/Builder), Array)
#8 C:/Users/User/Documents/GitHub/EcoVolts/EcoVolts/vendor/laravel/framework/src/Illuminate/Database/Eloquent/Model.php(1240): Illuminate/Database/Eloquent/Model->performInsert(Object(Illuminate/Database/Eloquent/Builder))
#9 C:/Users/User/Documents/GitHub/EcoVolts/EcoVolts/vendor/laravel/framework/src/Illuminate/Database/Eloquent/Builder.php(1219): Illuminate/Database/Eloquent/Model->save()
#10 C:/Users/User/Documents/GitHub/EcoVolts/EcoVolts/vendor/laravel/framework/src/Illuminate/Support/helpers.php(393): Illuminate/Database/Eloquent/Builder->Illuminate/Database/Eloquent/{closure}(Object(App/Models/User))
#11 C:/Users/User/Documents/GitHub/EcoVolts/EcoVolts/vendor/laravel/framework/src/Illuminate/Database/Eloquent/Builder.php(1218): tap(Object(App/Models/User), Object(Closure))
#12 C:/Users/User/Documents/GitHub/EcoVolts/EcoVolts/vendor/laravel/framework/src/Illuminate/Support/Traits/ForwardsCalls.php(23): Illuminate/Database/Eloquent/Builder->create(Array)
#13 C:/Users/User/Documents/GitHub/EcoVolts/EcoVolts/vendor/laravel/framework/src/Illuminate/Database/Eloquent/Model.php(2544): Illuminate/Database/Eloquent/Model->forwardCallTo(Object(Illuminate/Database/Eloquent/Builder), 'create', Array)
#14 C:/Users/User/Documents/GitHub/EcoVolts/EcoVolts/vendor/laravel/framework/src/Illuminate/Database/Eloquent/Model.php(2560): Illuminate/Database/Eloquent/Model->__call('create', Array)
#15 C:/Users/User/Documents/GitHub/EcoVolts/EcoVolts/app/Http/Controllers/Auth/RegisteredUserController.php(44): Illuminate/Database/Eloquent/Model::__callStatic('create', Array)
#16 C:/Users/User/Documents/GitHub/EcoVolts/EcoVolts/vendor/laravel/framework/src/Illuminate/Routing/ControllerDispatcher.php(46): App/Http/Controllers/Auth/RegisteredUserController->store(Object(Illuminate/Http/Request))
#17 C:/Users/User/Documents/GitHub/EcoVolts/EcoVolts/vendor/laravel/framework/src/Illuminate/Routing/Route.php(265): Illuminate/Routing/ControllerDispatcher->dispatch(Object(Illuminate/Routing/Route), Object(App/Http/Controllers/Auth/RegisteredUserController), 'store')
#18 C:/Users/User/Documents/GitHub/EcoVolts/EcoVolts/vendor/laravel/framework/src/Illuminate/Routing/Route.php(211): Illuminate/Routing/Route->runController()
#19 C:/Users/User/Documents/GitHub/EcoVolts/EcoVolts/vendor/laravel/framework/src/Illuminate/Routing/Router.php(822): Illuminate/Routing/Route->run()
#20 C:/Users/User/Documents/GitHub/EcoVolts/EcoVolts/vendor/laravel/framework/src/Illuminate/Pipeline/Pipeline.php(180): Illuminate/Routing/Router->Illuminate/Routing/{closure}(Object(Illuminate/Http/Request))
#21 C:/Users/User/Documents/GitHub/EcoVolts/EcoVolts/vendor/laravel/framework/src/Illuminate/Auth/Middleware/RedirectIfAuthenticated.php(47): Illuminate/Pipeline/Pipeline->Illuminate/Pipeline/{closure}(Object(Illuminate/Http/Request))
#22 C:/Users/User/Documents/GitHub/EcoVolts/EcoVolts/vendor/laravel/framework/src/Illuminate/Pipeline/Pipeline.php(219): Illuminate/Auth/Middleware/RedirectIfAuthenticated->handle(Object(Illuminate/Http/Request), Object(Closure))
#23 C:/Users/User/Documents/GitHub/EcoVolts/EcoVolts/vendor/laravel/boost/src/Middleware/InjectBoost.php(22): Illuminate/Pipeline/Pipeline->Illuminate/Pipeline/{closure}(Object(Illuminate/Http/Request))
#24 C:/Users/User/Documents/GitHub/EcoVolts/EcoVolts/vendor/laravel/framework/src/Illuminate/Pipeline/Pipeline.php(219): Laravel/Boost/Middleware/InjectBoost->handle(Object(Illuminate/Http/Request), Object(Closure))
#25 C:/Users/User/Documents/GitHub/EcoVolts/EcoVolts/vendor/laravel/framework/src/Illuminate/Http/Middleware/AddLinkHeadersForPreloadedAssets.php(32): Illuminate/Pipeline/Pipeline->Illuminate/Pipeline/{closure}(Object(Illuminate/Http/Request))
#26 C:/Users/User/Documents/GitHub/EcoVolts/EcoVolts/vendor/laravel/framework/src/Illuminate/Pipeline/Pipeline.php(219): Illuminate/Http/Middleware/AddLinkHeadersForPreloadedAssets->handle(Object(Illuminate/Http/Request), Object(Closure))
#27 C:/Users/User/Documents/GitHub/EcoVolts/EcoVolts/vendor/inertiajs/inertia-laravel/src/Middleware.php(122): Illuminate/Pipeline/Pipeline->Illuminate/Pipeline/{closure}(Object(Illuminate/Http/Request))
#28 C:/Users/User/Documents/GitHub/EcoVolts/EcoVolts/vendor/laravel/framework/src/Illuminate/Pipeline/Pipeline.php(219): Inertia/Middleware->handle(Object(Illuminate/Http/Request), Object(Closure))
#29 C:/Users/User/Documents/GitHub/EcoVolts/EcoVolts/vendor/laravel/framework/src/Illuminate/Routing/Middleware/SubstituteBindings.php(50): Illuminate/Pipeline/Pipeline->Illuminate/Pipeline/{closure}(Object(Illuminate/Http/Request))
#30 C:/Users/User/Documents/GitHub/EcoVolts/EcoVolts/vendor/laravel/framework/src/Illuminate/Pipeline/Pipeline.php(219): Illuminate/Routing/Middleware/SubstituteBindings->handle(Object(Illuminate/Http/Request), Object(Closure))
#31 C:/Users/User/Documents/GitHub/EcoVolts/EcoVolts/vendor/laravel/framework/src/Illuminate/Foundation/Http/Middleware/VerifyCsrfToken.php(87): Illuminate/Pipeline/Pipeline->Illuminate/Pipeline/{closure}(Object(Illuminate/Http/Request))
#32 C:/Users/User/Documents/GitHub/EcoVolts/EcoVolts/vendor/laravel/framework/src/Illuminate/Pipeline/Pipeline.php(219): Illuminate/Foundation/Http/Middleware/VerifyCsrfToken->handle(Object(Illuminate/Http/Request), Object(Closure))
#33 C:/Users/User/Documents/GitHub/EcoVolts/EcoVolts/vendor/laravel/framework/src/Illuminate/View/Middleware/ShareErrorsFromSession.php(48): Illuminate/Pipeline/Pipeline->Illuminate/Pipeline/{closure}(Object(Illuminate/Http/Request))
#34 C:/Users/User/Documents/GitHub/EcoVolts/EcoVolts/vendor/laravel/framework/src/Illuminate/Pipeline/Pipeline.php(219): Illuminate/View/Middleware/ShareErrorsFromSession->handle(Object(Illuminate/Http/Request), Object(Closure))
#35 C:/Users/User/Documents/GitHub/EcoVolts/EcoVolts/vendor/laravel/framework/src/Illuminate/Session/Middleware/StartSession.php(120): Illuminate/Pipeline/Pipeline->Illuminate/Pipeline/{closure}(Object(Illuminate/Http/Request))
#36 C:/Users/User/Documents/GitHub/EcoVolts/EcoVolts/vendor/laravel/framework/src/Illuminate/Session/Middleware/StartSession.php(63): Illuminate/Session/Middleware/StartSession->handleStatefulRequest(Object(Illuminate/Http/Request), Object(Illuminate/Session/Store), Object(Closure))
#37 C:/Users/User/Documents/GitHub/EcoVolts/EcoVolts/vendor/laravel/framework/src/Illuminate/Pipeline/Pipeline.php(219): Illuminate/Session/Middleware/StartSession->handle(Object(Illuminate/Http/Request), Object(Closure))
#38 C:/Users/User/Documents/GitHub/EcoVolts/EcoVolts/vendor/laravel/framework/src/Illuminate/Cookie/Middleware/AddQueuedCookiesToResponse.php(36): Illuminate/Pipeline/Pipeline->Illuminate/Pipeline/{closure}(Object(Illuminate/Http/Request))
#39 C:/Users/User/Documents/GitHub/EcoVolts/EcoVolts/vendor/laravel/framework/src/Illuminate/Pipeline/Pipeline.php(219): Illuminate/Cookie/Middleware/AddQueuedCookiesToResponse->handle(Object(Illuminate/Http/Request), Object(Closure))
#40 C:/Users/User/Documents/GitHub/EcoVolts/EcoVolts/vendor/laravel/framework/src/Illuminate/Cookie/Middleware/EncryptCookies.php(74): Illuminate/Pipeline/Pipeline->Illuminate/Pipeline/{closure}(Object(Illuminate/Http/Request))
#41 C:/Users/User/Documents/GitHub/EcoVolts/EcoVolts/vendor/laravel/framework/src/Illuminate/Pipeline/Pipeline.php(219): Illuminate/Cookie/Middleware/EncryptCookies->handle(Object(Illuminate/Http/Request), Object(Closure))
#42 C:/Users/User/Documents/GitHub/EcoVolts/EcoVolts/vendor/laravel/framework/src/Illuminate/Pipeline/Pipeline.php(137): Illuminate/Pipeline/Pipeline->Illuminate/Pipeline/{closure}(Object(Illuminate/Http/Request))
#43 C:/Users/User/Documents/GitHub/EcoVolts/EcoVolts/vendor/laravel/framework/src/Illuminate/Routing/Router.php(821): Illuminate/Pipeline/Pipeline->then(Object(Closure))
#44 C:/Users/User/Documents/GitHub/EcoVolts/EcoVolts/vendor/laravel/framework/src/Illuminate/Routing/Router.php(800): Illuminate/Routing/Router->runRouteWithinStack(Object(Illuminate/Routing/Route), Object(Illuminate/Http/Request))
#45 C:/Users/User/Documents/GitHub/EcoVolts/EcoVolts/vendor/laravel/framework/src/Illuminate/Routing/Router.php(764): Illuminate/Routing/Router->runRoute(Object(Illuminate/Http/Request), Object(Illuminate/Routing/Route))
#46 C:/Users/User/Documents/GitHub/EcoVolts/EcoVolts/vendor/laravel/framework/src/Illuminate/Routing/Router.php(753): Illuminate/Routing/Router->dispatchToRoute(Object(Illuminate/Http/Request))
#47 C:/Users/User/Documents/GitHub/EcoVolts/EcoVolts/vendor/laravel/framework/src/Illuminate/Foundation/Http/Kernel.php(200): Illuminate/Routing/Router->dispatch(Object(Illuminate/Http/Request))
#48 C:/Users/User/Documents/GitHub/EcoVolts/EcoVolts/vendor/laravel/framework/src/Illuminate/Pipeline/Pipeline.php(180): Illuminate/Foundation/Http/Kernel->Illuminate/Foundation/Http/{closure}(Object(Illuminate/Http/Request))
#49 C:/Users/User/Documents/GitHub/EcoVolts/EcoVolts/vendor/laravel/framework/src/Illuminate/Foundation/Http/Middleware/TransformsRequest.php(21): Illuminate/Pipeline/Pipeline->Illuminate/Pipeline/{closure}(Object(Illuminate/Http/Request))
#50 C:/Users/User/Documents/GitHub/EcoVolts/EcoVolts/vendor/laravel/framework/src/Illuminate/Foundation/Http/Middleware/ConvertEmptyStringsToNull.php(31): Illuminate/Foundation/Http/Middleware/TransformsRequest->handle(Object(Illuminate/Http/Request), Object(Closure))
#51 C:/Users/User/Documents/GitHub/EcoVolts/EcoVolts/vendor/laravel/framework/src/Illuminate/Pipeline/Pipeline.php(219): Illuminate/Foundation/Http/Middleware/ConvertEmptyStringsToNull->handle(Object(Illuminate/Http/Request), Object(Closure))
#52 C:/Users/User/Documents/GitHub/EcoVolts/EcoVolts/vendor/laravel/framework/src/Illuminate/Foundation/Http/Middleware/TransformsRequest.php(21): Illuminate/Pipeline/Pipeline->Illuminate/Pipeline/{closure}(Object(Illuminate/Http/Request))
#53 C:/Users/User/Documents/GitHub/EcoVolts/EcoVolts/vendor/laravel/framework/src/Illuminate/Foundation/Http/Middleware/TrimStrings.php(51): Illuminate/Foundation/Http/Middleware/TransformsRequest->handle(Object(Illuminate/Http/Request), Object(Closure))
#54 C:/Users/User/Documents/GitHub/EcoVolts/EcoVolts/vendor/laravel/framework/src/Illuminate/Pipeline/Pipeline.php(219): Illuminate/Foundation/Http/Middleware/TrimStrings->handle(Object(Illuminate/Http/Request), Object(Closure))
#55 C:/Users/User/Documents/GitHub/EcoVolts/EcoVolts/vendor/laravel/framework/src/Illuminate/Http/Middleware/ValidatePostSize.php(27): Illuminate/Pipeline/Pipeline->Illuminate/Pipeline/{closure}(Object(Illuminate/Http/Request))
#56 C:/Users/User/Documents/GitHub/EcoVolts/EcoVolts/vendor/laravel/framework/src/Illuminate/Pipeline/Pipeline.php(219): Illuminate/Http/Middleware/ValidatePostSize->handle(Object(Illuminate/Http/Request), Object(Closure))
#57 C:/Users/User/Documents/GitHub/EcoVolts/EcoVolts/vendor/laravel/framework/src/Illuminate/Foundation/Http/Middleware/PreventRequestsDuringMaintenance.php(109): Illuminate/Pipeline/Pipeline->Illuminate/Pipeline/{closure}(Object(Illuminate/Http/Request))
#58 C:/Users/User/Documents/GitHub/EcoVolts/EcoVolts/vendor/laravel/framework/src/Illuminate/Pipeline/Pipeline.php(219): Illuminate/Foundation/Http/Middleware/PreventRequestsDuringMaintenance->handle(Object(Illuminate/Http/Request), Object(Closure))
#59 C:/Users/User/Documents/GitHub/EcoVolts/EcoVolts/vendor/laravel/framework/src/Illuminate/Http/Middleware/HandleCors.php(61): Illuminate/Pipeline/Pipeline->Illuminate/Pipeline/{closure}(Object(Illuminate/Http/Request))
#60 C:/Users/User/Documents/GitHub/EcoVolts/EcoVolts/vendor/laravel/framework/src/Illuminate/Pipeline/Pipeline.php(219): Illuminate/Http/Middleware/HandleCors->handle(Object(Illuminate/Http/Request), Object(Closure))
#61 C:/Users/User/Documents/GitHub/EcoVolts/EcoVolts/vendor/laravel/framework/src/Illuminate/Http/Middleware/TrustProxies.php(58): Illuminate/Pipeline/Pipeline->Illuminate/Pipeline/{closure}(Object(Illuminate/Http/Request))
#62 C:/Users/User/Documents/GitHub/EcoVolts/EcoVolts/vendor/laravel/framework/src/Illuminate/Pipeline/Pipeline.php(219): Illuminate/Http/Middleware/TrustProxies->handle(Object(Illuminate/Http/Request), Object(Closure))
#63 C:/Users/User/Documents/GitHub/EcoVolts/EcoVolts/vendor/laravel/framework/src/Illuminate/Foundation/Http/Middleware/InvokeDeferredCallbacks.php(22): Illuminate/Pipeline/Pipeline->Illuminate/Pipeline/{closure}(Object(Illuminate/Http/Request))
#64 C:/Users/User/Documents/GitHub/EcoVolts/EcoVolts/vendor/laravel/framework/src/Illuminate/Pipeline/Pipeline.php(219): Illuminate/Foundation/Http/Middleware/InvokeDeferredCallbacks->handle(Object(Illuminate/Http/Request), Object(Closure))
#65 C:/Users/User/Documents/GitHub/EcoVolts/EcoVolts/vendor/laravel/framework/src/Illuminate/Http/Middleware/ValidatePathEncoding.php(26): Illuminate/Pipeline/Pipeline->Illuminate/Pipeline/{closure}(Object(Illuminate/Http/Request))
#66 C:/Users/User/Documents/GitHub/EcoVolts/EcoVolts/vendor/laravel/framework/src/Illuminate/Pipeline/Pipeline.php(219): Illuminate/Http/Middleware/ValidatePathEncoding->handle(Object(Illuminate/Http/Request), Object(Closure))
#67 C:/Users/User/Documents/GitHub/EcoVolts/EcoVolts/vendor/laravel/framework/src/Illuminate/Pipeline/Pipeline.php(137): Illuminate/Pipeline/Pipeline->Illuminate/Pipeline/{closure}(Object(Illuminate/Http/Request))
#68 C:/Users/User/Documents/GitHub/EcoVolts/EcoVolts/vendor/laravel/framework/src/Illuminate/Foundation/Http/Kernel.php(175): Illuminate/Pipeline/Pipeline->then(Object(Closure))
#69 C:/Users/User/Documents/GitHub/EcoVolts/EcoVolts/vendor/laravel/framework/src/Illuminate/Foundation/Http/Kernel.php(144): Illuminate/Foundation/Http/Kernel->sendRequestThroughRouter(Object(Illuminate/Http/Request))
#70 C:/Users/User/Documents/GitHub/EcoVolts/EcoVolts/vendor/laravel/framework/src/Illuminate/Foundation/Application.php(1220): Illuminate/Foundation/Http/Kernel->handle(Object(Illuminate/Http/Request))
#71 C:/Users/User/Documents/GitHub/EcoVolts/EcoVolts/public/index.php(17): Illuminate/Foundation/Application->handleRequest(Object(Illuminate/Http/Request))
#72 C:/Users/User/Documents/GitHub/EcoVolts/EcoVolts/vendor/laravel/framework/src/Illuminate/Foundation/resources/server.php(23): require_once('C://Users//User//D...')
#73 {main}

[previous exception] [object] (PDOException(code: HY000): SQLSTATE[HY000]: General error: 1 table users has no column named cpf at C:/Users/User/Documents/GitHub/EcoVolts/EcoVolts/vendor/laravel/framework/src/Illuminate/Database/Connection.php:578)
[stacktrace]
#0 C:/Users/User/Documents/GitHub/EcoVolts/EcoVolts/vendor/laravel/framework/src/Illuminate/Database/Connection.php(578): PDO->prepare('insert into \"us...')
#1 C:/Users/User/Documents/GitHub/EcoVolts/EcoVolts/vendor/laravel/framework/src/Illuminate/Database/Connection.php(827): Illuminate/Database/Connection->Illuminate/Database/{closure}('insert into \"us...', Array)
#2 C:/Users/User/Documents/GitHub/EcoVolts/EcoVolts/vendor/laravel/framework/src/Illuminate/Database/Connection.php(794): Illuminate/Database/Connection->runQueryCallback('insert into \"us...', Array, Object(Closure))
#3 C:/Users/User/Documents/GitHub/EcoVolts/EcoVolts/vendor/laravel/framework/src/Illuminate/Database/Connection.php(573): Illuminate/Database/Connection->run('insert into \"us...', Array, Object(Closure))
#4 C:/Users/User/Documents/GitHub/EcoVolts/EcoVolts/vendor/laravel/framework/src/Illuminate/Database/Connection.php(537): Illuminate/Database/Connection->statement('insert into \"us...', Array)
#5 C:/Users/User/Documents/GitHub/EcoVolts/EcoVolts/vendor/laravel/framework/src/Illuminate/Database/Query/Processors/Processor.php(32): Illuminate/Database/Connection->insert('insert into \"us...', Array)
#6 C:/Users/User/Documents/GitHub/EcoVolts/EcoVolts/vendor/laravel/framework/src/Illuminate/Database/Query/Builder.php(4170): Illuminate/Database/Query/Processors/Processor->processInsertGetId(Object(Illuminate/Database/Query/Builder), 'insert into \"us...', Array, 'id')
#7 C:/Users/User/Documents/GitHub/EcoVolts/EcoVolts/vendor/laravel/framework/src/Illuminate/Database/Eloquent/Builder.php(2237): Illuminate/Database/Query/Builder->insertGetId(Array, 'id')
#8 C:/Users/User/Documents/GitHub/EcoVolts/EcoVolts/vendor/laravel/framework/src/Illuminate/Database/Eloquent/Model.php(1436): Illuminate/Database/Eloquent/Builder->__call('insertGetId', Array)
#9 C:/Users/User/Documents/GitHub/EcoVolts/EcoVolts/vendor/laravel/framework/src/Illuminate/Database/Eloquent/Model.php(1401): Illuminate/Database/Eloquent/Model->insertAndSetId(Object(Illuminate/Database/Eloquent/Builder), Array)
#10 C:/Users/User/Documents/GitHub/EcoVolts/EcoVolts/vendor/laravel/framework/src/Illuminate/Database/Eloquent/Model.php(1240): Illuminate/Database/Eloquent/Model->performInsert(Object(Illuminate/Database/Eloquent/Builder))
#11 C:/Users/User/Documents/GitHub/EcoVolts/EcoVolts/vendor/laravel/framework/src/Illuminate/Database/Eloquent/Builder.php(1219): Illuminate/Database/Eloquent/Model->save()
#12 C:/Users/User/Documents/GitHub/EcoVolts/EcoVolts/vendor/laravel/framework/src/Illuminate/Support/helpers.php(393): Illuminate/Database/Eloquent/Builder->Illuminate/Database/Eloquent/{closure}(Object(App/Models/User))
#13 C:/Users/User/Documents/GitHub/EcoVolts/EcoVolts/vendor/laravel/framework/src/Illuminate/Database/Eloquent/Builder.php(1218): tap(Object(App/Models/User), Object(Closure))
#14 C:/Users/User/Documents/GitHub/EcoVolts/EcoVolts/vendor/laravel/framework/src/Illuminate/Support/Traits/ForwardsCalls.php(23): Illuminate/Database/Eloquent/Builder->create(Array)
#15 C:/Users/User/Documents/GitHub/EcoVolts/EcoVolts/vendor/laravel/framework/src/Illuminate/Database/Eloquent/Model.php(2544): Illuminate/Database/Eloquent/Model->forwardCallTo(Object(Illuminate/Database/Eloquent/Builder), 'create', Array)
#16 C:/Users/User/Documents/GitHub/EcoVolts/EcoVolts/vendor/laravel/framework/src/Illuminate/Database/Eloquent/Model.php(2560): Illuminate/Database/Eloquent/Model->__call('create', Array)
#17 C:/Users/User/Documents/GitHub/EcoVolts/EcoVolts/app/Http/Controllers/Auth/RegisteredUserController.php(44): Illuminate/Database/Eloquent/Model::__callStatic('create', Array)
#18 C:/Users/User/Documents/GitHub/EcoVolts/EcoVolts/vendor/laravel/framework/src/Illuminate/Routing/ControllerDispatcher.php(46): App/Http/Controllers/Auth/RegisteredUserController->store(Object(Illuminate/Http/Request))
#19 C:/Users/User/Documents/GitHub/EcoVolts/EcoVolts/vendor/laravel/framework/src/Illuminate/Routing/Route.php(265): Illuminate/Routing/ControllerDispatcher->dispatch(Object(Illuminate/Routing/Route), Object(App/Http/Controllers/Auth/RegisteredUserController), 'store')
#20 C:/Users/User/Documents/GitHub/EcoVolts/EcoVolts/vendor/laravel/framework/src/Illuminate/Routing/Route.php(211): Illuminate/Routing/Route->runController()
#21 C:/Users/User/Documents/GitHub/EcoVolts/EcoVolts/vendor/laravel/framework/src/Illuminate/Routing/Router.php(822): Illuminate/Routing/Route->run()
#22 C:/Users/User/Documents/GitHub/EcoVolts/EcoVolts/vendor/laravel/framework/src/Illuminate/Pipeline/Pipeline.php(180): Illuminate/Routing/Router->Illuminate/Routing/{closure}(Object(Illuminate/Http/Request))
#23 C:/Users/User/Documents/GitHub/EcoVolts/EcoVolts/vendor/laravel/framework/src/Illuminate/Auth/Middleware/RedirectIfAuthenticated.php(47): Illuminate/Pipeline/Pipeline->Illuminate/Pipeline/{closure}(Object(Illuminate/Http/Request))
#24 C:/Users/User/Documents/GitHub/EcoVolts/EcoVolts/vendor/laravel/framework/src/Illuminate/Pipeline/Pipeline.php(219): Illuminate/Auth/Middleware/RedirectIfAuthenticated->handle(Object(Illuminate/Http/Request), Object(Closure))
#25 C:/Users/User/Documents/GitHub/EcoVolts/EcoVolts/vendor/laravel/boost/src/Middleware/InjectBoost.php(22): Illuminate/Pipeline/Pipeline->Illuminate/Pipeline/{closure}(Object(Illuminate/Http/Request))
#26 C:/Users/User/Documents/GitHub/EcoVolts/EcoVolts/vendor/laravel/framework/src/Illuminate/Pipeline/Pipeline.php(219): Laravel/Boost/Middleware/InjectBoost->handle(Object(Illuminate/Http/Request), Object(Closure))
#27 C:/Users/User/Documents/GitHub/EcoVolts/EcoVolts/vendor/laravel/framework/src/Illuminate/Http/Middleware/AddLinkHeadersForPreloadedAssets.php(32): Illuminate/Pipeline/Pipeline->Illuminate/Pipeline/{closure}(Object(Illuminate/Http/Request))
#28 C:/Users/User/Documents/GitHub/EcoVolts/EcoVolts/vendor/laravel/framework/src/Illuminate/Pipeline/Pipeline.php(219): Illuminate/Http/Middleware/AddLinkHeadersForPreloadedAssets->handle(Object(Illuminate/Http/Request), Object(Closure))
#29 C:/Users/User/Documents/GitHub/EcoVolts/EcoVolts/vendor/inertiajs/inertia-laravel/src/Middleware.php(122): Illuminate/Pipeline/Pipeline->Illuminate/Pipeline/{closure}(Object(Illuminate/Http/Request))
#30 C:/Users/User/Documents/GitHub/EcoVolts/EcoVolts/vendor/laravel/framework/src/Illuminate/Pipeline/Pipeline.php(219): Inertia/Middleware->handle(Object(Illuminate/Http/Request), Object(Closure))
#31 C:/Users/User/Documents/GitHub/EcoVolts/EcoVolts/vendor/laravel/framework/src/Illuminate/Routing/Middleware/SubstituteBindings.php(50): Illuminate/Pipeline/Pipeline->Illuminate/Pipeline/{closure}(Object(Illuminate/Http/Request))
#32 C:/Users/User/Documents/GitHub/EcoVolts/EcoVolts/vendor/laravel/framework/src/Illuminate/Pipeline/Pipeline.php(219): Illuminate/Routing/Middleware/SubstituteBindings->handle(Object(Illuminate/Http/Request), Object(Closure))
#33 C:/Users/User/Documents/GitHub/EcoVolts/EcoVolts/vendor/laravel/framework/src/Illuminate/Foundation/Http/Middleware/VerifyCsrfToken.php(87): Illuminate/Pipeline/Pipeline->Illuminate/Pipeline/{closure}(Object(Illuminate/Http/Request))
#34 C:/Users/User/Documents/GitHub/EcoVolts/EcoVolts/vendor/laravel/framework/src/Illuminate/Pipeline/Pipeline.php(219): Illuminate/Foundation/Http/Middleware/VerifyCsrfToken->handle(Object(Illuminate/Http/Request), Object(Closure))
#35 C:/Users/User/Documents/GitHub/EcoVolts/EcoVolts/vendor/laravel/framework/src/Illuminate/View/Middleware/ShareErrorsFromSession.php(48): Illuminate/Pipeline/Pipeline->Illuminate/Pipeline/{closure}(Object(Illuminate/Http/Request))
#36 C:/Users/User/Documents/GitHub/EcoVolts/EcoVolts/vendor/laravel/framework/src/Illuminate/Pipeline/Pipeline.php(219): Illuminate/View/Middleware/ShareErrorsFromSession->handle(Object(Illuminate/Http/Request), Object(Closure))
#37 C:/Users/User/Documents/GitHub/EcoVolts/EcoVolts/vendor/laravel/framework/src/Illuminate/Session/Middleware/StartSession.php(120): Illuminate/Pipeline/Pipeline->Illuminate/Pipeline/{closure}(Object(Illuminate/Http/Request))
#38 C:/Users/User/Documents/GitHub/EcoVolts/EcoVolts/vendor/laravel/framework/src/Illuminate/Session/Middleware/StartSession.php(63): Illuminate/Session/Middleware/StartSession->handleStatefulRequest(Object(Illuminate/Http/Request), Object(Illuminate/Session/Store), Object(Closure))
#39 C:/Users/User/Documents/GitHub/EcoVolts/EcoVolts/vendor/laravel/framework/src/Illuminate/Pipeline/Pipeline.php(219): Illuminate/Session/Middleware/StartSession->handle(Object(Illuminate/Http/Request), Object(Closure))
#40 C:/Users/User/Documents/GitHub/EcoVolts/EcoVolts/vendor/laravel/framework/src/Illuminate/Cookie/Middleware/AddQueuedCookiesToResponse.php(36): Illuminate/Pipeline/Pipeline->Illuminate/Pipeline/{closure}(Object(Illuminate/Http/Request))
#41 C:/Users/User/Documents/GitHub/EcoVolts/EcoVolts/vendor/laravel/framework/src/Illuminate/Pipeline/Pipeline.php(219): Illuminate/Cookie/Middleware/AddQueuedCookiesToResponse->handle(Object(Illuminate/Http/Request), Object(Closure))
#42 C:/Users/User/Documents/GitHub/EcoVolts/EcoVolts/vendor/laravel/framework/src/Illuminate/Cookie/Middleware/EncryptCookies.php(74): Illuminate/Pipeline/Pipeline->Illuminate/Pipeline/{closure}(Object(Illuminate/Http/Request))
#43 C:/Users/User/Documents/GitHub/EcoVolts/EcoVolts/vendor/laravel/framework/src/Illuminate/Pipeline/Pipeline.php(219): Illuminate/Cookie/Middleware/EncryptCookies->handle(Object(Illuminate/Http/Request), Object(Closure))
#44 C:/Users/User/Documents/GitHub/EcoVolts/EcoVolts/vendor/laravel/framework/src/Illuminate/Pipeline/Pipeline.php(137): Illuminate/Pipeline/Pipeline->Illuminate/Pipeline/{closure}(Object(Illuminate/Http/Request))
#45 C:/Users/User/Documents/GitHub/EcoVolts/EcoVolts/vendor/laravel/framework/src/Illuminate/Routing/Router.php(821): Illuminate/Pipeline/Pipeline->then(Object(Closure))
#46 C:/Users/User/Documents/GitHub/EcoVolts/EcoVolts/vendor/laravel/framework/src/Illuminate/Routing/Router.php(800): Illuminate/Routing/Router->runRouteWithinStack(Object(Illuminate/Routing/Route), Object(Illuminate/Http/Request))
#47 C:/Users/User/Documents/GitHub/EcoVolts/EcoVolts/vendor/laravel/framework/src/Illuminate/Routing/Router.php(764): Illuminate/Routing/Router->runRoute(Object(Illuminate/Http/Request), Object(Illuminate/Routing/Route))
#48 C:/Users/User/Documents/GitHub/EcoVolts/EcoVolts/vendor/laravel/framework/src/Illuminate/Routing/Router.php(753): Illuminate/Routing/Router->dispatchToRoute(Object(Illuminate/Http/Request))
#49 C:/Users/User/Documents/GitHub/EcoVolts/EcoVolts/vendor/laravel/framework/src/Illuminate/Foundation/Http/Kernel.php(200): Illuminate/Routing/Router->dispatch(Object(Illuminate/Http/Request))
#50 C:/Users/User/Documents/GitHub/EcoVolts/EcoVolts/vendor/laravel/framework/src/Illuminate/Pipeline/Pipeline.php(180): Illuminate/Foundation/Http/Kernel->Illuminate/Foundation/Http/{closure}(Object(Illuminate/Http/Request))
#51 C:/Users/User/Documents/GitHub/EcoVolts/EcoVolts/vendor/laravel/framework/src/Illuminate/Foundation/Http/Middleware/TransformsRequest.php(21): Illuminate/Pipeline/Pipeline->Illuminate/Pipeline/{closure}(Object(Illuminate/Http/Request))
#52 C:/Users/User/Documents/GitHub/EcoVolts/EcoVolts/vendor/laravel/framework/src/Illuminate/Foundation/Http/Middleware/ConvertEmptyStringsToNull.php(31): Illuminate/Foundation/Http/Middleware/TransformsRequest->handle(Object(Illuminate/Http/Request), Object(Closure))
#53 C:/Users/User/Documents/GitHub/EcoVolts/EcoVolts/vendor/laravel/framework/src/Illuminate/Pipeline/Pipeline.php(219): Illuminate/Foundation/Http/Middleware/ConvertEmptyStringsToNull->handle(Object(Illuminate/Http/Request), Object(Closure))
#54 C:/Users/User/Documents/GitHub/EcoVolts/EcoVolts/vendor/laravel/framework/src/Illuminate/Foundation/Http/Middleware/TransformsRequest.php(21): Illuminate/Pipeline/Pipeline->Illuminate/Pipeline/{closure}(Object(Illuminate/Http/Request))
#55 C:/Users/User/Documents/GitHub/EcoVolts/EcoVolts/vendor/laravel/framework/src/Illuminate/Foundation/Http/Middleware/TrimStrings.php(51): Illuminate/Foundation/Http/Middleware/TransformsRequest->handle(Object(Illuminate/Http/Request), Object(Closure))
#56 C:/Users/User/Documents/GitHub/EcoVolts/EcoVolts/vendor/laravel/framework/src/Illuminate/Pipeline/Pipeline.php(219): Illuminate/Foundation/Http/Middleware/TrimStrings->handle(Object(Illuminate/Http/Request), Object(Closure))
#57 C:/Users/User/Documents/GitHub/EcoVolts/EcoVolts/vendor/laravel/framework/src/Illuminate/Http/Middleware/ValidatePostSize.php(27): Illuminate/Pipeline/Pipeline->Illuminate/Pipeline/{closure}(Object(Illuminate/Http/Request))
#58 C:/Users/User/Documents/GitHub/EcoVolts/EcoVolts/vendor/laravel/framework/src/Illuminate/Pipeline/Pipeline.php(219): Illuminate/Http/Middleware/ValidatePostSize->handle(Object(Illuminate/Http/Request), Object(Closure))
#59 C:/Users/User/Documents/GitHub/EcoVolts/EcoVolts/vendor/laravel/framework/src/Illuminate/Foundation/Http/Middleware/PreventRequestsDuringMaintenance.php(109): Illuminate/Pipeline/Pipeline->Illuminate/Pipeline/{closure}(Object(Illuminate/Http/Request))
#60 C:/Users/User/Documents/GitHub/EcoVolts/EcoVolts/vendor/laravel/framework/src/Illuminate/Pipeline/Pipeline.php(219): Illuminate/Foundation/Http/Middleware/PreventRequestsDuringMaintenance->handle(Object(Illuminate/Http/Request), Object(Closure))
#61 C:/Users/User/Documents/GitHub/EcoVolts/EcoVolts/vendor/laravel/framework/src/Illuminate/Http/Middleware/HandleCors.php(61): Illuminate/Pipeline/Pipeline->Illuminate/Pipeline/{closure}(Object(Illuminate/Http/Request))
#62 C:/Users/User/Documents/GitHub/EcoVolts/EcoVolts/vendor/laravel/framework/src/Illuminate/Pipeline/Pipeline.php(219): Illuminate/Http/Middleware/HandleCors->handle(Object(Illuminate/Http/Request), Object(Closure))
#63 C:/Users/User/Documents/GitHub/EcoVolts/EcoVolts/vendor/laravel/framework/src/Illuminate/Http/Middleware/TrustProxies.php(58): Illuminate/Pipeline/Pipeline->Illuminate/Pipeline/{closure}(Object(Illuminate/Http/Request))
#64 C:/Users/User/Documents/GitHub/EcoVolts/EcoVolts/vendor/laravel/framework/src/Illuminate/Pipeline/Pipeline.php(219): Illuminate/Http/Middleware/TrustProxies->handle(Object(Illuminate/Http/Request), Object(Closure))
#65 C:/Users/User/Documents/GitHub/EcoVolts/EcoVolts/vendor/laravel/framework/src/Illuminate/Foundation/Http/Middleware/InvokeDeferredCallbacks.php(22): Illuminate/Pipeline/Pipeline->Illuminate/Pipeline/{closure}(Object(Illuminate/Http/Request))
#66 C:/Users/User/Documents/GitHub/EcoVolts/EcoVolts/vendor/laravel/framework/src/Illuminate/Pipeline/Pipeline.php(219): Illuminate/Foundation/Http/Middleware/InvokeDeferredCallbacks->handle(Object(Illuminate/Http/Request), Object(Closure))
#67 C:/Users/User/Documents/GitHub/EcoVolts/EcoVolts/vendor/laravel/framework/src/Illuminate/Http/Middleware/ValidatePathEncoding.php(26): Illuminate/Pipeline/Pipeline->Illuminate/Pipeline/{closure}(Object(Illuminate/Http/Request))
#68 C:/Users/User/Documents/GitHub/EcoVolts/EcoVolts/vendor/laravel/framework/src/Illuminate/Pipeline/Pipeline.php(219): Illuminate/Http/Middleware/ValidatePathEncoding->handle(Object(Illuminate/Http/Request), Object(Closure))
#69 C:/Users/User/Documents/GitHub/EcoVolts/EcoVolts/vendor/laravel/framework/src/Illuminate/Pipeline/Pipeline.php(137): Illuminate/Pipeline/Pipeline->Illuminate/Pipeline/{closure}(Object(Illuminate/Http/Request))
#70 C:/Users/User/Documents/GitHub/EcoVolts/EcoVolts/vendor/laravel/framework/src/Illuminate/Foundation/Http/Kernel.php(175): Illuminate/Pipeline/Pipeline->then(Object(Closure))
#71 C:/Users/User/Documents/GitHub/EcoVolts/EcoVolts/vendor/laravel/framework/src/Illuminate/Foundation/Http/Kernel.php(144): Illuminate/Foundation/Http/Kernel->sendRequestThroughRouter(Object(Illuminate/Http/Request))
#72 C:/Users/User/Documents/GitHub/EcoVolts/EcoVolts/vendor/laravel/framework/src/Illuminate/Foundation/Application.php(1220): Illuminate/Foundation/Http/Kernel->handle(Object(Illuminate/Http/Request))
#73 C:/Users/User/Documents/GitHub/EcoVolts/EcoVolts/public/index.php(17): Illuminate/Foundation/Application->handleRequest(Object(Illuminate/Http/Request))
#74 C:/Users/User/Documents/GitHub/EcoVolts/EcoVolts/vendor/laravel/framework/src/Illuminate/Foundation/resources/server.php(23): require_once('C://Users//User//D...')
#75 {main}
"} 
[2026-09-09 17:11:11] local.ERROR: SQLSTATE[HY000]: General error: 1 table users has no column named cpf (Connection: sqlite, Database: C:\Users\User\Documents\GitHub\EcoVolts\EcoVolts\database\database.sqlite, SQL: insert into "users" ("name", "cpf", "phone", "cep", "city", "neighborhood", "street", "email", "password", "updated_at", "created_at") values (asd, 34234, 123412, 12341234, 123412, 12341234, 12341234, wer@com, $2y$12$ou3amjeoKZd.5sv8NubDuedUcuvs5En.Ej983hpYPaHhQsbUBDqsS, 2026-09-09 17:11:11, 2026-09-09 17:11:11)) {"exception":"[object] (Illuminate\\Database\\QueryException(code: HY000): SQLSTATE[HY000]: General error: 1 table users has no column named cpf (Connection: sqlite, Database: C:\\Users\\User\\Documents\\GitHub\\EcoVolts\\EcoVolts\\database\\database.sqlite, SQL: insert into \"users\" (\"name\", \"cpf\", \"phone\", \"cep\", \"city\", \"neighborhood\", \"street\", \"email\", \"password\", \"updated_at\", \"created_at\") values (asd, 34234, 123412, 12341234, 123412, 12341234, 12341234, wer@com, $2y$12$ou3amjeoKZd.5sv8NubDuedUcuvs5En.Ej983hpYPaHhQsbUBDqsS, 2026-09-09 17:11:11, 2026-09-09 17:11:11)) at C:/Users/User/Documents/GitHub/EcoVolts/EcoVolts/vendor/laravel/framework/src/Illuminate/Database/Connection.php:838)
[stacktrace]
#0 C:/Users/User/Documents/GitHub/EcoVolts/EcoVolts/vendor/laravel/framework/src/Illuminate/Database/Connection.php(794): Illuminate/Database/Connection->runQueryCallback('insert into \"us...', Array, Object(Closure))
#1 C:/Users/User/Documents/GitHub/EcoVolts/EcoVolts/vendor/laravel/framework/src/Illuminate/Database/Connection.php(573): Illuminate/Database/Connection->run('insert into \"us...', Array, Object(Closure))
#2 C:/Users/User/Documents/GitHub/EcoVolts/EcoVolts/vendor/laravel/framework/src/Illuminate/Database/Connection.php(537): Illuminate/Database/Connection->statement('insert into \"us...', Array)
#3 C:/Users/User/Documents/GitHub/EcoVolts/EcoVolts/vendor/laravel/framework/src/Illuminate/Database/Query/Processors/Processor.php(32): Illuminate/Database/Connection->insert('insert into \"us...', Array)
#4 C:/Users/User/Documents/GitHub/EcoVolts/EcoVolts/vendor/laravel/framework/src/Illuminate/Database/Query/Builder.php(4170): Illuminate/Database/Query/Processors/Processor->processInsertGetId(Object(Illuminate/Database/Query/Builder), 'insert into \"us...', Array, 'id')
#5 C:/Users/User/Documents/GitHub/EcoVolts/EcoVolts/vendor/laravel/framework/src/Illuminate/Database/Eloquent/Builder.php(2237): Illuminate/Database/Query/Builder->insertGetId(Array, 'id')
#6 C:/Users/User/Documents/GitHub/EcoVolts/EcoVolts/vendor/laravel/framework/src/Illuminate/Database/Eloquent/Model.php(1436): Illuminate/Database/Eloquent/Builder->__call('insertGetId', Array)
#7 C:/Users/User/Documents/GitHub/EcoVolts/EcoVolts/vendor/laravel/framework/src/Illuminate/Database/Eloquent/Model.php(1401): Illuminate/Database/Eloquent/Model->insertAndSetId(Object(Illuminate/Database/Eloquent/Builder), Array)
#8 C:/Users/User/Documents/GitHub/EcoVolts/EcoVolts/vendor/laravel/framework/src/Illuminate/Database/Eloquent/Model.php(1240): Illuminate/Database/Eloquent/Model->performInsert(Object(Illuminate/Database/Eloquent/Builder))
#9 C:/Users/User/Documents/GitHub/EcoVolts/EcoVolts/vendor/laravel/framework/src/Illuminate/Database/Eloquent/Builder.php(1219): Illuminate/Database/Eloquent/Model->save()
#10 C:/Users/User/Documents/GitHub/EcoVolts/EcoVolts/vendor/laravel/framework/src/Illuminate/Support/helpers.php(393): Illuminate/Database/Eloquent/Builder->Illuminate/Database/Eloquent/{closure}(Object(App/Models/User))
#11 C:/Users/User/Documents/GitHub/EcoVolts/EcoVolts/vendor/laravel/framework/src/Illuminate/Database/Eloquent/Builder.php(1218): tap(Object(App/Models/User), Object(Closure))
#12 C:/Users/User/Documents/GitHub/EcoVolts/EcoVolts/vendor/laravel/framework/src/Illuminate/Support/Traits/ForwardsCalls.php(23): Illuminate/Database/Eloquent/Builder->create(Array)
#13 C:/Users/User/Documents/GitHub/EcoVolts/EcoVolts/vendor/laravel/framework/src/Illuminate/Database/Eloquent/Model.php(2544): Illuminate/Database/Eloquent/Model->forwardCallTo(Object(Illuminate/Database/Eloquent/Builder), 'create', Array)
#14 C:/Users/User/Documents/GitHub/EcoVolts/EcoVolts/vendor/laravel/framework/src/Illuminate/Database/Eloquent/Model.php(2560): Illuminate/Database/Eloquent/Model->__call('create', Array)
#15 C:/Users/User/Documents/GitHub/EcoVolts/EcoVolts/app/Http/Controllers/Auth/RegisteredUserController.php(44): Illuminate/Database/Eloquent/Model::__callStatic('create', Array)
#16 C:/Users/User/Documents/GitHub/EcoVolts/EcoVolts/vendor/laravel/framework/src/Illuminate/Routing/ControllerDispatcher.php(46): App/Http/Controllers/Auth/RegisteredUserController->store(Object(Illuminate/Http/Request))
#17 C:/Users/User/Documents/GitHub/EcoVolts/EcoVolts/vendor/laravel/framework/src/Illuminate/Routing/Route.php(265): Illuminate/Routing/ControllerDispatcher->dispatch(Object(Illuminate/Routing/Route), Object(App/Http/Controllers/Auth/RegisteredUserController), 'store')
#18 C:/Users/User/Documents/GitHub/EcoVolts/EcoVolts/vendor/laravel/framework/src/Illuminate/Routing/Route.php(211): Illuminate/Routing/Route->runController()
#19 C:/Users/User/Documents/GitHub/EcoVolts/EcoVolts/vendor/laravel/framework/src/Illuminate/Routing/Router.php(822): Illuminate/Routing/Route->run()
#20 C:/Users/User/Documents/GitHub/EcoVolts/EcoVolts/vendor/laravel/framework/src/Illuminate/Pipeline/Pipeline.php(180): Illuminate/Routing/Router->Illuminate/Routing/{closure}(Object(Illuminate/Http/Request))
#21 C:/Users/User/Documents/GitHub/EcoVolts/EcoVolts/vendor/laravel/framework/src/Illuminate/Auth/Middleware/RedirectIfAuthenticated.php(47): Illuminate/Pipeline/Pipeline->Illuminate/Pipeline/{closure}(Object(Illuminate/Http/Request))
#22 C:/Users/User/Documents/GitHub/EcoVolts/EcoVolts/vendor/laravel/framework/src/Illuminate/Pipeline/Pipeline.php(219): Illuminate/Auth/Middleware/RedirectIfAuthenticated->handle(Object(Illuminate/Http/Request), Object(Closure))
#23 C:/Users/User/Documents/GitHub/EcoVolts/EcoVolts/vendor/laravel/boost/src/Middleware/InjectBoost.php(22): Illuminate/Pipeline/Pipeline->Illuminate/Pipeline/{closure}(Object(Illuminate/Http/Request))
#24 C:/Users/User/Documents/GitHub/EcoVolts/EcoVolts/vendor/laravel/framework/src/Illuminate/Pipeline/Pipeline.php(219): Laravel/Boost/Middleware/InjectBoost->handle(Object(Illuminate/Http/Request), Object(Closure))
#25 C:/Users/User/Documents/GitHub/EcoVolts/EcoVolts/vendor/laravel/framework/src/Illuminate/Http/Middleware/AddLinkHeadersForPreloadedAssets.php(32): Illuminate/Pipeline/Pipeline->Illuminate/Pipeline/{closure}(Object(Illuminate/Http/Request))
#26 C:/Users/User/Documents/GitHub/EcoVolts/EcoVolts/vendor/laravel/framework/src/Illuminate/Pipeline/Pipeline.php(219): Illuminate/Http/Middleware/AddLinkHeadersForPreloadedAssets->handle(Object(Illuminate/Http/Request), Object(Closure))
#27 C:/Users/User/Documents/GitHub/EcoVolts/EcoVolts/vendor/inertiajs/inertia-laravel/src/Middleware.php(122): Illuminate/Pipeline/Pipeline->Illuminate/Pipeline/{closure}(Object(Illuminate/Http/Request))
#28 C:/Users/User/Documents/GitHub/EcoVolts/EcoVolts/vendor/laravel/framework/src/Illuminate/Pipeline/Pipeline.php(219): Inertia/Middleware->handle(Object(Illuminate/Http/Request), Object(Closure))
#29 C:/Users/User/Documents/GitHub/EcoVolts/EcoVolts/vendor/laravel/framework/src/Illuminate/Routing/Middleware/SubstituteBindings.php(50): Illuminate/Pipeline/Pipeline->Illuminate/Pipeline/{closure}(Object(Illuminate/Http/Request))
#30 C:/Users/User/Documents/GitHub/EcoVolts/EcoVolts/vendor/laravel/framework/src/Illuminate/Pipeline/Pipeline.php(219): Illuminate/Routing/Middleware/SubstituteBindings->handle(Object(Illuminate/Http/Request), Object(Closure))
#31 C:/Users/User/Documents/GitHub/EcoVolts/EcoVolts/vendor/laravel/framework/src/Illuminate/Foundation/Http/Middleware/VerifyCsrfToken.php(87): Illuminate/Pipeline/Pipeline->Illuminate/Pipeline/{closure}(Object(Illuminate/Http/Request))
#32 C:/Users/User/Documents/GitHub/EcoVolts/EcoVolts/vendor/laravel/framework/src/Illuminate/Pipeline/Pipeline.php(219): Illuminate/Foundation/Http/Middleware/VerifyCsrfToken->handle(Object(Illuminate/Http/Request), Object(Closure))
#33 C:/Users/User/Documents/GitHub/EcoVolts/EcoVolts/vendor/laravel/framework/src/Illuminate/View/Middleware/ShareErrorsFromSession.php(48): Illuminate/Pipeline/Pipeline->Illuminate/Pipeline/{closure}(Object(Illuminate/Http/Request))
#34 C:/Users/User/Documents/GitHub/EcoVolts/EcoVolts/vendor/laravel/framework/src/Illuminate/Pipeline/Pipeline.php(219): Illuminate/View/Middleware/ShareErrorsFromSession->handle(Object(Illuminate/Http/Request), Object(Closure))
#35 C:/Users/User/Documents/GitHub/EcoVolts/EcoVolts/vendor/laravel/framework/src/Illuminate/Session/Middleware/StartSession.php(120): Illuminate/Pipeline/Pipeline->Illuminate/Pipeline/{closure}(Object(Illuminate/Http/Request))
#36 C:/Users/User/Documents/GitHub/EcoVolts/EcoVolts/vendor/laravel/framework/src/Illuminate/Session/Middleware/StartSession.php(63): Illuminate/Session/Middleware/StartSession->handleStatefulRequest(Object(Illuminate/Http/Request), Object(Illuminate/Session/Store), Object(Closure))
#37 C:/Users/User/Documents/GitHub/EcoVolts/EcoVolts/vendor/laravel/framework/src/Illuminate/Pipeline/Pipeline.php(219): Illuminate/Session/Middleware/StartSession->handle(Object(Illuminate/Http/Request), Object(Closure))
#38 C:/Users/User/Documents/GitHub/EcoVolts/EcoVolts/vendor/laravel/framework/src/Illuminate/Cookie/Middleware/AddQueuedCookiesToResponse.php(36): Illuminate/Pipeline/Pipeline->Illuminate/Pipeline/{closure}(Object(Illuminate/Http/Request))
#39 C:/Users/User/Documents/GitHub/EcoVolts/EcoVolts/vendor/laravel/framework/src/Illuminate/Pipeline/Pipeline.php(219): Illuminate/Cookie/Middleware/AddQueuedCookiesToResponse->handle(Object(Illuminate/Http/Request), Object(Closure))
#40 C:/Users/User/Documents/GitHub/EcoVolts/EcoVolts/vendor/laravel/framework/src/Illuminate/Cookie/Middleware/EncryptCookies.php(74): Illuminate/Pipeline/Pipeline->Illuminate/Pipeline/{closure}(Object(Illuminate/Http/Request))
#41 C:/Users/User/Documents/GitHub/EcoVolts/EcoVolts/vendor/laravel/framework/src/Illuminate/Pipeline/Pipeline.php(219): Illuminate/Cookie/Middleware/EncryptCookies->handle(Object(Illuminate/Http/Request), Object(Closure))
#42 C:/Users/User/Documents/GitHub/EcoVolts/EcoVolts/vendor/laravel/framework/src/Illuminate/Pipeline/Pipeline.php(137): Illuminate/Pipeline/Pipeline->Illuminate/Pipeline/{closure}(Object(Illuminate/Http/Request))
#43 C:/Users/User/Documents/GitHub/EcoVolts/EcoVolts/vendor/laravel/framework/src/Illuminate/Routing/Router.php(821): Illuminate/Pipeline/Pipeline->then(Object(Closure))
#44 C:/Users/User/Documents/GitHub/EcoVolts/EcoVolts/vendor/laravel/framework/src/Illuminate/Routing/Router.php(800): Illuminate/Routing/Router->runRouteWithinStack(Object(Illuminate/Routing/Route), Object(Illuminate/Http/Request))
#45 C:/Users/User/Documents/GitHub/EcoVolts/EcoVolts/vendor/laravel/framework/src/Illuminate/Routing/Router.php(764): Illuminate/Routing/Router->runRoute(Object(Illuminate/Http/Request), Object(Illuminate/Routing/Route))
#46 C:/Users/User/Documents/GitHub/EcoVolts/EcoVolts/vendor/laravel/framework/src/Illuminate/Routing/Router.php(753): Illuminate/Routing/Router->dispatchToRoute(Object(Illuminate/Http/Request))
#47 C:/Users/User/Documents/GitHub/EcoVolts/EcoVolts/vendor/laravel/framework/src/Illuminate/Foundation/Http/Kernel.php(200): Illuminate/Routing/Router->dispatch(Object(Illuminate/Http/Request))
#48 C:/Users/User/Documents/GitHub/EcoVolts/EcoVolts/vendor/laravel/framework/src/Illuminate/Pipeline/Pipeline.php(180): Illuminate/Foundation/Http/Kernel->Illuminate/Foundation/Http/{closure}(Object(Illuminate/Http/Request))
#49 C:/Users/User/Documents/GitHub/EcoVolts/EcoVolts/vendor/laravel/framework/src/Illuminate/Foundation/Http/Middleware/TransformsRequest.php(21): Illuminate/Pipeline/Pipeline->Illuminate/Pipeline/{closure}(Object(Illuminate/Http/Request))
#50 C:/Users/User/Documents/GitHub/EcoVolts/EcoVolts/vendor/laravel/framework/src/Illuminate/Foundation/Http/Middleware/ConvertEmptyStringsToNull.php(31): Illuminate/Foundation/Http/Middleware/TransformsRequest->handle(Object(Illuminate/Http/Request), Object(Closure))
#51 C:/Users/User/Documents/GitHub/EcoVolts/EcoVolts/vendor/laravel/framework/src/Illuminate/Pipeline/Pipeline.php(219): Illuminate/Foundation/Http/Middleware/ConvertEmptyStringsToNull->handle(Object(Illuminate/Http/Request), Object(Closure))
#52 C:/Users/User/Documents/GitHub/EcoVolts/EcoVolts/vendor/laravel/framework/src/Illuminate/Foundation/Http/Middleware/TransformsRequest.php(21): Illuminate/Pipeline/Pipeline->Illuminate/Pipeline/{closure}(Object(Illuminate/Http/Request))
#53 C:/Users/User/Documents/GitHub/EcoVolts/EcoVolts/vendor/laravel/framework/src/Illuminate/Foundation/Http/Middleware/TrimStrings.php(51): Illuminate/Foundation/Http/Middleware/TransformsRequest->handle(Object(Illuminate/Http/Request), Object(Closure))
#54 C:/Users/User/Documents/GitHub/EcoVolts/EcoVolts/vendor/laravel/framework/src/Illuminate/Pipeline/Pipeline.php(219): Illuminate/Foundation/Http/Middleware/TrimStrings->handle(Object(Illuminate/Http/Request), Object(Closure))
#55 C:/Users/User/Documents/GitHub/EcoVolts/EcoVolts/vendor/laravel/framework/src/Illuminate/Http/Middleware/ValidatePostSize.php(27): Illuminate/Pipeline/Pipeline->Illuminate/Pipeline/{closure}(Object(Illuminate/Http/Request))
#56 C:/Users/User/Documents/GitHub/EcoVolts/EcoVolts/vendor/laravel/framework/src/Illuminate/Pipeline/Pipeline.php(219): Illuminate/Http/Middleware/ValidatePostSize->handle(Object(Illuminate/Http/Request), Object(Closure))
#57 C:/Users/User/Documents/GitHub/EcoVolts/EcoVolts/vendor/laravel/framework/src/Illuminate/Foundation/Http/Middleware/PreventRequestsDuringMaintenance.php(109): Illuminate/Pipeline/Pipeline->Illuminate/Pipeline/{closure}(Object(Illuminate/Http/Request))
#58 C:/Users/User/Documents/GitHub/EcoVolts/EcoVolts/vendor/laravel/framework/src/Illuminate/Pipeline/Pipeline.php(219): Illuminate/Foundation/Http/Middleware/PreventRequestsDuringMaintenance->handle(Object(Illuminate/Http/Request), Object(Closure))
#59 C:/Users/User/Documents/GitHub/EcoVolts/EcoVolts/vendor/laravel/framework/src/Illuminate/Http/Middleware/HandleCors.php(61): Illuminate/Pipeline/Pipeline->Illuminate/Pipeline/{closure}(Object(Illuminate/Http/Request))
#60 C:/Users/User/Documents/GitHub/EcoVolts/EcoVolts/vendor/laravel/framework/src/Illuminate/Pipeline/Pipeline.php(219): Illuminate/Http/Middleware/HandleCors->handle(Object(Illuminate/Http/Request), Object(Closure))
#61 C:/Users/User/Documents/GitHub/EcoVolts/EcoVolts/vendor/laravel/framework/src/Illuminate/Http/Middleware/TrustProxies.php(58): Illuminate/Pipeline/Pipeline->Illuminate/Pipeline/{closure}(Object(Illuminate/Http/Request))
#62 C:/Users/User/Documents/GitHub/EcoVolts/EcoVolts/vendor/laravel/framework/src/Illuminate/Pipeline/Pipeline.php(219): Illuminate/Http/Middleware/TrustProxies->handle(Object(Illuminate/Http/Request), Object(Closure))
#63 C:/Users/User/Documents/GitHub/EcoVolts/EcoVolts/vendor/laravel/framework/src/Illuminate/Foundation/Http/Middleware/InvokeDeferredCallbacks.php(22): Illuminate/Pipeline/Pipeline->Illuminate/Pipeline/{closure}(Object(Illuminate/Http/Request))
#64 C:/Users/User/Documents/GitHub/EcoVolts/EcoVolts/vendor/laravel/framework/src/Illuminate/Pipeline/Pipeline.php(219): Illuminate/Foundation/Http/Middleware/InvokeDeferredCallbacks->handle(Object(Illuminate/Http/Request), Object(Closure))
#65 C:/Users/User/Documents/GitHub/EcoVolts/EcoVolts/vendor/laravel/framework/src/Illuminate/Http/Middleware/ValidatePathEncoding.php(26): Illuminate/Pipeline/Pipeline->Illuminate/Pipeline/{closure}(Object(Illuminate/Http/Request))
#66 C:/Users/User/Documents/GitHub/EcoVolts/EcoVolts/vendor/laravel/framework/src/Illuminate/Pipeline/Pipeline.php(219): Illuminate/Http/Middleware/ValidatePathEncoding->handle(Object(Illuminate/Http/Request), Object(Closure))
#67 C:/Users/User/Documents/GitHub/EcoVolts/EcoVolts/vendor/laravel/framework/src/Illuminate/Pipeline/Pipeline.php(137): Illuminate/Pipeline/Pipeline->Illuminate/Pipeline/{closure}(Object(Illuminate/Http/Request))
#68 C:/Users/User/Documents/GitHub/EcoVolts/EcoVolts/vendor/laravel/framework/src/Illuminate/Foundation/Http/Kernel.php(175): Illuminate/Pipeline/Pipeline->then(Object(Closure))
#69 C:/Users/User/Documents/GitHub/EcoVolts/EcoVolts/vendor/laravel/framework/src/Illuminate/Foundation/Http/Kernel.php(144): Illuminate/Foundation/Http/Kernel->sendRequestThroughRouter(Object(Illuminate/Http/Request))
#70 C:/Users/User/Documents/GitHub/EcoVolts/EcoVolts/vendor/laravel/framework/src/Illuminate/Foundation/Application.php(1220): Illuminate/Foundation/Http/Kernel->handle(Object(Illuminate/Http/Request))
#71 C:/Users/User/Documents/GitHub/EcoVolts/EcoVolts/public/index.php(17): Illuminate/Foundation/Application->handleRequest(Object(Illuminate/Http/Request))
#72 C:/Users/User/Documents/GitHub/EcoVolts/EcoVolts/vendor/laravel/framework/src/Illuminate/Foundation/resources/server.php(23): require_once('C://Users//User//D...')
#73 {main}

[previous exception] [object] (PDOException(code: HY000): SQLSTATE[HY000]: General error: 1 table users has no column named cpf at C:/Users/User/Documents/GitHub/EcoVolts/EcoVolts/vendor/laravel/framework/src/Illuminate/Database/Connection.php:578)
[stacktrace]
#0 C:/Users/User/Documents/GitHub/EcoVolts/EcoVolts/vendor/laravel/framework/src/Illuminate/Database/Connection.php(578): PDO->prepare('insert into \"us...')
#1 C:/Users/User/Documents/GitHub/EcoVolts/EcoVolts/vendor/laravel/framework/src/Illuminate/Database/Connection.php(827): Illuminate/Database/Connection->Illuminate/Database/{closure}('insert into \"us...', Array)
#2 C:/Users/User/Documents/GitHub/EcoVolts/EcoVolts/vendor/laravel/framework/src/Illuminate/Database/Connection.php(794): Illuminate/Database/Connection->runQueryCallback('insert into \"us...', Array, Object(Closure))
#3 C:/Users/User/Documents/GitHub/EcoVolts/EcoVolts/vendor/laravel/framework/src/Illuminate/Database/Connection.php(573): Illuminate/Database/Connection->run('insert into \"us...', Array, Object(Closure))
#4 C:/Users/User/Documents/GitHub/EcoVolts/EcoVolts/vendor/laravel/framework/src/Illuminate/Database/Connection.php(537): Illuminate/Database/Connection->statement('insert into \"us...', Array)
#5 C:/Users/User/Documents/GitHub/EcoVolts/EcoVolts/vendor/laravel/framework/src/Illuminate/Database/Query/Processors/Processor.php(32): Illuminate/Database/Connection->insert('insert into \"us...', Array)
#6 C:/Users/User/Documents/GitHub/EcoVolts/EcoVolts/vendor/laravel/framework/src/Illuminate/Database/Query/Builder.php(4170): Illuminate/Database/Query/Processors/Processor->processInsertGetId(Object(Illuminate/Database/Query/Builder), 'insert into \"us...', Array, 'id')
#7 C:/Users/User/Documents/GitHub/EcoVolts/EcoVolts/vendor/laravel/framework/src/Illuminate/Database/Eloquent/Builder.php(2237): Illuminate/Database/Query/Builder->insertGetId(Array, 'id')
#8 C:/Users/User/Documents/GitHub/EcoVolts/EcoVolts/vendor/laravel/framework/src/Illuminate/Database/Eloquent/Model.php(1436): Illuminate/Database/Eloquent/Builder->__call('insertGetId', Array)
#9 C:/Users/User/Documents/GitHub/EcoVolts/EcoVolts/vendor/laravel/framework/src/Illuminate/Database/Eloquent/Model.php(1401): Illuminate/Database/Eloquent/Model->insertAndSetId(Object(Illuminate/Database/Eloquent/Builder), Array)
#10 C:/Users/User/Documents/GitHub/EcoVolts/EcoVolts/vendor/laravel/framework/src/Illuminate/Database/Eloquent/Model.php(1240): Illuminate/Database/Eloquent/Model->performInsert(Object(Illuminate/Database/Eloquent/Builder))
#11 C:/Users/User/Documents/GitHub/EcoVolts/EcoVolts/vendor/laravel/framework/src/Illuminate/Database/Eloquent/Builder.php(1219): Illuminate/Database/Eloquent/Model->save()
#12 C:/Users/User/Documents/GitHub/EcoVolts/EcoVolts/vendor/laravel/framework/src/Illuminate/Support/helpers.php(393): Illuminate/Database/Eloquent/Builder->Illuminate/Database/Eloquent/{closure}(Object(App/Models/User))
#13 C:/Users/User/Documents/GitHub/EcoVolts/EcoVolts/vendor/laravel/framework/src/Illuminate/Database/Eloquent/Builder.php(1218): tap(Object(App/Models/User), Object(Closure))
#14 C:/Users/User/Documents/GitHub/EcoVolts/EcoVolts/vendor/laravel/framework/src/Illuminate/Support/Traits/ForwardsCalls.php(23): Illuminate/Database/Eloquent/Builder->create(Array)
#15 C:/Users/User/Documents/GitHub/EcoVolts/EcoVolts/vendor/laravel/framework/src/Illuminate/Database/Eloquent/Model.php(2544): Illuminate/Database/Eloquent/Model->forwardCallTo(Object(Illuminate/Database/Eloquent/Builder), 'create', Array)
#16 C:/Users/User/Documents/GitHub/EcoVolts/EcoVolts/vendor/laravel/framework/src/Illuminate/Database/Eloquent/Model.php(2560): Illuminate/Database/Eloquent/Model->__call('create', Array)
#17 C:/Users/User/Documents/GitHub/EcoVolts/EcoVolts/app/Http/Controllers/Auth/RegisteredUserController.php(44): Illuminate/Database/Eloquent/Model::__callStatic('create', Array)
#18 C:/Users/User/Documents/GitHub/EcoVolts/EcoVolts/vendor/laravel/framework/src/Illuminate/Routing/ControllerDispatcher.php(46): App/Http/Controllers/Auth/RegisteredUserController->store(Object(Illuminate/Http/Request))
#19 C:/Users/User/Documents/GitHub/EcoVolts/EcoVolts/vendor/laravel/framework/src/Illuminate/Routing/Route.php(265): Illuminate/Routing/ControllerDispatcher->dispatch(Object(Illuminate/Routing/Route), Object(App/Http/Controllers/Auth/RegisteredUserController), 'store')
#20 C:/Users/User/Documents/GitHub/EcoVolts/EcoVolts/vendor/laravel/framework/src/Illuminate/Routing/Route.php(211): Illuminate/Routing/Route->runController()
#21 C:/Users/User/Documents/GitHub/EcoVolts/EcoVolts/vendor/laravel/framework/src/Illuminate/Routing/Router.php(822): Illuminate/Routing/Route->run()
#22 C:/Users/User/Documents/GitHub/EcoVolts/EcoVolts/vendor/laravel/framework/src/Illuminate/Pipeline/Pipeline.php(180): Illuminate/Routing/Router->Illuminate/Routing/{closure}(Object(Illuminate/Http/Request))
#23 C:/Users/User/Documents/GitHub/EcoVolts/EcoVolts/vendor/laravel/framework/src/Illuminate/Auth/Middleware/RedirectIfAuthenticated.php(47): Illuminate/Pipeline/Pipeline->Illuminate/Pipeline/{closure}(Object(Illuminate/Http/Request))
#24 C:/Users/User/Documents/GitHub/EcoVolts/EcoVolts/vendor/laravel/framework/src/Illuminate/Pipeline/Pipeline.php(219): Illuminate/Auth/Middleware/RedirectIfAuthenticated->handle(Object(Illuminate/Http/Request), Object(Closure))
#25 C:/Users/User/Documents/GitHub/EcoVolts/EcoVolts/vendor/laravel/boost/src/Middleware/InjectBoost.php(22): Illuminate/Pipeline/Pipeline->Illuminate/Pipeline/{closure}(Object(Illuminate/Http/Request))
#26 C:/Users/User/Documents/GitHub/EcoVolts/EcoVolts/vendor/laravel/framework/src/Illuminate/Pipeline/Pipeline.php(219): Laravel/Boost/Middleware/InjectBoost->handle(Object(Illuminate/Http/Request), Object(Closure))
#27 C:/Users/User/Documents/GitHub/EcoVolts/EcoVolts/vendor/laravel/framework/src/Illuminate/Http/Middleware/AddLinkHeadersForPreloadedAssets.php(32): Illuminate/Pipeline/Pipeline->Illuminate/Pipeline/{closure}(Object(Illuminate/Http/Request))
#28 C:/Users/User/Documents/GitHub/EcoVolts/EcoVolts/vendor/laravel/framework/src/Illuminate/Pipeline/Pipeline.php(219): Illuminate/Http/Middleware/AddLinkHeadersForPreloadedAssets->handle(Object(Illuminate/Http/Request), Object(Closure))
#29 C:/Users/User/Documents/GitHub/EcoVolts/EcoVolts/vendor/inertiajs/inertia-laravel/src/Middleware.php(122): Illuminate/Pipeline/Pipeline->Illuminate/Pipeline/{closure}(Object(Illuminate/Http/Request))
#30 C:/Users/User/Documents/GitHub/EcoVolts/EcoVolts/vendor/laravel/framework/src/Illuminate/Pipeline/Pipeline.php(219): Inertia/Middleware->handle(Object(Illuminate/Http/Request), Object(Closure))
#31 C:/Users/User/Documents/GitHub/EcoVolts/EcoVolts/vendor/laravel/framework/src/Illuminate/Routing/Middleware/SubstituteBindings.php(50): Illuminate/Pipeline/Pipeline->Illuminate/Pipeline/{closure}(Object(Illuminate/Http/Request))
#32 C:/Users/User/Documents/GitHub/EcoVolts/EcoVolts/vendor/laravel/framework/src/Illuminate/Pipeline/Pipeline.php(219): Illuminate/Routing/Middleware/SubstituteBindings->handle(Object(Illuminate/Http/Request), Object(Closure))
#33 C:/Users/User/Documents/GitHub/EcoVolts/EcoVolts/vendor/laravel/framework/src/Illuminate/Foundation/Http/Middleware/VerifyCsrfToken.php(87): Illuminate/Pipeline/Pipeline->Illuminate/Pipeline/{closure}(Object(Illuminate/Http/Request))
#34 C:/Users/User/Documents/GitHub/EcoVolts/EcoVolts/vendor/laravel/framework/src/Illuminate/Pipeline/Pipeline.php(219): Illuminate/Foundation/Http/Middleware/VerifyCsrfToken->handle(Object(Illuminate/Http/Request), Object(Closure))
#35 C:/Users/User/Documents/GitHub/EcoVolts/EcoVolts/vendor/laravel/framework/src/Illuminate/View/Middleware/ShareErrorsFromSession.php(48): Illuminate/Pipeline/Pipeline->Illuminate/Pipeline/{closure}(Object(Illuminate/Http/Request))
#36 C:/Users/User/Documents/GitHub/EcoVolts/EcoVolts/vendor/laravel/framework/src/Illuminate/Pipeline/Pipeline.php(219): Illuminate/View/Middleware/ShareErrorsFromSession->handle(Object(Illuminate/Http/Request), Object(Closure))
#37 C:/Users/User/Documents/GitHub/EcoVolts/EcoVolts/vendor/laravel/framework/src/Illuminate/Session/Middleware/StartSession.php(120): Illuminate/Pipeline/Pipeline->Illuminate/Pipeline/{closure}(Object(Illuminate/Http/Request))
#38 C:/Users/User/Documents/GitHub/EcoVolts/EcoVolts/vendor/laravel/framework/src/Illuminate/Session/Middleware/StartSession.php(63): Illuminate/Session/Middleware/StartSession->handleStatefulRequest(Object(Illuminate/Http/Request), Object(Illuminate/Session/Store), Object(Closure))
#39 C:/Users/User/Documents/GitHub/EcoVolts/EcoVolts/vendor/laravel/framework/src/Illuminate/Pipeline/Pipeline.php(219): Illuminate/Session/Middleware/StartSession->handle(Object(Illuminate/Http/Request), Object(Closure))
#40 C:/Users/User/Documents/GitHub/EcoVolts/EcoVolts/vendor/laravel/framework/src/Illuminate/Cookie/Middleware/AddQueuedCookiesToResponse.php(36): Illuminate/Pipeline/Pipeline->Illuminate/Pipeline/{closure}(Object(Illuminate/Http/Request))
#41 C:/Users/User/Documents/GitHub/EcoVolts/EcoVolts/vendor/laravel/framework/src/Illuminate/Pipeline/Pipeline.php(219): Illuminate/Cookie/Middleware/AddQueuedCookiesToResponse->handle(Object(Illuminate/Http/Request), Object(Closure))
#42 C:/Users/User/Documents/GitHub/EcoVolts/EcoVolts/vendor/laravel/framework/src/Illuminate/Cookie/Middleware/EncryptCookies.php(74): Illuminate/Pipeline/Pipeline->Illuminate/Pipeline/{closure}(Object(Illuminate/Http/Request))
#43 C:/Users/User/Documents/GitHub/EcoVolts/EcoVolts/vendor/laravel/framework/src/Illuminate/Pipeline/Pipeline.php(219): Illuminate/Cookie/Middleware/EncryptCookies->handle(Object(Illuminate/Http/Request), Object(Closure))
#44 C:/Users/User/Documents/GitHub/EcoVolts/EcoVolts/vendor/laravel/framework/src/Illuminate/Pipeline/Pipeline.php(137): Illuminate/Pipeline/Pipeline->Illuminate/Pipeline/{closure}(Object(Illuminate/Http/Request))
#45 C:/Users/User/Documents/GitHub/EcoVolts/EcoVolts/vendor/laravel/framework/src/Illuminate/Routing/Router.php(821): Illuminate/Pipeline/Pipeline->then(Object(Closure))
#46 C:/Users/User/Documents/GitHub/EcoVolts/EcoVolts/vendor/laravel/framework/src/Illuminate/Routing/Router.php(800): Illuminate/Routing/Router->runRouteWithinStack(Object(Illuminate/Routing/Route), Object(Illuminate/Http/Request))
#47 C:/Users/User/Documents/GitHub/EcoVolts/EcoVolts/vendor/laravel/framework/src/Illuminate/Routing/Router.php(764): Illuminate/Routing/Router->runRoute(Object(Illuminate/Http/Request), Object(Illuminate/Routing/Route))
#48 C:/Users/User/Documents/GitHub/EcoVolts/EcoVolts/vendor/laravel/framework/src/Illuminate/Routing/Router.php(753): Illuminate/Routing/Router->dispatchToRoute(Object(Illuminate/Http/Request))
#49 C:/Users/User/Documents/GitHub/EcoVolts/EcoVolts/vendor/laravel/framework/src/Illuminate/Foundation/Http/Kernel.php(200): Illuminate/Routing/Router->dispatch(Object(Illuminate/Http/Request))
#50 C:/Users/User/Documents/GitHub/EcoVolts/EcoVolts/vendor/laravel/framework/src/Illuminate/Pipeline/Pipeline.php(180): Illuminate/Foundation/Http/Kernel->Illuminate/Foundation/Http/{closure}(Object(Illuminate/Http/Request))
#51 C:/Users/User/Documents/GitHub/EcoVolts/EcoVolts/vendor/laravel/framework/src/Illuminate/Foundation/Http/Middleware/TransformsRequest.php(21): Illuminate/Pipeline/Pipeline->Illuminate/Pipeline/{closure}(Object(Illuminate/Http/Request))
#52 C:/Users/User/Documents/GitHub/EcoVolts/EcoVolts/vendor/laravel/framework/src/Illuminate/Foundation/Http/Middleware/ConvertEmptyStringsToNull.php(31): Illuminate/Foundation/Http/Middleware/TransformsRequest->handle(Object(Illuminate/Http/Request), Object(Closure))
#53 C:/Users/User/Documents/GitHub/EcoVolts/EcoVolts/vendor/laravel/framework/src/Illuminate/Pipeline/Pipeline.php(219): Illuminate/Foundation/Http/Middleware/ConvertEmptyStringsToNull->handle(Object(Illuminate/Http/Request), Object(Closure))
#54 C:/Users/User/Documents/GitHub/EcoVolts/EcoVolts/vendor/laravel/framework/src/Illuminate/Foundation/Http/Middleware/TransformsRequest.php(21): Illuminate/Pipeline/Pipeline->Illuminate/Pipeline/{closure}(Object(Illuminate/Http/Request))
#55 C:/Users/User/Documents/GitHub/EcoVolts/EcoVolts/vendor/laravel/framework/src/Illuminate/Foundation/Http/Middleware/TrimStrings.php(51): Illuminate/Foundation/Http/Middleware/TransformsRequest->handle(Object(Illuminate/Http/Request), Object(Closure))
#56 C:/Users/User/Documents/GitHub/EcoVolts/EcoVolts/vendor/laravel/framework/src/Illuminate/Pipeline/Pipeline.php(219): Illuminate/Foundation/Http/Middleware/TrimStrings->handle(Object(Illuminate/Http/Request), Object(Closure))
#57 C:/Users/User/Documents/GitHub/EcoVolts/EcoVolts/vendor/laravel/framework/src/Illuminate/Http/Middleware/ValidatePostSize.php(27): Illuminate/Pipeline/Pipeline->Illuminate/Pipeline/{closure}(Object(Illuminate/Http/Request))
#58 C:/Users/User/Documents/GitHub/EcoVolts/EcoVolts/vendor/laravel/framework/src/Illuminate/Pipeline/Pipeline.php(219): Illuminate/Http/Middleware/ValidatePostSize->handle(Object(Illuminate/Http/Request), Object(Closure))
#59 C:/Users/User/Documents/GitHub/EcoVolts/EcoVolts/vendor/laravel/framework/src/Illuminate/Foundation/Http/Middleware/PreventRequestsDuringMaintenance.php(109): Illuminate/Pipeline/Pipeline->Illuminate/Pipeline/{closure}(Object(Illuminate/Http/Request))
#60 C:/Users/User/Documents/GitHub/EcoVolts/EcoVolts/vendor/laravel/framework/src/Illuminate/Pipeline/Pipeline.php(219): Illuminate/Foundation/Http/Middleware/PreventRequestsDuringMaintenance->handle(Object(Illuminate/Http/Request), Object(Closure))
#61 C:/Users/User/Documents/GitHub/EcoVolts/EcoVolts/vendor/laravel/framework/src/Illuminate/Http/Middleware/HandleCors.php(61): Illuminate/Pipeline/Pipeline->Illuminate/Pipeline/{closure}(Object(Illuminate/Http/Request))
#62 C:/Users/User/Documents/GitHub/EcoVolts/EcoVolts/vendor/laravel/framework/src/Illuminate/Pipeline/Pipeline.php(219): Illuminate/Http/Middleware/HandleCors->handle(Object(Illuminate/Http/Request), Object(Closure))
#63 C:/Users/User/Documents/GitHub/EcoVolts/EcoVolts/vendor/laravel/framework/src/Illuminate/Http/Middleware/TrustProxies.php(58): Illuminate/Pipeline/Pipeline->Illuminate/Pipeline/{closure}(Object(Illuminate/Http/Request))
#64 C:/Users/User/Documents/GitHub/EcoVolts/EcoVolts/vendor/laravel/framework/src/Illuminate/Pipeline/Pipeline.php(219): Illuminate/Http/Middleware/TrustProxies->handle(Object(Illuminate/Http/Request), Object(Closure))
#65 C:/Users/User/Documents/GitHub/EcoVolts/EcoVolts/vendor/laravel/framework/src/Illuminate/Foundation/Http/Middleware/InvokeDeferredCallbacks.php(22): Illuminate/Pipeline/Pipeline->Illuminate/Pipeline/{closure}(Object(Illuminate/Http/Request))
#66 C:/Users/User/Documents/GitHub/EcoVolts/EcoVolts/vendor/laravel/framework/src/Illuminate/Pipeline/Pipeline.php(219): Illuminate/Foundation/Http/Middleware/InvokeDeferredCallbacks->handle(Object(Illuminate/Http/Request), Object(Closure))
#67 C:/Users/User/Documents/GitHub/EcoVolts/EcoVolts/vendor/laravel/framework/src/Illuminate/Http/Middleware/ValidatePathEncoding.php(26): Illuminate/Pipeline/Pipeline->Illuminate/Pipeline/{closure}(Object(Illuminate/Http/Request))
#68 C:/Users/User/Documents/GitHub/EcoVolts/EcoVolts/vendor/laravel/framework/src/Illuminate/Pipeline/Pipeline.php(219): Illuminate/Http/Middleware/ValidatePathEncoding->handle(Object(Illuminate/Http/Request), Object(Closure))
#69 C:/Users/User/Documents/GitHub/EcoVolts/EcoVolts/vendor/laravel/framework/src/Illuminate/Pipeline/Pipeline.php(137): Illuminate/Pipeline/Pipeline->Illuminate/Pipeline/{closure}(Object(Illuminate/Http/Request))
#70 C:/Users/User/Documents/GitHub/EcoVolts/EcoVolts/vendor/laravel/framework/src/Illuminate/Foundation/Http/Kernel.php(175): Illuminate/Pipeline/Pipeline->then(Object(Closure))
#71 C:/Users/User/Documents/GitHub/EcoVolts/EcoVolts/vendor/laravel/framework/src/Illuminate/Foundation/Http/Kernel.php(144): Illuminate/Foundation/Http/Kernel->sendRequestThroughRouter(Object(Illuminate/Http/Request))
#72 C:/Users/User/Documents/GitHub/EcoVolts/EcoVolts/vendor/laravel/framework/src/Illuminate/Foundation/Application.php(1220): Illuminate/Foundation/Http/Kernel->handle(Object(Illuminate/Http/Request))
#73 C:/Users/User/Documents/GitHub/EcoVolts/EcoVolts/public/index.php(17): Illuminate/Foundation/Application->handleRequest(Object(Illuminate/Http/Request))
#74 C:/Users/User/Documents/GitHub/EcoVolts/EcoVolts/vendor/laravel/framework/src/Illuminate/Foundation/resources/server.php(23): require_once('C://Users//User//D...')
#75 {main}
"} 
[2026-09-09 17:32:57] local.ERROR: The [pcntl] extension is required to run Pail. {"exception":"[object] (RuntimeException(code: 0): The [pcntl] extension is required to run Pail. at C:/Users/User/Documents/GitHub/EcoVolts/EcoVolts/vendor/laravel/pail/src/Guards/EnsurePcntlIsAvailable.php:15)
[stacktrace]
#0 C:/Users/User/Documents/GitHub/EcoVolts/EcoVolts/vendor/laravel/pail/src/Console/Commands/PailCommand.php(46): Laravel/Pail/Guards/EnsurePcntlIsAvailable::check()
#1 C:/Users/User/Documents/GitHub/EcoVolts/EcoVolts/vendor/laravel/framework/src/Illuminate/Container/BoundMethod.php(36): Laravel/Pail/Console/Commands/PailCommand->handle(Object(Laravel/Pail/ProcessFactory))
#2 C:/Users/User/Documents/GitHub/EcoVolts/EcoVolts/vendor/laravel/framework/src/Illuminate/Container/Util.php(43): Illuminate/Container/BoundMethod::Illuminate/Container/{closure}()
#3 C:/Users/User/Documents/GitHub/EcoVolts/EcoVolts/vendor/laravel/framework/src/Illuminate/Container/BoundMethod.php(96): Illuminate/Container/Util::unwrapIfClosure(Object(Closure))
#4 C:/Users/User/Documents/GitHub/EcoVolts/EcoVolts/vendor/laravel/framework/src/Illuminate/Container/BoundMethod.php(35): Illuminate/Container/BoundMethod::callBoundMethod(Object(Illuminate/Foundation/Application), Array, Object(Closure))
#5 C:/Users/User/Documents/GitHub/EcoVolts/EcoVolts/vendor/laravel/framework/src/Illuminate/Container/Container.php(799): Illuminate/Container/BoundMethod::call(Object(Illuminate/Foundation/Application), Array, Array, NULL)
#6 C:/Users/User/Documents/GitHub/EcoVolts/EcoVolts/vendor/laravel/framework/src/Illuminate/Console/Command.php(211): Illuminate/Container/Container->call(Array)
#7 C:/Users/User/Documents/GitHub/EcoVolts/EcoVolts/vendor/symfony/console/Command/Command.php(341): Illuminate/Console/Command->execute(Object(Symfony/Component/Console/Input/ArgvInput), Object(Illuminate/Console/OutputStyle))
#8 C:/Users/User/Documents/GitHub/EcoVolts/EcoVolts/vendor/laravel/framework/src/Illuminate/Console/Command.php(180): Symfony/Component/Console/Command/Command->run(Object(Symfony/Component/Console/Input/ArgvInput), Object(Illuminate/Console/OutputStyle))
#9 C:/Users/User/Documents/GitHub/EcoVolts/EcoVolts/vendor/symfony/console/Application.php(1117): Illuminate/Console/Command->run(Object(Symfony/Component/Console/Input/ArgvInput), Object(Symfony/Component/Console/Output/ConsoleOutput))
#10 C:/Users/User/Documents/GitHub/EcoVolts/EcoVolts/vendor/symfony/console/Application.php(356): Symfony/Component/Console/Application->doRunCommand(Object(Laravel/Pail/Console/Commands/PailCommand), Object(Symfony/Component/Console/Input/ArgvInput), Object(Symfony/Component/Console/Output/ConsoleOutput))
#11 C:/Users/User/Documents/GitHub/EcoVolts/EcoVolts/vendor/symfony/console/Application.php(195): Symfony/Component/Console/Application->doRun(Object(Symfony/Component/Console/Input/ArgvInput), Object(Symfony/Component/Console/Output/ConsoleOutput))
#12 C:/Users/User/Documents/GitHub/EcoVolts/EcoVolts/vendor/laravel/framework/src/Illuminate/Foundation/Console/Kernel.php(198): Symfony/Component/Console/Application->run(Object(Symfony/Component/Console/Input/ArgvInput), Object(Symfony/Component/Console/Output/ConsoleOutput))
#13 C:/Users/User/Documents/GitHub/EcoVolts/EcoVolts/vendor/laravel/framework/src/Illuminate/Foundation/Application.php(1235): Illuminate/Foundation/Console/Kernel->handle(Object(Symfony/Component/Console/Input/ArgvInput), Object(Symfony/Component/Console/Output/ConsoleOutput))
#14 C:/Users/User/Documents/GitHub/EcoVolts/EcoVolts/artisan(13): Illuminate/Foundation/Application->handleCommand(Object(Symfony/Component/Console/Input/ArgvInput))
#15 {main}
"} 
[2026-09-09 17:39:54] local.ERROR: SQLSTATE[HY000]: General error: 1 table users has no column named cpf (Connection: sqlite, Database: C:\Users\User\Documents\GitHub\EcoVolts\EcoVolts\database\database.sqlite, SQL: insert into "users" ("name", "cpf", "phone", "cep", "city", "neighborhood", "street", "email", "password", "updated_at", "created_at") values (123123, 123123, 123123, 123123, 123123, 123123, 123123, csdf@dasd, $2y$12$flFxU.NrqdYSHAhXBxZgb.sxZRdInRXAmDhyffhyOvDLBrjcjCvi2, 2026-09-09 17:39:54, 2026-09-09 17:39:54)) {"exception":"[object] (Illuminate\\Database\\QueryException(code: HY000): SQLSTATE[HY000]: General error: 1 table users has no column named cpf (Connection: sqlite, Database: C:\\Users\\User\\Documents\\GitHub\\EcoVolts\\EcoVolts\\database\\database.sqlite, SQL: insert into \"users\" (\"name\", \"cpf\", \"phone\", \"cep\", \"city\", \"neighborhood\", \"street\", \"email\", \"password\", \"updated_at\", \"created_at\") values (123123, 123123, 123123, 123123, 123123, 123123, 123123, csdf@dasd, $2y$12$flFxU.NrqdYSHAhXBxZgb.sxZRdInRXAmDhyffhyOvDLBrjcjCvi2, 2026-09-09 17:39:54, 2026-09-09 17:39:54)) at C:/Users/User/Documents/GitHub/EcoVolts/EcoVolts/vendor/laravel/framework/src/Illuminate/Database/Connection.php:838)
[stacktrace]
#0 C:/Users/User/Documents/GitHub/EcoVolts/EcoVolts/vendor/laravel/framework/src/Illuminate/Database/Connection.php(794): Illuminate/Database/Connection->runQueryCallback('insert into \"us...', Array, Object(Closure))
#1 C:/Users/User/Documents/GitHub/EcoVolts/EcoVolts/vendor/laravel/framework/src/Illuminate/Database/Connection.php(573): Illuminate/Database/Connection->run('insert into \"us...', Array, Object(Closure))
#2 C:/Users/User/Documents/GitHub/EcoVolts/EcoVolts/vendor/laravel/framework/src/Illuminate/Database/Connection.php(537): Illuminate/Database/Connection->statement('insert into \"us...', Array)
#3 C:/Users/User/Documents/GitHub/EcoVolts/EcoVolts/vendor/laravel/framework/src/Illuminate/Database/Query/Processors/Processor.php(32): Illuminate/Database/Connection->insert('insert into \"us...', Array)
#4 C:/Users/User/Documents/GitHub/EcoVolts/EcoVolts/vendor/laravel/framework/src/Illuminate/Database/Query/Builder.php(4170): Illuminate/Database/Query/Processors/Processor->processInsertGetId(Object(Illuminate/Database/Query/Builder), 'insert into \"us...', Array, 'id')
#5 C:/Users/User/Documents/GitHub/EcoVolts/EcoVolts/vendor/laravel/framework/src/Illuminate/Database/Eloquent/Builder.php(2237): Illuminate/Database/Query/Builder->insertGetId(Array, 'id')
#6 C:/Users/User/Documents/GitHub/EcoVolts/EcoVolts/vendor/laravel/framework/src/Illuminate/Database/Eloquent/Model.php(1436): Illuminate/Database/Eloquent/Builder->__call('insertGetId', Array)
#7 C:/Users/User/Documents/GitHub/EcoVolts/EcoVolts/vendor/laravel/framework/src/Illuminate/Database/Eloquent/Model.php(1401): Illuminate/Database/Eloquent/Model->insertAndSetId(Object(Illuminate/Database/Eloquent/Builder), Array)
#8 C:/Users/User/Documents/GitHub/EcoVolts/EcoVolts/vendor/laravel/framework/src/Illuminate/Database/Eloquent/Model.php(1240): Illuminate/Database/Eloquent/Model->performInsert(Object(Illuminate/Database/Eloquent/Builder))
#9 C:/Users/User/Documents/GitHub/EcoVolts/EcoVolts/vendor/laravel/framework/src/Illuminate/Database/Eloquent/Builder.php(1219): Illuminate/Database/Eloquent/Model->save()
#10 C:/Users/User/Documents/GitHub/EcoVolts/EcoVolts/vendor/laravel/framework/src/Illuminate/Support/helpers.php(393): Illuminate/Database/Eloquent/Builder->Illuminate/Database/Eloquent/{closure}(Object(App/Models/User))
#11 C:/Users/User/Documents/GitHub/EcoVolts/EcoVolts/vendor/laravel/framework/src/Illuminate/Database/Eloquent/Builder.php(1218): tap(Object(App/Models/User), Object(Closure))
#12 C:/Users/User/Documents/GitHub/EcoVolts/EcoVolts/vendor/laravel/framework/src/Illuminate/Support/Traits/ForwardsCalls.php(23): Illuminate/Database/Eloquent/Builder->create(Array)
#13 C:/Users/User/Documents/GitHub/EcoVolts/EcoVolts/vendor/laravel/framework/src/Illuminate/Database/Eloquent/Model.php(2544): Illuminate/Database/Eloquent/Model->forwardCallTo(Object(Illuminate/Database/Eloquent/Builder), 'create', Array)
#14 C:/Users/User/Documents/GitHub/EcoVolts/EcoVolts/vendor/laravel/framework/src/Illuminate/Database/Eloquent/Model.php(2560): Illuminate/Database/Eloquent/Model->__call('create', Array)
#15 C:/Users/User/Documents/GitHub/EcoVolts/EcoVolts/app/Http/Controllers/Auth/RegisteredUserController.php(44): Illuminate/Database/Eloquent/Model::__callStatic('create', Array)
#16 C:/Users/User/Documents/GitHub/EcoVolts/EcoVolts/vendor/laravel/framework/src/Illuminate/Routing/ControllerDispatcher.php(46): App/Http/Controllers/Auth/RegisteredUserController->store(Object(Illuminate/Http/Request))
#17 C:/Users/User/Documents/GitHub/EcoVolts/EcoVolts/vendor/laravel/framework/src/Illuminate/Routing/Route.php(265): Illuminate/Routing/ControllerDispatcher->dispatch(Object(Illuminate/Routing/Route), Object(App/Http/Controllers/Auth/RegisteredUserController), 'store')
#18 C:/Users/User/Documents/GitHub/EcoVolts/EcoVolts/vendor/laravel/framework/src/Illuminate/Routing/Route.php(211): Illuminate/Routing/Route->runController()
#19 C:/Users/User/Documents/GitHub/EcoVolts/EcoVolts/vendor/laravel/framework/src/Illuminate/Routing/Router.php(822): Illuminate/Routing/Route->run()
#20 C:/Users/User/Documents/GitHub/EcoVolts/EcoVolts/vendor/laravel/framework/src/Illuminate/Pipeline/Pipeline.php(180): Illuminate/Routing/Router->Illuminate/Routing/{closure}(Object(Illuminate/Http/Request))
#21 C:/Users/User/Documents/GitHub/EcoVolts/EcoVolts/vendor/laravel/framework/src/Illuminate/Auth/Middleware/RedirectIfAuthenticated.php(47): Illuminate/Pipeline/Pipeline->Illuminate/Pipeline/{closure}(Object(Illuminate/Http/Request))
#22 C:/Users/User/Documents/GitHub/EcoVolts/EcoVolts/vendor/laravel/framework/src/Illuminate/Pipeline/Pipeline.php(219): Illuminate/Auth/Middleware/RedirectIfAuthenticated->handle(Object(Illuminate/Http/Request), Object(Closure))
#23 C:/Users/User/Documents/GitHub/EcoVolts/EcoVolts/vendor/laravel/boost/src/Middleware/InjectBoost.php(22): Illuminate/Pipeline/Pipeline->Illuminate/Pipeline/{closure}(Object(Illuminate/Http/Request))
#24 C:/Users/User/Documents/GitHub/EcoVolts/EcoVolts/vendor/laravel/framework/src/Illuminate/Pipeline/Pipeline.php(219): Laravel/Boost/Middleware/InjectBoost->handle(Object(Illuminate/Http/Request), Object(Closure))
#25 C:/Users/User/Documents/GitHub/EcoVolts/EcoVolts/vendor/laravel/framework/src/Illuminate/Http/Middleware/AddLinkHeadersForPreloadedAssets.php(32): Illuminate/Pipeline/Pipeline->Illuminate/Pipeline/{closure}(Object(Illuminate/Http/Request))
#26 C:/Users/User/Documents/GitHub/EcoVolts/EcoVolts/vendor/laravel/framework/src/Illuminate/Pipeline/Pipeline.php(219): Illuminate/Http/Middleware/AddLinkHeadersForPreloadedAssets->handle(Object(Illuminate/Http/Request), Object(Closure))
#27 C:/Users/User/Documents/GitHub/EcoVolts/EcoVolts/vendor/inertiajs/inertia-laravel/src/Middleware.php(122): Illuminate/Pipeline/Pipeline->Illuminate/Pipeline/{closure}(Object(Illuminate/Http/Request))
#28 C:/Users/User/Documents/GitHub/EcoVolts/EcoVolts/vendor/laravel/framework/src/Illuminate/Pipeline/Pipeline.php(219): Inertia/Middleware->handle(Object(Illuminate/Http/Request), Object(Closure))
#29 C:/Users/User/Documents/GitHub/EcoVolts/EcoVolts/vendor/laravel/framework/src/Illuminate/Routing/Middleware/SubstituteBindings.php(50): Illuminate/Pipeline/Pipeline->Illuminate/Pipeline/{closure}(Object(Illuminate/Http/Request))
#30 C:/Users/User/Documents/GitHub/EcoVolts/EcoVolts/vendor/laravel/framework/src/Illuminate/Pipeline/Pipeline.php(219): Illuminate/Routing/Middleware/SubstituteBindings->handle(Object(Illuminate/Http/Request), Object(Closure))
#31 C:/Users/User/Documents/GitHub/EcoVolts/EcoVolts/vendor/laravel/framework/src/Illuminate/Foundation/Http/Middleware/VerifyCsrfToken.php(87): Illuminate/Pipeline/Pipeline->Illuminate/Pipeline/{closure}(Object(Illuminate/Http/Request))
#32 C:/Users/User/Documents/GitHub/EcoVolts/EcoVolts/vendor/laravel/framework/src/Illuminate/Pipeline/Pipeline.php(219): Illuminate/Foundation/Http/Middleware/VerifyCsrfToken->handle(Object(Illuminate/Http/Request), Object(Closure))
#33 C:/Users/User/Documents/GitHub/EcoVolts/EcoVolts/vendor/laravel/framework/src/Illuminate/View/Middleware/ShareErrorsFromSession.php(48): Illuminate/Pipeline/Pipeline->Illuminate/Pipeline/{closure}(Object(Illuminate/Http/Request))
#34 C:/Users/User/Documents/GitHub/EcoVolts/EcoVolts/vendor/laravel/framework/src/Illuminate/Pipeline/Pipeline.php(219): Illuminate/View/Middleware/ShareErrorsFromSession->handle(Object(Illuminate/Http/Request), Object(Closure))
#35 C:/Users/User/Documents/GitHub/EcoVolts/EcoVolts/vendor/laravel/framework/src/Illuminate/Session/Middleware/StartSession.php(120): Illuminate/Pipeline/Pipeline->Illuminate/Pipeline/{closure}(Object(Illuminate/Http/Request))
#36 C:/Users/User/Documents/GitHub/EcoVolts/EcoVolts/vendor/laravel/framework/src/Illuminate/Session/Middleware/StartSession.php(63): Illuminate/Session/Middleware/StartSession->handleStatefulRequest(Object(Illuminate/Http/Request), Object(Illuminate/Session/Store), Object(Closure))
#37 C:/Users/User/Documents/GitHub/EcoVolts/EcoVolts/vendor/laravel/framework/src/Illuminate/Pipeline/Pipeline.php(219): Illuminate/Session/Middleware/StartSession->handle(Object(Illuminate/Http/Request), Object(Closure))
#38 C:/Users/User/Documents/GitHub/EcoVolts/EcoVolts/vendor/laravel/framework/src/Illuminate/Cookie/Middleware/AddQueuedCookiesToResponse.php(36): Illuminate/Pipeline/Pipeline->Illuminate/Pipeline/{closure}(Object(Illuminate/Http/Request))
#39 C:/Users/User/Documents/GitHub/EcoVolts/EcoVolts/vendor/laravel/framework/src/Illuminate/Pipeline/Pipeline.php(219): Illuminate/Cookie/Middleware/AddQueuedCookiesToResponse->handle(Object(Illuminate/Http/Request), Object(Closure))
#40 C:/Users/User/Documents/GitHub/EcoVolts/EcoVolts/vendor/laravel/framework/src/Illuminate/Cookie/Middleware/EncryptCookies.php(74): Illuminate/Pipeline/Pipeline->Illuminate/Pipeline/{closure}(Object(Illuminate/Http/Request))
#41 C:/Users/User/Documents/GitHub/EcoVolts/EcoVolts/vendor/laravel/framework/src/Illuminate/Pipeline/Pipeline.php(219): Illuminate/Cookie/Middleware/EncryptCookies->handle(Object(Illuminate/Http/Request), Object(Closure))
#42 C:/Users/User/Documents/GitHub/EcoVolts/EcoVolts/vendor/laravel/framework/src/Illuminate/Pipeline/Pipeline.php(137): Illuminate/Pipeline/Pipeline->Illuminate/Pipeline/{closure}(Object(Illuminate/Http/Request))
#43 C:/Users/User/Documents/GitHub/EcoVolts/EcoVolts/vendor/laravel/framework/src/Illuminate/Routing/Router.php(821): Illuminate/Pipeline/Pipeline->then(Object(Closure))
#44 C:/Users/User/Documents/GitHub/EcoVolts/EcoVolts/vendor/laravel/framework/src/Illuminate/Routing/Router.php(800): Illuminate/Routing/Router->runRouteWithinStack(Object(Illuminate/Routing/Route), Object(Illuminate/Http/Request))
#45 C:/Users/User/Documents/GitHub/EcoVolts/EcoVolts/vendor/laravel/framework/src/Illuminate/Routing/Router.php(764): Illuminate/Routing/Router->runRoute(Object(Illuminate/Http/Request), Object(Illuminate/Routing/Route))
#46 C:/Users/User/Documents/GitHub/EcoVolts/EcoVolts/vendor/laravel/framework/src/Illuminate/Routing/Router.php(753): Illuminate/Routing/Router->dispatchToRoute(Object(Illuminate/Http/Request))
#47 C:/Users/User/Documents/GitHub/EcoVolts/EcoVolts/vendor/laravel/framework/src/Illuminate/Foundation/Http/Kernel.php(200): Illuminate/Routing/Router->dispatch(Object(Illuminate/Http/Request))
#48 C:/Users/User/Documents/GitHub/EcoVolts/EcoVolts/vendor/laravel/framework/src/Illuminate/Pipeline/Pipeline.php(180): Illuminate/Foundation/Http/Kernel->Illuminate/Foundation/Http/{closure}(Object(Illuminate/Http/Request))
#49 C:/Users/User/Documents/GitHub/EcoVolts/EcoVolts/vendor/laravel/framework/src/Illuminate/Foundation/Http/Middleware/TransformsRequest.php(21): Illuminate/Pipeline/Pipeline->Illuminate/Pipeline/{closure}(Object(Illuminate/Http/Request))
#50 C:/Users/User/Documents/GitHub/EcoVolts/EcoVolts/vendor/laravel/framework/src/Illuminate/Foundation/Http/Middleware/ConvertEmptyStringsToNull.php(31): Illuminate/Foundation/Http/Middleware/TransformsRequest->handle(Object(Illuminate/Http/Request), Object(Closure))
#51 C:/Users/User/Documents/GitHub/EcoVolts/EcoVolts/vendor/laravel/framework/src/Illuminate/Pipeline/Pipeline.php(219): Illuminate/Foundation/Http/Middleware/ConvertEmptyStringsToNull->handle(Object(Illuminate/Http/Request), Object(Closure))
#52 C:/Users/User/Documents/GitHub/EcoVolts/EcoVolts/vendor/laravel/framework/src/Illuminate/Foundation/Http/Middleware/TransformsRequest.php(21): Illuminate/Pipeline/Pipeline->Illuminate/Pipeline/{closure}(Object(Illuminate/Http/Request))
#53 C:/Users/User/Documents/GitHub/EcoVolts/EcoVolts/vendor/laravel/framework/src/Illuminate/Foundation/Http/Middleware/TrimStrings.php(51): Illuminate/Foundation/Http/Middleware/TransformsRequest->handle(Object(Illuminate/Http/Request), Object(Closure))
#54 C:/Users/User/Documents/GitHub/EcoVolts/EcoVolts/vendor/laravel/framework/src/Illuminate/Pipeline/Pipeline.php(219): Illuminate/Foundation/Http/Middleware/TrimStrings->handle(Object(Illuminate/Http/Request), Object(Closure))
#55 C:/Users/User/Documents/GitHub/EcoVolts/EcoVolts/vendor/laravel/framework/src/Illuminate/Http/Middleware/ValidatePostSize.php(27): Illuminate/Pipeline/Pipeline->Illuminate/Pipeline/{closure}(Object(Illuminate/Http/Request))
#56 C:/Users/User/Documents/GitHub/EcoVolts/EcoVolts/vendor/laravel/framework/src/Illuminate/Pipeline/Pipeline.php(219): Illuminate/Http/Middleware/ValidatePostSize->handle(Object(Illuminate/Http/Request), Object(Closure))
#57 C:/Users/User/Documents/GitHub/EcoVolts/EcoVolts/vendor/laravel/framework/src/Illuminate/Foundation/Http/Middleware/PreventRequestsDuringMaintenance.php(109): Illuminate/Pipeline/Pipeline->Illuminate/Pipeline/{closure}(Object(Illuminate/Http/Request))
#58 C:/Users/User/Documents/GitHub/EcoVolts/EcoVolts/vendor/laravel/framework/src/Illuminate/Pipeline/Pipeline.php(219): Illuminate/Foundation/Http/Middleware/PreventRequestsDuringMaintenance->handle(Object(Illuminate/Http/Request), Object(Closure))
#59 C:/Users/User/Documents/GitHub/EcoVolts/EcoVolts/vendor/laravel/framework/src/Illuminate/Http/Middleware/HandleCors.php(61): Illuminate/Pipeline/Pipeline->Illuminate/Pipeline/{closure}(Object(Illuminate/Http/Request))
#60 C:/Users/User/Documents/GitHub/EcoVolts/EcoVolts/vendor/laravel/framework/src/Illuminate/Pipeline/Pipeline.php(219): Illuminate/Http/Middleware/HandleCors->handle(Object(Illuminate/Http/Request), Object(Closure))
#61 C:/Users/User/Documents/GitHub/EcoVolts/EcoVolts/vendor/laravel/framework/src/Illuminate/Http/Middleware/TrustProxies.php(58): Illuminate/Pipeline/Pipeline->Illuminate/Pipeline/{closure}(Object(Illuminate/Http/Request))
#62 C:/Users/User/Documents/GitHub/EcoVolts/EcoVolts/vendor/laravel/framework/src/Illuminate/Pipeline/Pipeline.php(219): Illuminate/Http/Middleware/TrustProxies->handle(Object(Illuminate/Http/Request), Object(Closure))
#63 C:/Users/User/Documents/GitHub/EcoVolts/EcoVolts/vendor/laravel/framework/src/Illuminate/Foundation/Http/Middleware/InvokeDeferredCallbacks.php(22): Illuminate/Pipeline/Pipeline->Illuminate/Pipeline/{closure}(Object(Illuminate/Http/Request))
#64 C:/Users/User/Documents/GitHub/EcoVolts/EcoVolts/vendor/laravel/framework/src/Illuminate/Pipeline/Pipeline.php(219): Illuminate/Foundation/Http/Middleware/InvokeDeferredCallbacks->handle(Object(Illuminate/Http/Request), Object(Closure))
#65 C:/Users/User/Documents/GitHub/EcoVolts/EcoVolts/vendor/laravel/framework/src/Illuminate/Http/Middleware/ValidatePathEncoding.php(26): Illuminate/Pipeline/Pipeline->Illuminate/Pipeline/{closure}(Object(Illuminate/Http/Request))
#66 C:/Users/User/Documents/GitHub/EcoVolts/EcoVolts/vendor/laravel/framework/src/Illuminate/Pipeline/Pipeline.php(219): Illuminate/Http/Middleware/ValidatePathEncoding->handle(Object(Illuminate/Http/Request), Object(Closure))
#67 C:/Users/User/Documents/GitHub/EcoVolts/EcoVolts/vendor/laravel/framework/src/Illuminate/Pipeline/Pipeline.php(137): Illuminate/Pipeline/Pipeline->Illuminate/Pipeline/{closure}(Object(Illuminate/Http/Request))
#68 C:/Users/User/Documents/GitHub/EcoVolts/EcoVolts/vendor/laravel/framework/src/Illuminate/Foundation/Http/Kernel.php(175): Illuminate/Pipeline/Pipeline->then(Object(Closure))
#69 C:/Users/User/Documents/GitHub/EcoVolts/EcoVolts/vendor/laravel/framework/src/Illuminate/Foundation/Http/Kernel.php(144): Illuminate/Foundation/Http/Kernel->sendRequestThroughRouter(Object(Illuminate/Http/Request))
#70 C:/Users/User/Documents/GitHub/EcoVolts/EcoVolts/vendor/laravel/framework/src/Illuminate/Foundation/Application.php(1220): Illuminate/Foundation/Http/Kernel->handle(Object(Illuminate/Http/Request))
#71 C:/Users/User/Documents/GitHub/EcoVolts/EcoVolts/public/index.php(17): Illuminate/Foundation/Application->handleRequest(Object(Illuminate/Http/Request))
#72 C:/Users/User/Documents/GitHub/EcoVolts/EcoVolts/vendor/laravel/framework/src/Illuminate/Foundation/resources/server.php(23): require_once('C://Users//User//D...')
#73 {main}

[previous exception] [object] (PDOException(code: HY000): SQLSTATE[HY000]: General error: 1 table users has no column named cpf at C:/Users/User/Documents/GitHub/EcoVolts/EcoVolts/vendor/laravel/framework/src/Illuminate/Database/Connection.php:578)
[stacktrace]
#0 C:/Users/User/Documents/GitHub/EcoVolts/EcoVolts/vendor/laravel/framework/src/Illuminate/Database/Connection.php(578): PDO->prepare('insert into \"us...')
#1 C:/Users/User/Documents/GitHub/EcoVolts/EcoVolts/vendor/laravel/framework/src/Illuminate/Database/Connection.php(827): Illuminate/Database/Connection->Illuminate/Database/{closure}('insert into \"us...', Array)
#2 C:/Users/User/Documents/GitHub/EcoVolts/EcoVolts/vendor/laravel/framework/src/Illuminate/Database/Connection.php(794): Illuminate/Database/Connection->runQueryCallback('insert into \"us...', Array, Object(Closure))
#3 C:/Users/User/Documents/GitHub/EcoVolts/EcoVolts/vendor/laravel/framework/src/Illuminate/Database/Connection.php(573): Illuminate/Database/Connection->run('insert into \"us...', Array, Object(Closure))
#4 C:/Users/User/Documents/GitHub/EcoVolts/EcoVolts/vendor/laravel/framework/src/Illuminate/Database/Connection.php(537): Illuminate/Database/Connection->statement('insert into \"us...', Array)
#5 C:/Users/User/Documents/GitHub/EcoVolts/EcoVolts/vendor/laravel/framework/src/Illuminate/Database/Query/Processors/Processor.php(32): Illuminate/Database/Connection->insert('insert into \"us...', Array)
#6 C:/Users/User/Documents/GitHub/EcoVolts/EcoVolts/vendor/laravel/framework/src/Illuminate/Database/Query/Builder.php(4170): Illuminate/Database/Query/Processors/Processor->processInsertGetId(Object(Illuminate/Database/Query/Builder), 'insert into \"us...', Array, 'id')
#7 C:/Users/User/Documents/GitHub/EcoVolts/EcoVolts/vendor/laravel/framework/src/Illuminate/Database/Eloquent/Builder.php(2237): Illuminate/Database/Query/Builder->insertGetId(Array, 'id')
#8 C:/Users/User/Documents/GitHub/EcoVolts/EcoVolts/vendor/laravel/framework/src/Illuminate/Database/Eloquent/Model.php(1436): Illuminate/Database/Eloquent/Builder->__call('insertGetId', Array)
#9 C:/Users/User/Documents/GitHub/EcoVolts/EcoVolts/vendor/laravel/framework/src/Illuminate/Database/Eloquent/Model.php(1401): Illuminate/Database/Eloquent/Model->insertAndSetId(Object(Illuminate/Database/Eloquent/Builder), Array)
#10 C:/Users/User/Documents/GitHub/EcoVolts/EcoVolts/vendor/laravel/framework/src/Illuminate/Database/Eloquent/Model.php(1240): Illuminate/Database/Eloquent/Model->performInsert(Object(Illuminate/Database/Eloquent/Builder))
#11 C:/Users/User/Documents/GitHub/EcoVolts/EcoVolts/vendor/laravel/framework/src/Illuminate/Database/Eloquent/Builder.php(1219): Illuminate/Database/Eloquent/Model->save()
#12 C:/Users/User/Documents/GitHub/EcoVolts/EcoVolts/vendor/laravel/framework/src/Illuminate/Support/helpers.php(393): Illuminate/Database/Eloquent/Builder->Illuminate/Database/Eloquent/{closure}(Object(App/Models/User))
#13 C:/Users/User/Documents/GitHub/EcoVolts/EcoVolts/vendor/laravel/framework/src/Illuminate/Database/Eloquent/Builder.php(1218): tap(Object(App/Models/User), Object(Closure))
#14 C:/Users/User/Documents/GitHub/EcoVolts/EcoVolts/vendor/laravel/framework/src/Illuminate/Support/Traits/ForwardsCalls.php(23): Illuminate/Database/Eloquent/Builder->create(Array)
#15 C:/Users/User/Documents/GitHub/EcoVolts/EcoVolts/vendor/laravel/framework/src/Illuminate/Database/Eloquent/Model.php(2544): Illuminate/Database/Eloquent/Model->forwardCallTo(Object(Illuminate/Database/Eloquent/Builder), 'create', Array)
#16 C:/Users/User/Documents/GitHub/EcoVolts/EcoVolts/vendor/laravel/framework/src/Illuminate/Database/Eloquent/Model.php(2560): Illuminate/Database/Eloquent/Model->__call('create', Array)
#17 C:/Users/User/Documents/GitHub/EcoVolts/EcoVolts/app/Http/Controllers/Auth/RegisteredUserController.php(44): Illuminate/Database/Eloquent/Model::__callStatic('create', Array)
#18 C:/Users/User/Documents/GitHub/EcoVolts/EcoVolts/vendor/laravel/framework/src/Illuminate/Routing/ControllerDispatcher.php(46): App/Http/Controllers/Auth/RegisteredUserController->store(Object(Illuminate/Http/Request))
#19 C:/Users/User/Documents/GitHub/EcoVolts/EcoVolts/vendor/laravel/framework/src/Illuminate/Routing/Route.php(265): Illuminate/Routing/ControllerDispatcher->dispatch(Object(Illuminate/Routing/Route), Object(App/Http/Controllers/Auth/RegisteredUserController), 'store')
#20 C:/Users/User/Documents/GitHub/EcoVolts/EcoVolts/vendor/laravel/framework/src/Illuminate/Routing/Route.php(211): Illuminate/Routing/Route->runController()
#21 C:/Users/User/Documents/GitHub/EcoVolts/EcoVolts/vendor/laravel/framework/src/Illuminate/Routing/Router.php(822): Illuminate/Routing/Route->run()
#22 C:/Users/User/Documents/GitHub/EcoVolts/EcoVolts/vendor/laravel/framework/src/Illuminate/Pipeline/Pipeline.php(180): Illuminate/Routing/Router->Illuminate/Routing/{closure}(Object(Illuminate/Http/Request))
#23 C:/Users/User/Documents/GitHub/EcoVolts/EcoVolts/vendor/laravel/framework/src/Illuminate/Auth/Middleware/RedirectIfAuthenticated.php(47): Illuminate/Pipeline/Pipeline->Illuminate/Pipeline/{closure}(Object(Illuminate/Http/Request))
#24 C:/Users/User/Documents/GitHub/EcoVolts/EcoVolts/vendor/laravel/framework/src/Illuminate/Pipeline/Pipeline.php(219): Illuminate/Auth/Middleware/RedirectIfAuthenticated->handle(Object(Illuminate/Http/Request), Object(Closure))
#25 C:/Users/User/Documents/GitHub/EcoVolts/EcoVolts/vendor/laravel/boost/src/Middleware/InjectBoost.php(22): Illuminate/Pipeline/Pipeline->Illuminate/Pipeline/{closure}(Object(Illuminate/Http/Request))
#26 C:/Users/User/Documents/GitHub/EcoVolts/EcoVolts/vendor/laravel/framework/src/Illuminate/Pipeline/Pipeline.php(219): Laravel/Boost/Middleware/InjectBoost->handle(Object(Illuminate/Http/Request), Object(Closure))
#27 C:/Users/User/Documents/GitHub/EcoVolts/EcoVolts/vendor/laravel/framework/src/Illuminate/Http/Middleware/AddLinkHeadersForPreloadedAssets.php(32): Illuminate/Pipeline/Pipeline->Illuminate/Pipeline/{closure}(Object(Illuminate/Http/Request))
#28 C:/Users/User/Documents/GitHub/EcoVolts/EcoVolts/vendor/laravel/framework/src/Illuminate/Pipeline/Pipeline.php(219): Illuminate/Http/Middleware/AddLinkHeadersForPreloadedAssets->handle(Object(Illuminate/Http/Request), Object(Closure))
#29 C:/Users/User/Documents/GitHub/EcoVolts/EcoVolts/vendor/inertiajs/inertia-laravel/src/Middleware.php(122): Illuminate/Pipeline/Pipeline->Illuminate/Pipeline/{closure}(Object(Illuminate/Http/Request))
#30 C:/Users/User/Documents/GitHub/EcoVolts/EcoVolts/vendor/laravel/framework/src/Illuminate/Pipeline/Pipeline.php(219): Inertia/Middleware->handle(Object(Illuminate/Http/Request), Object(Closure))
#31 C:/Users/User/Documents/GitHub/EcoVolts/EcoVolts/vendor/laravel/framework/src/Illuminate/Routing/Middleware/SubstituteBindings.php(50): Illuminate/Pipeline/Pipeline->Illuminate/Pipeline/{closure}(Object(Illuminate/Http/Request))
#32 C:/Users/User/Documents/GitHub/EcoVolts/EcoVolts/vendor/laravel/framework/src/Illuminate/Pipeline/Pipeline.php(219): Illuminate/Routing/Middleware/SubstituteBindings->handle(Object(Illuminate/Http/Request), Object(Closure))
#33 C:/Users/User/Documents/GitHub/EcoVolts/EcoVolts/vendor/laravel/framework/src/Illuminate/Foundation/Http/Middleware/VerifyCsrfToken.php(87): Illuminate/Pipeline/Pipeline->Illuminate/Pipeline/{closure}(Object(Illuminate/Http/Request))
#34 C:/Users/User/Documents/GitHub/EcoVolts/EcoVolts/vendor/laravel/framework/src/Illuminate/Pipeline/Pipeline.php(219): Illuminate/Foundation/Http/Middleware/VerifyCsrfToken->handle(Object(Illuminate/Http/Request), Object(Closure))
#35 C:/Users/User/Documents/GitHub/EcoVolts/EcoVolts/vendor/laravel/framework/src/Illuminate/View/Middleware/ShareErrorsFromSession.php(48): Illuminate/Pipeline/Pipeline->Illuminate/Pipeline/{closure}(Object(Illuminate/Http/Request))
#36 C:/Users/User/Documents/GitHub/EcoVolts/EcoVolts/vendor/laravel/framework/src/Illuminate/Pipeline/Pipeline.php(219): Illuminate/View/Middleware/ShareErrorsFromSession->handle(Object(Illuminate/Http/Request), Object(Closure))
#37 C:/Users/User/Documents/GitHub/EcoVolts/EcoVolts/vendor/laravel/framework/src/Illuminate/Session/Middleware/StartSession.php(120): Illuminate/Pipeline/Pipeline->Illuminate/Pipeline/{closure}(Object(Illuminate/Http/Request))
#38 C:/Users/User/Documents/GitHub/EcoVolts/EcoVolts/vendor/laravel/framework/src/Illuminate/Session/Middleware/StartSession.php(63): Illuminate/Session/Middleware/StartSession->handleStatefulRequest(Object(Illuminate/Http/Request), Object(Illuminate/Session/Store), Object(Closure))
#39 C:/Users/User/Documents/GitHub/EcoVolts/EcoVolts/vendor/laravel/framework/src/Illuminate/Pipeline/Pipeline.php(219): Illuminate/Session/Middleware/StartSession->handle(Object(Illuminate/Http/Request), Object(Closure))
#40 C:/Users/User/Documents/GitHub/EcoVolts/EcoVolts/vendor/laravel/framework/src/Illuminate/Cookie/Middleware/AddQueuedCookiesToResponse.php(36): Illuminate/Pipeline/Pipeline->Illuminate/Pipeline/{closure}(Object(Illuminate/Http/Request))
#41 C:/Users/User/Documents/GitHub/EcoVolts/EcoVolts/vendor/laravel/framework/src/Illuminate/Pipeline/Pipeline.php(219): Illuminate/Cookie/Middleware/AddQueuedCookiesToResponse->handle(Object(Illuminate/Http/Request), Object(Closure))
#42 C:/Users/User/Documents/GitHub/EcoVolts/EcoVolts/vendor/laravel/framework/src/Illuminate/Cookie/Middleware/EncryptCookies.php(74): Illuminate/Pipeline/Pipeline->Illuminate/Pipeline/{closure}(Object(Illuminate/Http/Request))
#43 C:/Users/User/Documents/GitHub/EcoVolts/EcoVolts/vendor/laravel/framework/src/Illuminate/Pipeline/Pipeline.php(219): Illuminate/Cookie/Middleware/EncryptCookies->handle(Object(Illuminate/Http/Request), Object(Closure))
#44 C:/Users/User/Documents/GitHub/EcoVolts/EcoVolts/vendor/laravel/framework/src/Illuminate/Pipeline/Pipeline.php(137): Illuminate/Pipeline/Pipeline->Illuminate/Pipeline/{closure}(Object(Illuminate/Http/Request))
#45 C:/Users/User/Documents/GitHub/EcoVolts/EcoVolts/vendor/laravel/framework/src/Illuminate/Routing/Router.php(821): Illuminate/Pipeline/Pipeline->then(Object(Closure))
#46 C:/Users/User/Documents/GitHub/EcoVolts/EcoVolts/vendor/laravel/framework/src/Illuminate/Routing/Router.php(800): Illuminate/Routing/Router->runRouteWithinStack(Object(Illuminate/Routing/Route), Object(Illuminate/Http/Request))
#47 C:/Users/User/Documents/GitHub/EcoVolts/EcoVolts/vendor/laravel/framework/src/Illuminate/Routing/Router.php(764): Illuminate/Routing/Router->runRoute(Object(Illuminate/Http/Request), Object(Illuminate/Routing/Route))
#48 C:/Users/User/Documents/GitHub/EcoVolts/EcoVolts/vendor/laravel/framework/src/Illuminate/Routing/Router.php(753): Illuminate/Routing/Router->dispatchToRoute(Object(Illuminate/Http/Request))
#49 C:/Users/User/Documents/GitHub/EcoVolts/EcoVolts/vendor/laravel/framework/src/Illuminate/Foundation/Http/Kernel.php(200): Illuminate/Routing/Router->dispatch(Object(Illuminate/Http/Request))
#50 C:/Users/User/Documents/GitHub/EcoVolts/EcoVolts/vendor/laravel/framework/src/Illuminate/Pipeline/Pipeline.php(180): Illuminate/Foundation/Http/Kernel->Illuminate/Foundation/Http/{closure}(Object(Illuminate/Http/Request))
#51 C:/Users/User/Documents/GitHub/EcoVolts/EcoVolts/vendor/laravel/framework/src/Illuminate/Foundation/Http/Middleware/TransformsRequest.php(21): Illuminate/Pipeline/Pipeline->Illuminate/Pipeline/{closure}(Object(Illuminate/Http/Request))
#52 C:/Users/User/Documents/GitHub/EcoVolts/EcoVolts/vendor/laravel/framework/src/Illuminate/Foundation/Http/Middleware/ConvertEmptyStringsToNull.php(31): Illuminate/Foundation/Http/Middleware/TransformsRequest->handle(Object(Illuminate/Http/Request), Object(Closure))
#53 C:/Users/User/Documents/GitHub/EcoVolts/EcoVolts/vendor/laravel/framework/src/Illuminate/Pipeline/Pipeline.php(219): Illuminate/Foundation/Http/Middleware/ConvertEmptyStringsToNull->handle(Object(Illuminate/Http/Request), Object(Closure))
#54 C:/Users/User/Documents/GitHub/EcoVolts/EcoVolts/vendor/laravel/framework/src/Illuminate/Foundation/Http/Middleware/TransformsRequest.php(21): Illuminate/Pipeline/Pipeline->Illuminate/Pipeline/{closure}(Object(Illuminate/Http/Request))
#55 C:/Users/User/Documents/GitHub/EcoVolts/EcoVolts/vendor/laravel/framework/src/Illuminate/Foundation/Http/Middleware/TrimStrings.php(51): Illuminate/Foundation/Http/Middleware/TransformsRequest->handle(Object(Illuminate/Http/Request), Object(Closure))
#56 C:/Users/User/Documents/GitHub/EcoVolts/EcoVolts/vendor/laravel/framework/src/Illuminate/Pipeline/Pipeline.php(219): Illuminate/Foundation/Http/Middleware/TrimStrings->handle(Object(Illuminate/Http/Request), Object(Closure))
#57 C:/Users/User/Documents/GitHub/EcoVolts/EcoVolts/vendor/laravel/framework/src/Illuminate/Http/Middleware/ValidatePostSize.php(27): Illuminate/Pipeline/Pipeline->Illuminate/Pipeline/{closure}(Object(Illuminate/Http/Request))
#58 C:/Users/User/Documents/GitHub/EcoVolts/EcoVolts/vendor/laravel/framework/src/Illuminate/Pipeline/Pipeline.php(219): Illuminate/Http/Middleware/ValidatePostSize->handle(Object(Illuminate/Http/Request), Object(Closure))
#59 C:/Users/User/Documents/GitHub/EcoVolts/EcoVolts/vendor/laravel/framework/src/Illuminate/Foundation/Http/Middleware/PreventRequestsDuringMaintenance.php(109): Illuminate/Pipeline/Pipeline->Illuminate/Pipeline/{closure}(Object(Illuminate/Http/Request))
#60 C:/Users/User/Documents/GitHub/EcoVolts/EcoVolts/vendor/laravel/framework/src/Illuminate/Pipeline/Pipeline.php(219): Illuminate/Foundation/Http/Middleware/PreventRequestsDuringMaintenance->handle(Object(Illuminate/Http/Request), Object(Closure))
#61 C:/Users/User/Documents/GitHub/EcoVolts/EcoVolts/vendor/laravel/framework/src/Illuminate/Http/Middleware/HandleCors.php(61): Illuminate/Pipeline/Pipeline->Illuminate/Pipeline/{closure}(Object(Illuminate/Http/Request))
#62 C:/Users/User/Documents/GitHub/EcoVolts/EcoVolts/vendor/laravel/framework/src/Illuminate/Pipeline/Pipeline.php(219): Illuminate/Http/Middleware/HandleCors->handle(Object(Illuminate/Http/Request), Object(Closure))
#63 C:/Users/User/Documents/GitHub/EcoVolts/EcoVolts/vendor/laravel/framework/src/Illuminate/Http/Middleware/TrustProxies.php(58): Illuminate/Pipeline/Pipeline->Illuminate/Pipeline/{closure}(Object(Illuminate/Http/Request))
#64 C:/Users/User/Documents/GitHub/EcoVolts/EcoVolts/vendor/laravel/framework/src/Illuminate/Pipeline/Pipeline.php(219): Illuminate/Http/Middleware/TrustProxies->handle(Object(Illuminate/Http/Request), Object(Closure))
#65 C:/Users/User/Documents/GitHub/EcoVolts/EcoVolts/vendor/laravel/framework/src/Illuminate/Foundation/Http/Middleware/InvokeDeferredCallbacks.php(22): Illuminate/Pipeline/Pipeline->Illuminate/Pipeline/{closure}(Object(Illuminate/Http/Request))
#66 C:/Users/User/Documents/GitHub/EcoVolts/EcoVolts/vendor/laravel/framework/src/Illuminate/Pipeline/Pipeline.php(219): Illuminate/Foundation/Http/Middleware/InvokeDeferredCallbacks->handle(Object(Illuminate/Http/Request), Object(Closure))
#67 C:/Users/User/Documents/GitHub/EcoVolts/EcoVolts/vendor/laravel/framework/src/Illuminate/Http/Middleware/ValidatePathEncoding.php(26): Illuminate/Pipeline/Pipeline->Illuminate/Pipeline/{closure}(Object(Illuminate/Http/Request))
#68 C:/Users/User/Documents/GitHub/EcoVolts/EcoVolts/vendor/laravel/framework/src/Illuminate/Pipeline/Pipeline.php(219): Illuminate/Http/Middleware/ValidatePathEncoding->handle(Object(Illuminate/Http/Request), Object(Closure))
#69 C:/Users/User/Documents/GitHub/EcoVolts/EcoVolts/vendor/laravel/framework/src/Illuminate/Pipeline/Pipeline.php(137): Illuminate/Pipeline/Pipeline->Illuminate/Pipeline/{closure}(Object(Illuminate/Http/Request))
#70 C:/Users/User/Documents/GitHub/EcoVolts/EcoVolts/vendor/laravel/framework/src/Illuminate/Foundation/Http/Kernel.php(175): Illuminate/Pipeline/Pipeline->then(Object(Closure))
#71 C:/Users/User/Documents/GitHub/EcoVolts/EcoVolts/vendor/laravel/framework/src/Illuminate/Foundation/Http/Kernel.php(144): Illuminate/Foundation/Http/Kernel->sendRequestThroughRouter(Object(Illuminate/Http/Request))
#72 C:/Users/User/Documents/GitHub/EcoVolts/EcoVolts/vendor/laravel/framework/src/Illuminate/Foundation/Application.php(1220): Illuminate/Foundation/Http/Kernel->handle(Object(Illuminate/Http/Request))
#73 C:/Users/User/Documents/GitHub/EcoVolts/EcoVolts/public/index.php(17): Illuminate/Foundation/Application->handleRequest(Object(Illuminate/Http/Request))
#74 C:/Users/User/Documents/GitHub/EcoVolts/EcoVolts/vendor/laravel/framework/src/Illuminate/Foundation/resources/server.php(23): require_once('C://Users//User//D...')
#75 {main}
"} 
[2026-09-09 17:45:23] local.ERROR: The [pcntl] extension is required to run Pail. {"exception":"[object] (RuntimeException(code: 0): The [pcntl] extension is required to run Pail. at C:/Users/User/Documents/GitHub/EcoVolts/EcoVolts/vendor/laravel/pail/src/Guards/EnsurePcntlIsAvailable.php:15)
[stacktrace]
#0 C:/Users/User/Documents/GitHub/EcoVolts/EcoVolts/vendor/laravel/pail/src/Console/Commands/PailCommand.php(46): Laravel/Pail/Guards/EnsurePcntlIsAvailable::check()
#1 C:/Users/User/Documents/GitHub/EcoVolts/EcoVolts/vendor/laravel/framework/src/Illuminate/Container/BoundMethod.php(36): Laravel/Pail/Console/Commands/PailCommand->handle(Object(Laravel/Pail/ProcessFactory))
#2 C:/Users/User/Documents/GitHub/EcoVolts/EcoVolts/vendor/laravel/framework/src/Illuminate/Container/Util.php(43): Illuminate/Container/BoundMethod::Illuminate/Container/{closure}()
#3 C:/Users/User/Documents/GitHub/EcoVolts/EcoVolts/vendor/laravel/framework/src/Illuminate/Container/BoundMethod.php(96): Illuminate/Container/Util::unwrapIfClosure(Object(Closure))
#4 C:/Users/User/Documents/GitHub/EcoVolts/EcoVolts/vendor/laravel/framework/src/Illuminate/Container/BoundMethod.php(35): Illuminate/Container/BoundMethod::callBoundMethod(Object(Illuminate/Foundation/Application), Array, Object(Closure))
#5 C:/Users/User/Documents/GitHub/EcoVolts/EcoVolts/vendor/laravel/framework/src/Illuminate/Container/Container.php(799): Illuminate/Container/BoundMethod::call(Object(Illuminate/Foundation/Application), Array, Array, NULL)
#6 C:/Users/User/Documents/GitHub/EcoVolts/EcoVolts/vendor/laravel/framework/src/Illuminate/Console/Command.php(211): Illuminate/Container/Container->call(Array)
#7 C:/Users/User/Documents/GitHub/EcoVolts/EcoVolts/vendor/symfony/console/Command/Command.php(341): Illuminate/Console/Command->execute(Object(Symfony/Component/Console/Input/ArgvInput), Object(Illuminate/Console/OutputStyle))
#8 C:/Users/User/Documents/GitHub/EcoVolts/EcoVolts/vendor/laravel/framework/src/Illuminate/Console/Command.php(180): Symfony/Component/Console/Command/Command->run(Object(Symfony/Component/Console/Input/ArgvInput), Object(Illuminate/Console/OutputStyle))
#9 C:/Users/User/Documents/GitHub/EcoVolts/EcoVolts/vendor/symfony/console/Application.php(1117): Illuminate/Console/Command->run(Object(Symfony/Component/Console/Input/ArgvInput), Object(Symfony/Component/Console/Output/ConsoleOutput))
#10 C:/Users/User/Documents/GitHub/EcoVolts/EcoVolts/vendor/symfony/console/Application.php(356): Symfony/Component/Console/Application->doRunCommand(Object(Laravel/Pail/Console/Commands/PailCommand), Object(Symfony/Component/Console/Input/ArgvInput), Object(Symfony/Component/Console/Output/ConsoleOutput))
#11 C:/Users/User/Documents/GitHub/EcoVolts/EcoVolts/vendor/symfony/console/Application.php(195): Symfony/Component/Console/Application->doRun(Object(Symfony/Component/Console/Input/ArgvInput), Object(Symfony/Component/Console/Output/ConsoleOutput))
#12 C:/Users/User/Documents/GitHub/EcoVolts/EcoVolts/vendor/laravel/framework/src/Illuminate/Foundation/Console/Kernel.php(198): Symfony/Component/Console/Application->run(Object(Symfony/Component/Console/Input/ArgvInput), Object(Symfony/Component/Console/Output/ConsoleOutput))
#13 C:/Users/User/Documents/GitHub/EcoVolts/EcoVolts/vendor/laravel/framework/src/Illuminate/Foundation/Application.php(1235): Illuminate/Foundation/Console/Kernel->handle(Object(Symfony/Component/Console/Input/ArgvInput), Object(Symfony/Component/Console/Output/ConsoleOutput))
#14 C:/Users/User/Documents/GitHub/EcoVolts/EcoVolts/artisan(13): Illuminate/Foundation/Application->handleCommand(Object(Symfony/Component/Console/Input/ArgvInput))
#15 {main}
"} 
[2026-09-10 00:34:57] local.ERROR: The [pcntl] extension is required to run Pail. {"exception":"[object] (RuntimeException(code: 0): The [pcntl] extension is required to run Pail. at C:/Users/User/Documents/GitHub/EcoVolts/EcoVolts/vendor/laravel/pail/src/Guards/EnsurePcntlIsAvailable.php:15)
[stacktrace]
#0 C:/Users/User/Documents/GitHub/EcoVolts/EcoVolts/vendor/laravel/pail/src/Console/Commands/PailCommand.php(46): Laravel/Pail/Guards/EnsurePcntlIsAvailable::check()
#1 C:/Users/User/Documents/GitHub/EcoVolts/EcoVolts/vendor/laravel/framework/src/Illuminate/Container/BoundMethod.php(36): Laravel/Pail/Console/Commands/PailCommand->handle(Object(Laravel/Pail/ProcessFactory))
#2 C:/Users/User/Documents/GitHub/EcoVolts/EcoVolts/vendor/laravel/framework/src/Illuminate/Container/Util.php(43): Illuminate/Container/BoundMethod::Illuminate/Container/{closure}()
#3 C:/Users/User/Documents/GitHub/EcoVolts/EcoVolts/vendor/laravel/framework/src/Illuminate/Container/BoundMethod.php(96): Illuminate/Container/Util::unwrapIfClosure(Object(Closure))
#4 C:/Users/User/Documents/GitHub/EcoVolts/EcoVolts/vendor/laravel/framework/src/Illuminate/Container/BoundMethod.php(35): Illuminate/Container/BoundMethod::callBoundMethod(Object(Illuminate/Foundation/Application), Array, Object(Closure))
#5 C:/Users/User/Documents/GitHub/EcoVolts/EcoVolts/vendor/laravel/framework/src/Illuminate/Container/Container.php(799): Illuminate/Container/BoundMethod::call(Object(Illuminate/Foundation/Application), Array, Array, NULL)
#6 C:/Users/User/Documents/GitHub/EcoVolts/EcoVolts/vendor/laravel/framework/src/Illuminate/Console/Command.php(211): Illuminate/Container/Container->call(Array)
#7 C:/Users/User/Documents/GitHub/EcoVolts/EcoVolts/vendor/symfony/console/Command/Command.php(341): Illuminate/Console/Command->execute(Object(Symfony/Component/Console/Input/ArgvInput), Object(Illuminate/Console/OutputStyle))
#8 C:/Users/User/Documents/GitHub/EcoVolts/EcoVolts/vendor/laravel/framework/src/Illuminate/Console/Command.php(180): Symfony/Component/Console/Command/Command->run(Object(Symfony/Component/Console/Input/ArgvInput), Object(Illuminate/Console/OutputStyle))
#9 C:/Users/User/Documents/GitHub/EcoVolts/EcoVolts/vendor/symfony/console/Application.php(1117): Illuminate/Console/Command->run(Object(Symfony/Component/Console/Input/ArgvInput), Object(Symfony/Component/Console/Output/ConsoleOutput))
#10 C:/Users/User/Documents/GitHub/EcoVolts/EcoVolts/vendor/symfony/console/Application.php(356): Symfony/Component/Console/Application->doRunCommand(Object(Laravel/Pail/Console/Commands/PailCommand), Object(Symfony/Component/Console/Input/ArgvInput), Object(Symfony/Component/Console/Output/ConsoleOutput))
#11 C:/Users/User/Documents/GitHub/EcoVolts/EcoVolts/vendor/symfony/console/Application.php(195): Symfony/Component/Console/Application->doRun(Object(Symfony/Component/Console/Input/ArgvInput), Object(Symfony/Component/Console/Output/ConsoleOutput))
#12 C:/Users/User/Documents/GitHub/EcoVolts/EcoVolts/vendor/laravel/framework/src/Illuminate/Foundation/Console/Kernel.php(198): Symfony/Component/Console/Application->run(Object(Symfony/Component/Console/Input/ArgvInput), Object(Symfony/Component/Console/Output/ConsoleOutput))
#13 C:/Users/User/Documents/GitHub/EcoVolts/EcoVolts/vendor/laravel/framework/src/Illuminate/Foundation/Application.php(1235): Illuminate/Foundation/Console/Kernel->handle(Object(Symfony/Component/Console/Input/ArgvInput), Object(Symfony/Component/Console/Output/ConsoleOutput))
#14 C:/Users/User/Documents/GitHub/EcoVolts/EcoVolts/artisan(13): Illuminate/Foundation/Application->handleCommand(Object(Symfony/Component/Console/Input/ArgvInput))
#15 {main}
"} 
[2026-09-10 00:36:28] local.ERROR: The [pcntl] extension is required to run Pail. {"exception":"[object] (RuntimeException(code: 0): The [pcntl] extension is required to run Pail. at C:/Users/User/Documents/GitHub/EcoVolts/EcoVolts/vendor/laravel/pail/src/Guards/EnsurePcntlIsAvailable.php:15)
[stacktrace]
#0 C:/Users/User/Documents/GitHub/EcoVolts/EcoVolts/vendor/laravel/pail/src/Console/Commands/PailCommand.php(46): Laravel/Pail/Guards/EnsurePcntlIsAvailable::check()
#1 C:/Users/User/Documents/GitHub/EcoVolts/EcoVolts/vendor/laravel/framework/src/Illuminate/Container/BoundMethod.php(36): Laravel/Pail/Console/Commands/PailCommand->handle(Object(Laravel/Pail/ProcessFactory))
#2 C:/Users/User/Documents/GitHub/EcoVolts/EcoVolts/vendor/laravel/framework/src/Illuminate/Container/Util.php(43): Illuminate/Container/BoundMethod::Illuminate/Container/{closure}()
#3 C:/Users/User/Documents/GitHub/EcoVolts/EcoVolts/vendor/laravel/framework/src/Illuminate/Container/BoundMethod.php(96): Illuminate/Container/Util::unwrapIfClosure(Object(Closure))
#4 C:/Users/User/Documents/GitHub/EcoVolts/EcoVolts/vendor/laravel/framework/src/Illuminate/Container/BoundMethod.php(35): Illuminate/Container/BoundMethod::callBoundMethod(Object(Illuminate/Foundation/Application), Array, Object(Closure))
#5 C:/Users/User/Documents/GitHub/EcoVolts/EcoVolts/vendor/laravel/framework/src/Illuminate/Container/Container.php(799): Illuminate/Container/BoundMethod::call(Object(Illuminate/Foundation/Application), Array, Array, NULL)
#6 C:/Users/User/Documents/GitHub/EcoVolts/EcoVolts/vendor/laravel/framework/src/Illuminate/Console/Command.php(211): Illuminate/Container/Container->call(Array)
#7 C:/Users/User/Documents/GitHub/EcoVolts/EcoVolts/vendor/symfony/console/Command/Command.php(341): Illuminate/Console/Command->execute(Object(Symfony/Component/Console/Input/ArgvInput), Object(Illuminate/Console/OutputStyle))
#8 C:/Users/User/Documents/GitHub/EcoVolts/EcoVolts/vendor/laravel/framework/src/Illuminate/Console/Command.php(180): Symfony/Component/Console/Command/Command->run(Object(Symfony/Component/Console/Input/ArgvInput), Object(Illuminate/Console/OutputStyle))
#9 C:/Users/User/Documents/GitHub/EcoVolts/EcoVolts/vendor/symfony/console/Application.php(1117): Illuminate/Console/Command->run(Object(Symfony/Component/Console/Input/ArgvInput), Object(Symfony/Component/Console/Output/ConsoleOutput))
#10 C:/Users/User/Documents/GitHub/EcoVolts/EcoVolts/vendor/symfony/console/Application.php(356): Symfony/Component/Console/Application->doRunCommand(Object(Laravel/Pail/Console/Commands/PailCommand), Object(Symfony/Component/Console/Input/ArgvInput), Object(Symfony/Component/Console/Output/ConsoleOutput))
#11 C:/Users/User/Documents/GitHub/EcoVolts/EcoVolts/vendor/symfony/console/Application.php(195): Symfony/Component/Console/Application->doRun(Object(Symfony/Component/Console/Input/ArgvInput), Object(Symfony/Component/Console/Output/ConsoleOutput))
#12 C:/Users/User/Documents/GitHub/EcoVolts/EcoVolts/vendor/laravel/framework/src/Illuminate/Foundation/Console/Kernel.php(198): Symfony/Component/Console/Application->run(Object(Symfony/Component/Console/Input/ArgvInput), Object(Symfony/Component/Console/Output/ConsoleOutput))
#13 C:/Users/User/Documents/GitHub/EcoVolts/EcoVolts/vendor/laravel/framework/src/Illuminate/Foundation/Application.php(1235): Illuminate/Foundation/Console/Kernel->handle(Object(Symfony/Component/Console/Input/ArgvInput), Object(Symfony/Component/Console/Output/ConsoleOutput))
#14 C:/Users/User/Documents/GitHub/EcoVolts/EcoVolts/artisan(13): Illuminate/Foundation/Application->handleCommand(Object(Symfony/Component/Console/Input/ArgvInput))
#15 {main}
"} 
[2026-09-12 21:18:50] local.ERROR: The [pcntl] extension is required to run Pail. {"exception":"[object] (RuntimeException(code: 0): The [pcntl] extension is required to run Pail. at C:/Users/User/Documents/GitHub/EcoVolts/EcoVolts/vendor/laravel/pail/src/Guards/EnsurePcntlIsAvailable.php:15)
[stacktrace]
#0 C:/Users/User/Documents/GitHub/EcoVolts/EcoVolts/vendor/laravel/pail/src/Console/Commands/PailCommand.php(46): Laravel/Pail/Guards/EnsurePcntlIsAvailable::check()
#1 C:/Users/User/Documents/GitHub/EcoVolts/EcoVolts/vendor/laravel/framework/src/Illuminate/Container/BoundMethod.php(36): Laravel/Pail/Console/Commands/PailCommand->handle(Object(Laravel/Pail/ProcessFactory))
#2 C:/Users/User/Documents/GitHub/EcoVolts/EcoVolts/vendor/laravel/framework/src/Illuminate/Container/Util.php(43): Illuminate/Container/BoundMethod::Illuminate/Container/{closure}()
#3 C:/Users/User/Documents/GitHub/EcoVolts/EcoVolts/vendor/laravel/framework/src/Illuminate/Container/BoundMethod.php(96): Illuminate/Container/Util::unwrapIfClosure(Object(Closure))
#4 C:/Users/User/Documents/GitHub/EcoVolts/EcoVolts/vendor/laravel/framework/src/Illuminate/Container/BoundMethod.php(35): Illuminate/Container/BoundMethod::callBoundMethod(Object(Illuminate/Foundation/Application), Array, Object(Closure))
#5 C:/Users/User/Documents/GitHub/EcoVolts/EcoVolts/vendor/laravel/framework/src/Illuminate/Container/Container.php(799): Illuminate/Container/BoundMethod::call(Object(Illuminate/Foundation/Application), Array, Array, NULL)
#6 C:/Users/User/Documents/GitHub/EcoVolts/EcoVolts/vendor/laravel/framework/src/Illuminate/Console/Command.php(211): Illuminate/Container/Container->call(Array)
#7 C:/Users/User/Documents/GitHub/EcoVolts/EcoVolts/vendor/symfony/console/Command/Command.php(341): Illuminate/Console/Command->execute(Object(Symfony/Component/Console/Input/ArgvInput), Object(Illuminate/Console/OutputStyle))
#8 C:/Users/User/Documents/GitHub/EcoVolts/EcoVolts/vendor/laravel/framework/src/Illuminate/Console/Command.php(180): Symfony/Component/Console/Command/Command->run(Object(Symfony/Component/Console/Input/ArgvInput), Object(Illuminate/Console/OutputStyle))
#9 C:/Users/User/Documents/GitHub/EcoVolts/EcoVolts/vendor/symfony/console/Application.php(1117): Illuminate/Console/Command->run(Object(Symfony/Component/Console/Input/ArgvInput), Object(Symfony/Component/Console/Output/ConsoleOutput))
#10 C:/Users/User/Documents/GitHub/EcoVolts/EcoVolts/vendor/symfony/console/Application.php(356): Symfony/Component/Console/Application->doRunCommand(Object(Laravel/Pail/Console/Commands/PailCommand), Object(Symfony/Component/Console/Input/ArgvInput), Object(Symfony/Component/Console/Output/ConsoleOutput))
#11 C:/Users/User/Documents/GitHub/EcoVolts/EcoVolts/vendor/symfony/console/Application.php(195): Symfony/Component/Console/Application->doRun(Object(Symfony/Component/Console/Input/ArgvInput), Object(Symfony/Component/Console/Output/ConsoleOutput))
#12 C:/Users/User/Documents/GitHub/EcoVolts/EcoVolts/vendor/laravel/framework/src/Illuminate/Foundation/Console/Kernel.php(198): Symfony/Component/Console/Application->run(Object(Symfony/Component/Console/Input/ArgvInput), Object(Symfony/Component/Console/Output/ConsoleOutput))
#13 C:/Users/User/Documents/GitHub/EcoVolts/EcoVolts/vendor/laravel/framework/src/Illuminate/Foundation/Application.php(1235): Illuminate/Foundation/Console/Kernel->handle(Object(Symfony/Component/Console/Input/ArgvInput), Object(Symfony/Component/Console/Output/ConsoleOutput))
#14 C:/Users/User/Documents/GitHub/EcoVolts/EcoVolts/artisan(13): Illuminate/Foundation/Application->handleCommand(Object(Symfony/Component/Console/Input/ArgvInput))
#15 {main}
"} 
[2026-09-12 21:23:42] local.ERROR: The [pcntl] extension is required to run Pail. {"exception":"[object] (RuntimeException(code: 0): The [pcntl] extension is required to run Pail. at C:/Users/User/Documents/GitHub/EcoVolts/EcoVolts/vendor/laravel/pail/src/Guards/EnsurePcntlIsAvailable.php:15)
[stacktrace]
#0 C:/Users/User/Documents/GitHub/EcoVolts/EcoVolts/vendor/laravel/pail/src/Console/Commands/PailCommand.php(46): Laravel/Pail/Guards/EnsurePcntlIsAvailable::check()
#1 C:/Users/User/Documents/GitHub/EcoVolts/EcoVolts/vendor/laravel/framework/src/Illuminate/Container/BoundMethod.php(36): Laravel/Pail/Console/Commands/PailCommand->handle(Object(Laravel/Pail/ProcessFactory))
#2 C:/Users/User/Documents/GitHub/EcoVolts/EcoVolts/vendor/laravel/framework/src/Illuminate/Container/Util.php(43): Illuminate/Container/BoundMethod::Illuminate/Container/{closure}()
#3 C:/Users/User/Documents/GitHub/EcoVolts/EcoVolts/vendor/laravel/framework/src/Illuminate/Container/BoundMethod.php(96): Illuminate/Container/Util::unwrapIfClosure(Object(Closure))
#4 C:/Users/User/Documents/GitHub/EcoVolts/EcoVolts/vendor/laravel/framework/src/Illuminate/Container/BoundMethod.php(35): Illuminate/Container/BoundMethod::callBoundMethod(Object(Illuminate/Foundation/Application), Array, Object(Closure))
#5 C:/Users/User/Documents/GitHub/EcoVolts/EcoVolts/vendor/laravel/framework/src/Illuminate/Container/Container.php(799): Illuminate/Container/BoundMethod::call(Object(Illuminate/Foundation/Application), Array, Array, NULL)
#6 C:/Users/User/Documents/GitHub/EcoVolts/EcoVolts/vendor/laravel/framework/src/Illuminate/Console/Command.php(211): Illuminate/Container/Container->call(Array)
#7 C:/Users/User/Documents/GitHub/EcoVolts/EcoVolts/vendor/symfony/console/Command/Command.php(341): Illuminate/Console/Command->execute(Object(Symfony/Component/Console/Input/ArgvInput), Object(Illuminate/Console/OutputStyle))
#8 C:/Users/User/Documents/GitHub/EcoVolts/EcoVolts/vendor/laravel/framework/src/Illuminate/Console/Command.php(180): Symfony/Component/Console/Command/Command->run(Object(Symfony/Component/Console/Input/ArgvInput), Object(Illuminate/Console/OutputStyle))
#9 C:/Users/User/Documents/GitHub/EcoVolts/EcoVolts/vendor/symfony/console/Application.php(1117): Illuminate/Console/Command->run(Object(Symfony/Component/Console/Input/ArgvInput), Object(Symfony/Component/Console/Output/ConsoleOutput))
#10 C:/Users/User/Documents/GitHub/EcoVolts/EcoVolts/vendor/symfony/console/Application.php(356): Symfony/Component/Console/Application->doRunCommand(Object(Laravel/Pail/Console/Commands/PailCommand), Object(Symfony/Component/Console/Input/ArgvInput), Object(Symfony/Component/Console/Output/ConsoleOutput))
#11 C:/Users/User/Documents/GitHub/EcoVolts/EcoVolts/vendor/symfony/console/Application.php(195): Symfony/Component/Console/Application->doRun(Object(Symfony/Component/Console/Input/ArgvInput), Object(Symfony/Component/Console/Output/ConsoleOutput))
#12 C:/Users/User/Documents/GitHub/EcoVolts/EcoVolts/vendor/laravel/framework/src/Illuminate/Foundation/Console/Kernel.php(198): Symfony/Component/Console/Application->run(Object(Symfony/Component/Console/Input/ArgvInput), Object(Symfony/Component/Console/Output/ConsoleOutput))
#13 C:/Users/User/Documents/GitHub/EcoVolts/EcoVolts/vendor/laravel/framework/src/Illuminate/Foundation/Application.php(1235): Illuminate/Foundation/Console/Kernel->handle(Object(Symfony/Component/Console/Input/ArgvInput), Object(Symfony/Component/Console/Output/ConsoleOutput))
#14 C:/Users/User/Documents/GitHub/EcoVolts/EcoVolts/artisan(13): Illuminate/Foundation/Application->handleCommand(Object(Symfony/Component/Console/Input/ArgvInput))
#15 {main}
"} 
[2026-09-13 00:21:06] local.ERROR: The [pcntl] extension is required to run Pail. {"exception":"[object] (RuntimeException(code: 0): The [pcntl] extension is required to run Pail. at C:/Users/User/Documents/GitHub/EcoVolts/EcoVolts/vendor/laravel/pail/src/Guards/EnsurePcntlIsAvailable.php:15)
[stacktrace]
#0 C:/Users/User/Documents/GitHub/EcoVolts/EcoVolts/vendor/laravel/pail/src/Console/Commands/PailCommand.php(46): Laravel/Pail/Guards/EnsurePcntlIsAvailable::check()
#1 C:/Users/User/Documents/GitHub/EcoVolts/EcoVolts/vendor/laravel/framework/src/Illuminate/Container/BoundMethod.php(36): Laravel/Pail/Console/Commands/PailCommand->handle(Object(Laravel/Pail/ProcessFactory))
#2 C:/Users/User/Documents/GitHub/EcoVolts/EcoVolts/vendor/laravel/framework/src/Illuminate/Container/Util.php(43): Illuminate/Container/BoundMethod::Illuminate/Container/{closure}()
#3 C:/Users/User/Documents/GitHub/EcoVolts/EcoVolts/vendor/laravel/framework/src/Illuminate/Container/BoundMethod.php(96): Illuminate/Container/Util::unwrapIfClosure(Object(Closure))
#4 C:/Users/User/Documents/GitHub/EcoVolts/EcoVolts/vendor/laravel/framework/src/Illuminate/Container/BoundMethod.php(35): Illuminate/Container/BoundMethod::callBoundMethod(Object(Illuminate/Foundation/Application), Array, Object(Closure))
#5 C:/Users/User/Documents/GitHub/EcoVolts/EcoVolts/vendor/laravel/framework/src/Illuminate/Container/Container.php(799): Illuminate/Container/BoundMethod::call(Object(Illuminate/Foundation/Application), Array, Array, NULL)
#6 C:/Users/User/Documents/GitHub/EcoVolts/EcoVolts/vendor/laravel/framework/src/Illuminate/Console/Command.php(211): Illuminate/Container/Container->call(Array)
#7 C:/Users/User/Documents/GitHub/EcoVolts/EcoVolts/vendor/symfony/console/Command/Command.php(341): Illuminate/Console/Command->execute(Object(Symfony/Component/Console/Input/ArgvInput), Object(Illuminate/Console/OutputStyle))
#8 C:/Users/User/Documents/GitHub/EcoVolts/EcoVolts/vendor/laravel/framework/src/Illuminate/Console/Command.php(180): Symfony/Component/Console/Command/Command->run(Object(Symfony/Component/Console/Input/ArgvInput), Object(Illuminate/Console/OutputStyle))
#9 C:/Users/User/Documents/GitHub/EcoVolts/EcoVolts/vendor/symfony/console/Application.php(1117): Illuminate/Console/Command->run(Object(Symfony/Component/Console/Input/ArgvInput), Object(Symfony/Component/Console/Output/ConsoleOutput))
#10 C:/Users/User/Documents/GitHub/EcoVolts/EcoVolts/vendor/symfony/console/Application.php(356): Symfony/Component/Console/Application->doRunCommand(Object(Laravel/Pail/Console/Commands/PailCommand), Object(Symfony/Component/Console/Input/ArgvInput), Object(Symfony/Component/Console/Output/ConsoleOutput))
#11 C:/Users/User/Documents/GitHub/EcoVolts/EcoVolts/vendor/symfony/console/Application.php(195): Symfony/Component/Console/Application->doRun(Object(Symfony/Component/Console/Input/ArgvInput), Object(Symfony/Component/Console/Output/ConsoleOutput))
#12 C:/Users/User/Documents/GitHub/EcoVolts/EcoVolts/vendor/laravel/framework/src/Illuminate/Foundation/Console/Kernel.php(198): Symfony/Component/Console/Application->run(Object(Symfony/Component/Console/Input/ArgvInput), Object(Symfony/Component/Console/Output/ConsoleOutput))
#13 C:/Users/User/Documents/GitHub/EcoVolts/EcoVolts/vendor/laravel/framework/src/Illuminate/Foundation/Application.php(1235): Illuminate/Foundation/Console/Kernel->handle(Object(Symfony/Component/Console/Input/ArgvInput), Object(Symfony/Component/Console/Output/ConsoleOutput))
#14 C:/Users/User/Documents/GitHub/EcoVolts/EcoVolts/artisan(13): Illuminate/Foundation/Application->handleCommand(Object(Symfony/Component/Console/Input/ArgvInput))
#15 {main}
"} 
[2026-09-13 02:52:03] local.ERROR: The [pcntl] extension is required to run Pail. {"exception":"[object] (RuntimeException(code: 0): The [pcntl] extension is required to run Pail. at C:/Users/User/Documents/GitHub/EcoVolts/EcoVolts/vendor/laravel/pail/src/Guards/EnsurePcntlIsAvailable.php:15)
[stacktrace]
#0 C:/Users/User/Documents/GitHub/EcoVolts/EcoVolts/vendor/laravel/pail/src/Console/Commands/PailCommand.php(46): Laravel/Pail/Guards/EnsurePcntlIsAvailable::check()
#1 C:/Users/User/Documents/GitHub/EcoVolts/EcoVolts/vendor/laravel/framework/src/Illuminate/Container/BoundMethod.php(36): Laravel/Pail/Console/Commands/PailCommand->handle(Object(Laravel/Pail/ProcessFactory))
#2 C:/Users/User/Documents/GitHub/EcoVolts/EcoVolts/vendor/laravel/framework/src/Illuminate/Container/Util.php(43): Illuminate/Container/BoundMethod::Illuminate/Container/{closure}()
#3 C:/Users/User/Documents/GitHub/EcoVolts/EcoVolts/vendor/laravel/framework/src/Illuminate/Container/BoundMethod.php(96): Illuminate/Container/Util::unwrapIfClosure(Object(Closure))
#4 C:/Users/User/Documents/GitHub/EcoVolts/EcoVolts/vendor/laravel/framework/src/Illuminate/Container/BoundMethod.php(35): Illuminate/Container/BoundMethod::callBoundMethod(Object(Illuminate/Foundation/Application), Array, Object(Closure))
#5 C:/Users/User/Documents/GitHub/EcoVolts/EcoVolts/vendor/laravel/framework/src/Illuminate/Container/Container.php(799): Illuminate/Container/BoundMethod::call(Object(Illuminate/Foundation/Application), Array, Array, NULL)
#6 C:/Users/User/Documents/GitHub/EcoVolts/EcoVolts/vendor/laravel/framework/src/Illuminate/Console/Command.php(211): Illuminate/Container/Container->call(Array)
#7 C:/Users/User/Documents/GitHub/EcoVolts/EcoVolts/vendor/symfony/console/Command/Command.php(341): Illuminate/Console/Command->execute(Object(Symfony/Component/Console/Input/ArgvInput), Object(Illuminate/Console/OutputStyle))
#8 C:/Users/User/Documents/GitHub/EcoVolts/EcoVolts/vendor/laravel/framework/src/Illuminate/Console/Command.php(180): Symfony/Component/Console/Command/Command->run(Object(Symfony/Component/Console/Input/ArgvInput), Object(Illuminate/Console/OutputStyle))
#9 C:/Users/User/Documents/GitHub/EcoVolts/EcoVolts/vendor/symfony/console/Application.php(1117): Illuminate/Console/Command->run(Object(Symfony/Component/Console/Input/ArgvInput), Object(Symfony/Component/Console/Output/ConsoleOutput))
#10 C:/Users/User/Documents/GitHub/EcoVolts/EcoVolts/vendor/symfony/console/Application.php(356): Symfony/Component/Console/Application->doRunCommand(Object(Laravel/Pail/Console/Commands/PailCommand), Object(Symfony/Component/Console/Input/ArgvInput), Object(Symfony/Component/Console/Output/ConsoleOutput))
#11 C:/Users/User/Documents/GitHub/EcoVolts/EcoVolts/vendor/symfony/console/Application.php(195): Symfony/Component/Console/Application->doRun(Object(Symfony/Component/Console/Input/ArgvInput), Object(Symfony/Component/Console/Output/ConsoleOutput))
#12 C:/Users/User/Documents/GitHub/EcoVolts/EcoVolts/vendor/laravel/framework/src/Illuminate/Foundation/Console/Kernel.php(198): Symfony/Component/Console/Application->run(Object(Symfony/Component/Console/Input/ArgvInput), Object(Symfony/Component/Console/Output/ConsoleOutput))
#13 C:/Users/User/Documents/GitHub/EcoVolts/EcoVolts/vendor/laravel/framework/src/Illuminate/Foundation/Application.php(1235): Illuminate/Foundation/Console/Kernel->handle(Object(Symfony/Component/Console/Input/ArgvInput), Object(Symfony/Component/Console/Output/ConsoleOutput))
#14 C:/Users/User/Documents/GitHub/EcoVolts/EcoVolts/artisan(13): Illuminate/Foundation/Application->handleCommand(Object(Symfony/Component/Console/Input/ArgvInput))
#15 {main}
"} 
[2026-09-13 03:00:31] local.ERROR: The [pcntl] extension is required to run Pail. {"exception":"[object] (RuntimeException(code: 0): The [pcntl] extension is required to run Pail. at C:/Users/User/Documents/GitHub/EcoVolts/EcoVolts/vendor/laravel/pail/src/Guards/EnsurePcntlIsAvailable.php:15)
[stacktrace]
#0 C:/Users/User/Documents/GitHub/EcoVolts/EcoVolts/vendor/laravel/pail/src/Console/Commands/PailCommand.php(46): Laravel/Pail/Guards/EnsurePcntlIsAvailable::check()
#1 C:/Users/User/Documents/GitHub/EcoVolts/EcoVolts/vendor/laravel/framework/src/Illuminate/Container/BoundMethod.php(36): Laravel/Pail/Console/Commands/PailCommand->handle(Object(Laravel/Pail/ProcessFactory))
#2 C:/Users/User/Documents/GitHub/EcoVolts/EcoVolts/vendor/laravel/framework/src/Illuminate/Container/Util.php(43): Illuminate/Container/BoundMethod::Illuminate/Container/{closure}()
#3 C:/Users/User/Documents/GitHub/EcoVolts/EcoVolts/vendor/laravel/framework/src/Illuminate/Container/BoundMethod.php(96): Illuminate/Container/Util::unwrapIfClosure(Object(Closure))
#4 C:/Users/User/Documents/GitHub/EcoVolts/EcoVolts/vendor/laravel/framework/src/Illuminate/Container/BoundMethod.php(35): Illuminate/Container/BoundMethod::callBoundMethod(Object(Illuminate/Foundation/Application), Array, Object(Closure))
#5 C:/Users/User/Documents/GitHub/EcoVolts/EcoVolts/vendor/laravel/framework/src/Illuminate/Container/Container.php(799): Illuminate/Container/BoundMethod::call(Object(Illuminate/Foundation/Application), Array, Array, NULL)
#6 C:/Users/User/Documents/GitHub/EcoVolts/EcoVolts/vendor/laravel/framework/src/Illuminate/Console/Command.php(211): Illuminate/Container/Container->call(Array)
#7 C:/Users/User/Documents/GitHub/EcoVolts/EcoVolts/vendor/symfony/console/Command/Command.php(341): Illuminate/Console/Command->execute(Object(Symfony/Component/Console/Input/ArgvInput), Object(Illuminate/Console/OutputStyle))
#8 C:/Users/User/Documents/GitHub/EcoVolts/EcoVolts/vendor/laravel/framework/src/Illuminate/Console/Command.php(180): Symfony/Component/Console/Command/Command->run(Object(Symfony/Component/Console/Input/ArgvInput), Object(Illuminate/Console/OutputStyle))
#9 C:/Users/User/Documents/GitHub/EcoVolts/EcoVolts/vendor/symfony/console/Application.php(1117): Illuminate/Console/Command->run(Object(Symfony/Component/Console/Input/ArgvInput), Object(Symfony/Component/Console/Output/ConsoleOutput))
#10 C:/Users/User/Documents/GitHub/EcoVolts/EcoVolts/vendor/symfony/console/Application.php(356): Symfony/Component/Console/Application->doRunCommand(Object(Laravel/Pail/Console/Commands/PailCommand), Object(Symfony/Component/Console/Input/ArgvInput), Object(Symfony/Component/Console/Output/ConsoleOutput))
#11 C:/Users/User/Documents/GitHub/EcoVolts/EcoVolts/vendor/symfony/console/Application.php(195): Symfony/Component/Console/Application->doRun(Object(Symfony/Component/Console/Input/ArgvInput), Object(Symfony/Component/Console/Output/ConsoleOutput))
#12 C:/Users/User/Documents/GitHub/EcoVolts/EcoVolts/vendor/laravel/framework/src/Illuminate/Foundation/Console/Kernel.php(198): Symfony/Component/Console/Application->run(Object(Symfony/Component/Console/Input/ArgvInput), Object(Symfony/Component/Console/Output/ConsoleOutput))
#13 C:/Users/User/Documents/GitHub/EcoVolts/EcoVolts/vendor/laravel/framework/src/Illuminate/Foundation/Application.php(1235): Illuminate/Foundation/Console/Kernel->handle(Object(Symfony/Component/Console/Input/ArgvInput), Object(Symfony/Component/Console/Output/ConsoleOutput))
#14 C:/Users/User/Documents/GitHub/EcoVolts/EcoVolts/artisan(13): Illuminate/Foundation/Application->handleCommand(Object(Symfony/Component/Console/Input/ArgvInput))
#15 {main}
"} 
[2026-09-13 03:46:58] local.ERROR: The [pcntl] extension is required to run Pail. {"exception":"[object] (RuntimeException(code: 0): The [pcntl] extension is required to run Pail. at C:/Users/User/Documents/GitHub/EcoVolts/EcoVolts/vendor/laravel/pail/src/Guards/EnsurePcntlIsAvailable.php:15)
[stacktrace]
#0 C:/Users/User/Documents/GitHub/EcoVolts/EcoVolts/vendor/laravel/pail/src/Console/Commands/PailCommand.php(46): Laravel/Pail/Guards/EnsurePcntlIsAvailable::check()
#1 C:/Users/User/Documents/GitHub/EcoVolts/EcoVolts/vendor/laravel/framework/src/Illuminate/Container/BoundMethod.php(36): Laravel/Pail/Console/Commands/PailCommand->handle(Object(Laravel/Pail/ProcessFactory))
#2 C:/Users/User/Documents/GitHub/EcoVolts/EcoVolts/vendor/laravel/framework/src/Illuminate/Container/Util.php(43): Illuminate/Container/BoundMethod::Illuminate/Container/{closure}()
#3 C:/Users/User/Documents/GitHub/EcoVolts/EcoVolts/vendor/laravel/framework/src/Illuminate/Container/BoundMethod.php(96): Illuminate/Container/Util::unwrapIfClosure(Object(Closure))
#4 C:/Users/User/Documents/GitHub/EcoVolts/EcoVolts/vendor/laravel/framework/src/Illuminate/Container/BoundMethod.php(35): Illuminate/Container/BoundMethod::callBoundMethod(Object(Illuminate/Foundation/Application), Array, Object(Closure))
#5 C:/Users/User/Documents/GitHub/EcoVolts/EcoVolts/vendor/laravel/framework/src/Illuminate/Container/Container.php(799): Illuminate/Container/BoundMethod::call(Object(Illuminate/Foundation/Application), Array, Array, NULL)
#6 C:/Users/User/Documents/GitHub/EcoVolts/EcoVolts/vendor/laravel/framework/src/Illuminate/Console/Command.php(211): Illuminate/Container/Container->call(Array)
#7 C:/Users/User/Documents/GitHub/EcoVolts/EcoVolts/vendor/symfony/console/Command/Command.php(341): Illuminate/Console/Command->execute(Object(Symfony/Component/Console/Input/ArgvInput), Object(Illuminate/Console/OutputStyle))
#8 C:/Users/User/Documents/GitHub/EcoVolts/EcoVolts/vendor/laravel/framework/src/Illuminate/Console/Command.php(180): Symfony/Component/Console/Command/Command->run(Object(Symfony/Component/Console/Input/ArgvInput), Object(Illuminate/Console/OutputStyle))
#9 C:/Users/User/Documents/GitHub/EcoVolts/EcoVolts/vendor/symfony/console/Application.php(1117): Illuminate/Console/Command->run(Object(Symfony/Component/Console/Input/ArgvInput), Object(Symfony/Component/Console/Output/ConsoleOutput))
#10 C:/Users/User/Documents/GitHub/EcoVolts/EcoVolts/vendor/symfony/console/Application.php(356): Symfony/Component/Console/Application->doRunCommand(Object(Laravel/Pail/Console/Commands/PailCommand), Object(Symfony/Component/Console/Input/ArgvInput), Object(Symfony/Component/Console/Output/ConsoleOutput))
#11 C:/Users/User/Documents/GitHub/EcoVolts/EcoVolts/vendor/symfony/console/Application.php(195): Symfony/Component/Console/Application->doRun(Object(Symfony/Component/Console/Input/ArgvInput), Object(Symfony/Component/Console/Output/ConsoleOutput))
#12 C:/Users/User/Documents/GitHub/EcoVolts/EcoVolts/vendor/laravel/framework/src/Illuminate/Foundation/Console/Kernel.php(198): Symfony/Component/Console/Application->run(Object(Symfony/Component/Console/Input/ArgvInput), Object(Symfony/Component/Console/Output/ConsoleOutput))
#13 C:/Users/User/Documents/GitHub/EcoVolts/EcoVolts/vendor/laravel/framework/src/Illuminate/Foundation/Application.php(1235): Illuminate/Foundation/Console/Kernel->handle(Object(Symfony/Component/Console/Input/ArgvInput), Object(Symfony/Component/Console/Output/ConsoleOutput))
#14 C:/Users/User/Documents/GitHub/EcoVolts/EcoVolts/artisan(13): Illuminate/Foundation/Application->handleCommand(Object(Symfony/Component/Console/Input/ArgvInput))
#15 {main}
"} 
[2026-09-13 17:58:56] local.ERROR: The [pcntl] extension is required to run Pail. {"exception":"[object] (RuntimeException(code: 0): The [pcntl] extension is required to run Pail. at C:/Users/User/Documents/GitHub/EcoVolts/EcoVolts/vendor/laravel/pail/src/Guards/EnsurePcntlIsAvailable.php:15)
[stacktrace]
#0 C:/Users/User/Documents/GitHub/EcoVolts/EcoVolts/vendor/laravel/pail/src/Console/Commands/PailCommand.php(46): Laravel/Pail/Guards/EnsurePcntlIsAvailable::check()
#1 C:/Users/User/Documents/GitHub/EcoVolts/EcoVolts/vendor/laravel/framework/src/Illuminate/Container/BoundMethod.php(36): Laravel/Pail/Console/Commands/PailCommand->handle(Object(Laravel/Pail/ProcessFactory))
#2 C:/Users/User/Documents/GitHub/EcoVolts/EcoVolts/vendor/laravel/framework/src/Illuminate/Container/Util.php(43): Illuminate/Container/BoundMethod::Illuminate/Container/{closure}()
#3 C:/Users/User/Documents/GitHub/EcoVolts/EcoVolts/vendor/laravel/framework/src/Illuminate/Container/BoundMethod.php(96): Illuminate/Container/Util::unwrapIfClosure(Object(Closure))
#4 C:/Users/User/Documents/GitHub/EcoVolts/EcoVolts/vendor/laravel/framework/src/Illuminate/Container/BoundMethod.php(35): Illuminate/Container/BoundMethod::callBoundMethod(Object(Illuminate/Foundation/Application), Array, Object(Closure))
#5 C:/Users/User/Documents/GitHub/EcoVolts/EcoVolts/vendor/laravel/framework/src/Illuminate/Container/Container.php(799): Illuminate/Container/BoundMethod::call(Object(Illuminate/Foundation/Application), Array, Array, NULL)
#6 C:/Users/User/Documents/GitHub/EcoVolts/EcoVolts/vendor/laravel/framework/src/Illuminate/Console/Command.php(211): Illuminate/Container/Container->call(Array)
#7 C:/Users/User/Documents/GitHub/EcoVolts/EcoVolts/vendor/symfony/console/Command/Command.php(341): Illuminate/Console/Command->execute(Object(Symfony/Component/Console/Input/ArgvInput), Object(Illuminate/Console/OutputStyle))
#8 C:/Users/User/Documents/GitHub/EcoVolts/EcoVolts/vendor/laravel/framework/src/Illuminate/Console/Command.php(180): Symfony/Component/Console/Command/Command->run(Object(Symfony/Component/Console/Input/ArgvInput), Object(Illuminate/Console/OutputStyle))
#9 C:/Users/User/Documents/GitHub/EcoVolts/EcoVolts/vendor/symfony/console/Application.php(1117): Illuminate/Console/Command->run(Object(Symfony/Component/Console/Input/ArgvInput), Object(Symfony/Component/Console/Output/ConsoleOutput))
#10 C:/Users/User/Documents/GitHub/EcoVolts/EcoVolts/vendor/symfony/console/Application.php(356): Symfony/Component/Console/Application->doRunCommand(Object(Laravel/Pail/Console/Commands/PailCommand), Object(Symfony/Component/Console/Input/ArgvInput), Object(Symfony/Component/Console/Output/ConsoleOutput))
#11 C:/Users/User/Documents/GitHub/EcoVolts/EcoVolts/vendor/symfony/console/Application.php(195): Symfony/Component/Console/Application->doRun(Object(Symfony/Component/Console/Input/ArgvInput), Object(Symfony/Component/Console/Output/ConsoleOutput))
#12 C:/Users/User/Documents/GitHub/EcoVolts/EcoVolts/vendor/laravel/framework/src/Illuminate/Foundation/Console/Kernel.php(198): Symfony/Component/Console/Application->run(Object(Symfony/Component/Console/Input/ArgvInput), Object(Symfony/Component/Console/Output/ConsoleOutput))
#13 C:/Users/User/Documents/GitHub/EcoVolts/EcoVolts/vendor/laravel/framework/src/Illuminate/Foundation/Application.php(1235): Illuminate/Foundation/Console/Kernel->handle(Object(Symfony/Component/Console/Input/ArgvInput), Object(Symfony/Component/Console/Output/ConsoleOutput))
#14 C:/Users/User/Documents/GitHub/EcoVolts/EcoVolts/artisan(13): Illuminate/Foundation/Application->handleCommand(Object(Symfony/Component/Console/Input/ArgvInput))
#15 {main}
"} 
[2026-09-14 00:57:36] local.ERROR: The [pcntl] extension is required to run Pail. {"exception":"[object] (RuntimeException(code: 0): The [pcntl] extension is required to run Pail. at C:/Users/User/Documents/GitHub/EcoVolts/EcoVolts/vendor/laravel/pail/src/Guards/EnsurePcntlIsAvailable.php:15)
[stacktrace]
#0 C:/Users/User/Documents/GitHub/EcoVolts/EcoVolts/vendor/laravel/pail/src/Console/Commands/PailCommand.php(46): Laravel/Pail/Guards/EnsurePcntlIsAvailable::check()
#1 C:/Users/User/Documents/GitHub/EcoVolts/EcoVolts/vendor/laravel/framework/src/Illuminate/Container/BoundMethod.php(36): Laravel/Pail/Console/Commands/PailCommand->handle(Object(Laravel/Pail/ProcessFactory))
#2 C:/Users/User/Documents/GitHub/EcoVolts/EcoVolts/vendor/laravel/framework/src/Illuminate/Container/Util.php(43): Illuminate/Container/BoundMethod::Illuminate/Container/{closure}()
#3 C:/Users/User/Documents/GitHub/EcoVolts/EcoVolts/vendor/laravel/framework/src/Illuminate/Container/BoundMethod.php(96): Illuminate/Container/Util::unwrapIfClosure(Object(Closure))
#4 C:/Users/User/Documents/GitHub/EcoVolts/EcoVolts/vendor/laravel/framework/src/Illuminate/Container/BoundMethod.php(35): Illuminate/Container/BoundMethod::callBoundMethod(Object(Illuminate/Foundation/Application), Array, Object(Closure))
#5 C:/Users/User/Documents/GitHub/EcoVolts/EcoVolts/vendor/laravel/framework/src/Illuminate/Container/Container.php(799): Illuminate/Container/BoundMethod::call(Object(Illuminate/Foundation/Application), Array, Array, NULL)
#6 C:/Users/User/Documents/GitHub/EcoVolts/EcoVolts/vendor/laravel/framework/src/Illuminate/Console/Command.php(211): Illuminate/Container/Container->call(Array)
#7 C:/Users/User/Documents/GitHub/EcoVolts/EcoVolts/vendor/symfony/console/Command/Command.php(341): Illuminate/Console/Command->execute(Object(Symfony/Component/Console/Input/ArgvInput), Object(Illuminate/Console/OutputStyle))
#8 C:/Users/User/Documents/GitHub/EcoVolts/EcoVolts/vendor/laravel/framework/src/Illuminate/Console/Command.php(180): Symfony/Component/Console/Command/Command->run(Object(Symfony/Component/Console/Input/ArgvInput), Object(Illuminate/Console/OutputStyle))
#9 C:/Users/User/Documents/GitHub/EcoVolts/EcoVolts/vendor/symfony/console/Application.php(1117): Illuminate/Console/Command->run(Object(Symfony/Component/Console/Input/ArgvInput), Object(Symfony/Component/Console/Output/ConsoleOutput))
#10 C:/Users/User/Documents/GitHub/EcoVolts/EcoVolts/vendor/symfony/console/Application.php(356): Symfony/Component/Console/Application->doRunCommand(Object(Laravel/Pail/Console/Commands/PailCommand), Object(Symfony/Component/Console/Input/ArgvInput), Object(Symfony/Component/Console/Output/ConsoleOutput))
#11 C:/Users/User/Documents/GitHub/EcoVolts/EcoVolts/vendor/symfony/console/Application.php(195): Symfony/Component/Console/Application->doRun(Object(Symfony/Component/Console/Input/ArgvInput), Object(Symfony/Component/Console/Output/ConsoleOutput))
#12 C:/Users/User/Documents/GitHub/EcoVolts/EcoVolts/vendor/laravel/framework/src/Illuminate/Foundation/Console/Kernel.php(198): Symfony/Component/Console/Application->run(Object(Symfony/Component/Console/Input/ArgvInput), Object(Symfony/Component/Console/Output/ConsoleOutput))
#13 C:/Users/User/Documents/GitHub/EcoVolts/EcoVolts/vendor/laravel/framework/src/Illuminate/Foundation/Application.php(1235): Illuminate/Foundation/Console/Kernel->handle(Object(Symfony/Component/Console/Input/ArgvInput), Object(Symfony/Component/Console/Output/ConsoleOutput))
#14 C:/Users/User/Documents/GitHub/EcoVolts/EcoVolts/artisan(13): Illuminate/Foundation/Application->handleCommand(Object(Symfony/Component/Console/Input/ArgvInput))
#15 {main}
"} 
[2026-09-16 22:26:23] local.ERROR: The [pcntl] extension is required to run Pail. {"exception":"[object] (RuntimeException(code: 0): The [pcntl] extension is required to run Pail. at C:/Users/User/Documents/GitHub/EcoVolts/EcoVolts/vendor/laravel/pail/src/Guards/EnsurePcntlIsAvailable.php:15)
[stacktrace]
#0 C:/Users/User/Documents/GitHub/EcoVolts/EcoVolts/vendor/laravel/pail/src/Console/Commands/PailCommand.php(46): Laravel/Pail/Guards/EnsurePcntlIsAvailable::check()
#1 C:/Users/User/Documents/GitHub/EcoVolts/EcoVolts/vendor/laravel/framework/src/Illuminate/Container/BoundMethod.php(36): Laravel/Pail/Console/Commands/PailCommand->handle(Object(Laravel/Pail/ProcessFactory))
#2 C:/Users/User/Documents/GitHub/EcoVolts/EcoVolts/vendor/laravel/framework/src/Illuminate/Container/Util.php(43): Illuminate/Container/BoundMethod::Illuminate/Container/{closure}()
#3 C:/Users/User/Documents/GitHub/EcoVolts/EcoVolts/vendor/laravel/framework/src/Illuminate/Container/BoundMethod.php(96): Illuminate/Container/Util::unwrapIfClosure(Object(Closure))
#4 C:/Users/User/Documents/GitHub/EcoVolts/EcoVolts/vendor/laravel/framework/src/Illuminate/Container/BoundMethod.php(35): Illuminate/Container/BoundMethod::callBoundMethod(Object(Illuminate/Foundation/Application), Array, Object(Closure))
#5 C:/Users/User/Documents/GitHub/EcoVolts/EcoVolts/vendor/laravel/framework/src/Illuminate/Container/Container.php(799): Illuminate/Container/BoundMethod::call(Object(Illuminate/Foundation/Application), Array, Array, NULL)
#6 C:/Users/User/Documents/GitHub/EcoVolts/EcoVolts/vendor/laravel/framework/src/Illuminate/Console/Command.php(211): Illuminate/Container/Container->call(Array)
#7 C:/Users/User/Documents/GitHub/EcoVolts/EcoVolts/vendor/symfony/console/Command/Command.php(341): Illuminate/Console/Command->execute(Object(Symfony/Component/Console/Input/ArgvInput), Object(Illuminate/Console/OutputStyle))
#8 C:/Users/User/Documents/GitHub/EcoVolts/EcoVolts/vendor/laravel/framework/src/Illuminate/Console/Command.php(180): Symfony/Component/Console/Command/Command->run(Object(Symfony/Component/Console/Input/ArgvInput), Object(Illuminate/Console/OutputStyle))
#9 C:/Users/User/Documents/GitHub/EcoVolts/EcoVolts/vendor/symfony/console/Application.php(1117): Illuminate/Console/Command->run(Object(Symfony/Component/Console/Input/ArgvInput), Object(Symfony/Component/Console/Output/ConsoleOutput))
#10 C:/Users/User/Documents/GitHub/EcoVolts/EcoVolts/vendor/symfony/console/Application.php(356): Symfony/Component/Console/Application->doRunCommand(Object(Laravel/Pail/Console/Commands/PailCommand), Object(Symfony/Component/Console/Input/ArgvInput), Object(Symfony/Component/Console/Output/ConsoleOutput))
#11 C:/Users/User/Documents/GitHub/EcoVolts/EcoVolts/vendor/symfony/console/Application.php(195): Symfony/Component/Console/Application->doRun(Object(Symfony/Component/Console/Input/ArgvInput), Object(Symfony/Component/Console/Output/ConsoleOutput))
#12 C:/Users/User/Documents/GitHub/EcoVolts/EcoVolts/vendor/laravel/framework/src/Illuminate/Foundation/Console/Kernel.php(198): Symfony/Component/Console/Application->run(Object(Symfony/Component/Console/Input/ArgvInput), Object(Symfony/Component/Console/Output/ConsoleOutput))
#13 C:/Users/User/Documents/GitHub/EcoVolts/EcoVolts/vendor/laravel/framework/src/Illuminate/Foundation/Application.php(1235): Illuminate/Foundation/Console/Kernel->handle(Object(Symfony/Component/Console/Input/ArgvInput), Object(Symfony/Component/Console/Output/ConsoleOutput))
#14 C:/Users/User/Documents/GitHub/EcoVolts/EcoVolts/artisan(13): Illuminate/Foundation/Application->handleCommand(Object(Symfony/Component/Console/Input/ArgvInput))
#15 {main}
"} 
